osmid,y,x,street_count,dc,cc,nbc,vul,highway,ref,geometry
42422509,40.7381466,-73.9736517,3,0.0049833887043189366,0.0037375415282392024,0.001921431810608017,0.0011840100090800244,,,POINT (-73.9736517 40.7381466)
42422899,40.7456883,-73.9721236,4,0.006644518272425249,0.0640567376944902,0.016956503331068594,0.0006415120670190651,traffic_signals,,POINT (-73.9721236 40.7456883)
42423020,40.7460792,-73.9749383,5,0.008305647840531562,0.06940324238586632,0.04345754221379039,0.0031274962114009714,traffic_signals,,POINT (-73.9749383 40.7460792)
42423774,40.738339,-73.9738156,3,0.0049833887043189366,0.058159181195904894,0.011766829313689178,0.0006330017640121911,,,POINT (-73.9738156 40.738339)
42423832,40.7587817,-73.998505,3,0.0049833887043189366,0.053179759746615624,0.0010012960707544939,1.8728547814305614e-05,,,POINT (-73.998505 40.7587817)
42423836,40.7593876,-73.9969538,3,0.0049833887043189366,0.05546725487839705,0.011517065714891065,0.00025984531677172406,,,POINT (-73.9969538 40.7593876)
42423847,40.7588687,-73.9992001,3,0.0049833887043189366,0.05766844099839988,0.001627962255598366,0.002187959399581059,,,POINT (-73.9992001 40.7588687)
42423885,40.7577433,-73.9968456,4,0.006644518272425249,0.0628290835080334,0.01814562309559462,0.002128202981315404,traffic_signals,,POINT (-73.9968456 40.7577433)
42424789,40.7576654,-73.9948115,4,0.006644518272425249,0.058367466404321625,0.026462998645414366,0.003424457439931411,traffic_signals,,POINT (-73.9948115 40.7576654)
42426816,40.7472955,-73.9758273,4,0.006644518272425249,0.05692298664498905,0.005842591008812689,0.00041016690058472377,traffic_signals,,POINT (-73.9758273 40.7472955)
42426851,40.74693,-73.9692725,3,0.0033222591362126247,0.05465937611819042,0.016191189166862123,0.00012711115066670902,,,POINT (-73.9692725 40.74693)
42426865,40.7374172,-73.974504,3,0.0033222591362126247,0.054933094103373964,0.0117530096001442,2.802205741231185e-05,motorway_junction,7,POINT (-73.974504 40.7374172)
42426875,40.7369776,-73.9749044,3,0.0049833887043189366,0.05410977510618813,0.004625132111178023,0.00017274117861414473,,,POINT (-73.9749044 40.7369776)
42427369,40.7396792,-73.9909583,4,0.006644518272425249,0.05211266665169334,0.019013724304508105,-8.845784071478456e-05,traffic_signals,,POINT (-73.9909583 40.7396792)
42427371,40.7410305,-73.9941671,4,0.006644518272425249,0.04845610339529691,0.041928556332036286,-7.233662382157044e-05,traffic_signals,,POINT (-73.9941671 40.7410305)
42427374,40.742228,-73.997007,4,0.006644518272425249,0.050134052484569806,0.02313094887735007,2.9485328303377522e-05,traffic_signals,,POINT (-73.997007 40.742228)
42427381,40.7434264,-73.9998513,4,0.0049833887043189366,0.04415397857182717,0.007478110318433598,-0.00044000743055036296,traffic_signals,,POINT (-73.9998513 40.7434264)
42427423,40.7435682,-73.9923179,4,0.006644518272425249,0.056888924819929715,0.05229074137082489,0.000397438369336223,traffic_signals,,POINT (-73.9923179 40.7435682)
42427426,40.744765,-73.9951595,4,0.006644518272425249,0.05666851273290634,0.028137435312652788,0.00022074612758807294,traffic_signals,,POINT (-73.9951595 40.744765)
42427427,40.7459612,-73.998,4,0.006644518272425249,0.05438837234643738,0.02380829310753601,0.00012124466974027055,traffic_signals,,POINT (-73.998 40.7459612)
42427477,40.7471747,-74.0008813,4,0.0049833887043189366,0.054290020859373296,0.010593664385595104,-6.823183329095797e-05,traffic_signals,,POINT (-74.0008813 40.7471747)
42427786,40.745301,-73.986846,4,0.006644518272425249,0.07045766417606661,0.05640296680721156,0.001028927792624374,traffic_signals,,POINT (-73.986846 40.745301)
42427787,40.7460483,-73.9886101,4,0.006644518272425249,0.06792394012496251,0.015165059414037826,0.0005060482888372298,traffic_signals,,POINT (-73.9886101 40.7460483)
42427797,40.7466658,-73.9900676,4,0.006644518272425249,0.06616694689356632,0.03835896066569845,0.0008778535469841225,traffic_signals,,POINT (-73.9900676 40.7466658)
42427805,40.7478717,-73.9929242,4,0.006644518272425249,0.06760996197338334,0.0479401268730624,0.000624649920048271,traffic_signals,,POINT (-73.9929242 40.7478717)
42427812,40.7490537,-73.9957298,4,0.006644518272425249,0.06396336052583934,0.05284154324999728,0.0007084309099856762,traffic_signals,,POINT (-73.9957298 40.7490537)
42427821,40.7514485,-74.0014254,4,0.0033222591362126247,0.058661584653376724,0.01043111069466623,0.0003497903364488386,traffic_signals,,POINT (-74.0014254 40.7514485)
42428170,40.7371276,-73.9903368,3,0.0049833887043189366,0.04758302045123751,0.010348433901691245,-0.0003377584290488729,traffic_signals,,POINT (-73.9903368 40.7371276)
42428174,40.7378047,-73.9901393,4,0.006644518272425249,0.04988414946824969,0.016028141257917652,-0.00024392561461407546,traffic_signals,,POINT (-73.9901393 40.7378047)
42428179,40.7384929,-73.9899534,4,0.006644518272425249,0.05203660364618092,0.024799608201273873,5.1993025247628215e-05,traffic_signals,,POINT (-73.9899534 40.7384929)
42428183,40.7391754,-73.9897504,4,0.006644518272425249,0.05445587104242818,0.027162877279507017,0.0002339463968790834,traffic_signals,,POINT (-73.9897504 40.7391754)
42428192,40.7398661,-73.9895652,4,0.006644518272425249,0.05682658389813063,0.04082109900294154,0.00048237141281288803,traffic_signals,,POINT (-73.9895652 40.7398661)
42428198,40.7406183,-73.9894381,4,0.006644518272425249,0.05893431647581726,0.0490068308541163,0.0022654346117033167,traffic_signals,,POINT (-73.9894381 40.7406183)
42428201,40.7413643,-73.9891378,4,0.009966777408637873,0.06203645994229856,0.06999790341693275,0.004358728969833654,traffic_signals,,POINT (-73.9891378 40.7413643)
42428206,40.7422186,-73.9891071,3,0.0049833887043189366,0.05660103682967209,0.002235315753790624,-4.3462565510783395e-05,traffic_signals,,POINT (-73.9891071 40.7422186)
42428212,40.7430428,-73.9891631,3,0.0049833887043189366,0.05438837234643738,0.003856307449652461,-4.353276339500821e-05,traffic_signals,,POINT (-73.9891631 40.7430428)
42428220,40.7445363,-73.9888917,3,0.0049833887043189366,0.06427326751204904,0.009116571195387264,0.00019674700605577073,traffic_signals,,POINT (-73.9888917 40.7445363)
42428223,40.7452886,-73.9887531,4,0.006644518272425249,0.06616694689356632,0.007333146356353187,0.0003671384975829892,traffic_signals,,POINT (-73.9887531 40.7452886)
42428227,40.7467961,-73.9884727,4,0.006644518272425249,0.06942858436823701,0.016732102224965753,0.0006636408911726005,traffic_signals,,POINT (-73.9884727 40.7467961)
42428232,40.7475458,-73.9883326,4,0.006644518272425249,0.06987080465083724,0.012435795239956984,0.0007398657701360018,traffic_signals,,POINT (-73.9883326 40.7475458)
42428253,40.7506824,-73.9878205,3,0.0049833887043189366,0.0735842684687094,0.004870962987956036,0.0003770177899756703,traffic_signals,,POINT (-73.9878205 40.7506824)
42428258,40.751444,-73.9876732,4,0.006644518272425249,0.06959800502311314,0.01101108499593527,0.0006736437797410445,traffic_signals,,POINT (-73.9876732 40.751444)
42428264,40.7521844,-73.9875229,4,0.006644518272425249,0.07226976424292857,0.01541253961214166,0.0005421429616465864,traffic_signals,,POINT (-73.9875229 40.7521844)
42428268,40.7528837,-73.9873365,4,0.006644518272425249,0.06979386384062587,0.019184934851799937,0.0006131072351995187,traffic_signals,,POINT (-73.9873365 40.7528837)
42428272,40.7536222,-73.9870696,3,0.0049833887043189366,0.06986224729570548,0.02095186045921259,0.0005727677374153678,traffic_signals,,POINT (-73.9870696 40.7536222)
42428277,40.7543353,-73.9868976,3,0.0049833887043189366,0.06606732096009212,0.012247417250909061,0.0010221516192544643,traffic_signals,,POINT (-73.9868976 40.7543353)
42428283,40.7550539,-73.9866712,4,0.006644518272425249,0.06688067172815514,0.00787186378121608,0.0002803377267158678,traffic_signals,,POINT (-73.9866712 40.7550539)
42428287,40.7558193,-73.9864249,3,0.008305647840531562,0.06802924855926479,0.021431039336245617,0.00040615107784459594,traffic_signals,,POINT (-73.9864249 40.7558193)
42428297,40.7579634,-73.9855335,4,0.006644518272425249,0.06130967854357644,0.020982768546766326,0.0002497569821796399,traffic_signals,,POINT (-73.9855335 40.7579634)
42428303,40.759438,-73.9851371,3,0.0049833887043189366,0.05466798033933371,0.0006591103337593211,-0.0003865560607560353,traffic_signals,,POINT (-73.9851371 40.759438)
42428305,40.7601131,-73.9848206,4,0.0033222591362126247,0.0,0.0,-0.000633971432046942,traffic_signals,,POINT (-73.9848206 40.7601131)
42429374,40.736668,-73.997341,4,0.0049833887043189366,0.03388731950154074,0.0047733290584352755,-0.001110677029174031,traffic_signals,,POINT (-73.997341 40.736668)
42429375,40.7378614,-74.0001742,4,0.0049833887043189366,0.037816577112797345,0.012926960049972083,-0.0009317682104589139,traffic_signals,,POINT (-74.0001742 40.7378614)
42429657,40.7385111,-73.9918061,4,0.006644518272425249,0.04788660587386125,0.01890531500947761,-0.0003268612962818287,traffic_signals,,POINT (-73.9918061 40.7385111)
42429659,40.73986,-73.995018,4,0.006644518272425249,0.044494949233185276,0.032724992941515214,-0.00030977540995540234,traffic_signals,,POINT (-73.995018 40.73986)
42429661,40.741056,-73.997862,4,0.006644518272425249,0.04624069788986991,0.02012950930352804,-0.00022238473225545338,traffic_signals,,POINT (-73.997862 40.741056)
42429662,40.7422581,-74.0006951,4,0.0049833887043189366,0.04080586945914838,0.005046747694057807,-0.0006688880870344037,traffic_signals,,POINT (-74.0006951 40.7422581)
42429874,40.743451,-73.988194,4,0.006644518272425249,0.06518400744708436,0.10616243889256649,0.0069002750419279255,traffic_signals,,POINT (-73.988194 40.743451)
42429876,40.7427711,-73.9865977,4,0.006644518272425249,0.06271165887966527,0.04792247630147558,0.0018689071812393783,traffic_signals,,POINT (-73.9865977 40.7427711)
42429888,40.7420643,-73.9849234,4,0.006644518272425249,0.06273234896837515,0.05596515577277471,0.001696338359201048,traffic_signals,,POINT (-73.9849234 40.7420643)
42429890,40.7414058,-73.9833636,4,0.006644518272425249,0.06369196618685073,0.026616090725435804,0.0012120093331964925,traffic_signals,,POINT (-73.9833636 40.7414058)
42429896,40.7407284,-73.981759,4,0.006644518272425249,0.06161430645597702,0.03204600154977027,0.0011819803404609188,traffic_signals,,POINT (-73.981759 40.7407284)
42429900,40.7397948,-73.9795312,4,0.008305647840531562,0.06053541856833654,0.02486770967858901,0.0007995535496714984,traffic_signals,,POINT (-73.9795312 40.7397948)
42429910,40.7392336,-73.9781918,3,0.008305647840531562,0.05962425516561464,0.015166524764445896,0.0003025888601007997,,,POINT (-73.9781918 40.7392336)
42429918,40.738796,-73.977148,4,0.008305647840531562,0.06121099357972263,0.04531446000551665,0.0018224570333664313,traffic_signals,,POINT (-73.977148 40.738796)
42430249,40.736032,-73.997805,4,0.0033222591362126247,0.035103092256580634,0.004787148771980254,-0.0014123980529366865,traffic_signals,,POINT (-73.997805 40.736032)
42430253,40.737361,-73.99684,4,0.009966777408637873,0.039831383923569254,0.01374006908488249,-0.0007395459023985722,traffic_signals,,POINT (-73.99684 40.737361)
42430255,40.738044,-73.996337,4,0.006644518272425249,0.04040411171337549,0.018928334584991012,-0.0008412405701807863,traffic_signals,,POINT (-73.996337 40.738044)
42430257,40.738686,-73.995874,4,0.006644518272425249,0.04092590394385387,0.02058765316120093,-0.000653630367938811,traffic_signals,,POINT (-73.995874 40.738686)
42430259,40.739272,-73.995446,4,0.006644518272425249,0.04393293662734406,0.03351855689498815,-0.00041145918624027465,traffic_signals,,POINT (-73.995446 40.739272)
42430263,40.740442,-73.994593,4,0.006644518272425249,0.04788660587386125,0.041427577950314855,-0.0001666152226132023,traffic_signals,,POINT (-73.994593 40.740442)
42430265,40.7416174,-73.9937398,4,0.006644518272425249,0.05211266665169334,0.05296899280428974,4.623942920442271e-05,traffic_signals,,POINT (-73.9937398 40.7416174)
42430269,40.7422328,-73.9932916,4,0.006644518272425249,0.05269030566870822,0.054270861224786325,0.0002630211459855833,traffic_signals,,POINT (-73.9932916 40.7422328)
42430271,40.7429103,-73.9927979,4,0.009966777408637873,0.05827206549897183,0.06034977859237857,0.000365082205509273,traffic_signals,,POINT (-73.9927979 40.7429103)
42430274,40.744186,-73.991871,4,0.006644518272425249,0.05661789073642037,0.05525932817407136,0.0008783238240286555,traffic_signals,,POINT (-73.991871 40.744186)
42430277,40.7448072,-73.9914152,4,0.006644518272425249,0.05976168142162758,0.08217273328416207,0.004251777173803985,traffic_signals,,POINT (-73.9914152 40.7448072)
42430279,40.745421,-73.990968,4,0.006644518272425249,0.06284985116454773,0.03644079577763441,0.0008824738770796762,traffic_signals,,POINT (-73.990968 40.745421)
42430282,40.746038,-73.990518,4,0.006644518272425249,0.06389171697686327,0.03055468703510373,0.0008004061385821271,traffic_signals,,POINT (-73.990518 40.746038)
42430288,40.747277,-73.989617,4,0.006644518272425249,0.06760996197338334,0.03685097728122011,0.001007637304606382,traffic_signals,,POINT (-73.989617 40.747277)
42430292,40.7478958,-73.9891568,4,0.006644518272425249,0.06942858436823701,0.032527030869121405,0.0012081954333364366,traffic_signals,,POINT (-73.9891568 40.7478958)
42430295,40.7485081,-73.9886948,4,0.006644518272425249,0.06965749776156249,0.01955977866757992,0.0010064021215292315,traffic_signals,,POINT (-73.9886948 40.7485081)
42430298,40.7491217,-73.9882353,4,0.006644518272425249,0.07355580260082982,0.026351396783381175,0.0011340048636135059,traffic_signals,,POINT (-73.9882353 40.7491217)
42430304,40.7497993,-73.9877404,4,0.009966777408637873,0.07802287637387981,0.0886463747083803,0.003434342626422166,traffic_signals,,POINT (-73.9877404 40.7497993)
42430308,40.7504574,-73.9872874,4,0.006644518272425249,0.07623967510952089,0.022476243092954425,0.001161314344442458,traffic_signals,,POINT (-73.9872874 40.7504574)
42430311,40.751088,-73.9868238,4,0.006644518272425249,0.07357477739835358,0.028588725673843685,0.001132028366759747,traffic_signals,,POINT (-73.9868238 40.751088)
42430314,40.7517,-73.986399,4,0.006644518272425249,0.07502633817827638,0.026899330758783237,0.0009425289746860033,traffic_signals,,POINT (-73.986399 40.7517)
42430317,40.752317,-73.985947,4,0.006644518272425249,0.07226976424292857,0.03064408657135158,0.0010055152739420399,traffic_signals,,POINT (-73.985947 40.752317)
42430320,40.7529437,-73.9854836,4,0.006644518272425249,0.07523413995903921,0.04026292152947687,0.001288806220157696,traffic_signals,,POINT (-73.9854836 40.7529437)
42430324,40.7535585,-73.9850397,4,0.006644518272425249,0.07186912550956724,0.031530838894083445,0.00235089543805443,traffic_signals,,POINT (-73.9850397 40.7535585)
42430329,40.754177,-73.984596,3,0.0049833887043189366,0.06695132032505108,0.015014814345973647,0.0006370526557869706,traffic_signals,,POINT (-73.984596 40.754177)
42430333,40.754842,-73.984118,4,0.009966777408637873,0.0707284871877787,0.03722322583293718,0.0015524688044377243,traffic_signals,,POINT (-73.984118 40.754842)
42430338,40.755516,-73.983624,4,0.006644518272425249,0.06711674893157257,0.02005357939789091,0.0011858863246739337,traffic_signals,,POINT (-73.983624 40.755516)
42430342,40.7561421,-73.9831665,4,0.006644518272425249,0.06391319318425044,0.022295865017859934,0.0003823340410215832,traffic_signals,,POINT (-73.9831665 40.7561421)
42430344,40.7567712,-73.9827118,4,0.006644518272425249,0.06513934557147827,0.0213025652060489,0.0003960502083006285,traffic_signals,,POINT (-73.9827118 40.7567712)
42430347,40.7573902,-73.9822537,4,0.006644518272425249,0.06130967854357644,0.01751047028344299,0.00042194987519377246,traffic_signals,,POINT (-73.9822537 40.7573902)
42430350,40.7580163,-73.9817975,4,0.006644518272425249,0.0612175626925773,0.016344601457850147,7.38290028216022e-05,traffic_signals,,POINT (-73.9817975 40.7580163)
42430352,40.758645,-73.981341,4,0.006644518272425249,0.05770614559124282,0.010882427374906727,7.67585116943051e-05,traffic_signals,,POINT (-73.981341 40.758645)
42430356,40.7592744,-73.9808828,4,0.006644518272425249,0.05683224560819321,0.010129038906971245,-1.627540072206046e-05,traffic_signals,,POINT (-73.9808828 40.7592744)
42430358,40.7599106,-73.9804176,4,0.0049833887043189366,0.053712358678854544,0.003960158833917988,-0.0004470124043345778,traffic_signals,,POINT (-73.9804176 40.7599106)
42430361,40.7605248,-73.9799722,4,0.0033222591362126247,0.05164429794756148,0.0,-0.000756824261211463,traffic_signals,,POINT (-73.9799722 40.7605248)
42430639,40.7564426,-74.0014797,3,0.0049833887043189366,0.053018426356486216,0.0025383091632725408,-0.0006428491393007476,traffic_signals,,POINT (-74.0014797 40.7564426)
42430643,40.7570547,-74.0010329,3,0.008305647840531562,0.052758532109640696,0.006187977229350488,-0.00036881448306619053,traffic_signals,,POINT (-74.0010329 40.7570547)
42430646,40.7576744,-74.0005846,3,0.008305647840531562,0.054186876524122275,0.00710558148573424,3.4338794493356726e-05,traffic_signals,,POINT (-74.0005846 40.7576744)
42430651,40.7582961,-74.0001285,3,0.008305647840531562,0.054565262021181865,0.01807945466583507,0.0010591325336731204,traffic_signals,,POINT (-74.0001285 40.7582961)
42430664,40.7595545,-73.9992994,4,0.0049833887043189366,0.04528622175051089,0.003925796737196343,-9.261827648175392e-06,traffic_signals,,POINT (-73.9992994 40.7595545)
42430669,40.7601736,-73.9988397,4,0.0033222591362126247,0.04746029196850281,0.003939616450741321,-0.0007348718057073626,traffic_signals,,POINT (-73.9988397 40.7601736)
42430824,40.7357944,-74.0015452,4,0.0033222591362126247,0.033274129533620515,8.291828126986584e-06,-0.001753384095765762,traffic_signals,,POINT (-74.0015452 40.7357944)
42430828,40.7365975,-74.0011098,5,0.009966777408637873,0.03568052374870801,0.006514612965102459,0.004560632207223233,traffic_signals,,POINT (-74.0011098 40.7365975)
42431490,40.736691,-73.99312,4,0.006644518272425249,0.042045054114353594,0.011436000209243898,-0.0008403780137861296,traffic_signals,,POINT (-73.99312 40.736691)
42432201,40.735926,-74.000722,3,0.0049833887043189366,0.034439425219786365,1.3819713544977639e-05,-0.0016462481547704318,,,POINT (-74.000722 40.735926)
42432205,40.737168,-74.001463,3,0.0033222591362126247,0.03443125017374286,0.0,-0.0016831999971454634,,,POINT (-74.001463 40.737168)
42432436,40.7528159,-73.9813803,3,0.0049833887043189366,0.06687283108668643,0.03572011918527765,0.0005750543256596558,traffic_signals,,POINT (-73.9813803 40.7528159)
42432438,40.7521404,-73.9797786,4,0.006644518272425249,0.071134212391749,0.014630066799872186,0.0011042075549612164,traffic_signals,,POINT (-73.9797786 40.7521404)
42432444,40.7507711,-73.9765292,4,0.006644518272425249,0.07707407771509732,0.03310702525146621,0.0013384883946805095,traffic_signals,,POINT (-73.9765292 40.7507711)
42432451,40.7501096,-73.9749369,4,0.008305647840531562,0.07335715652899115,0.03123973542527483,0.0009207520250346212,traffic_signals,,POINT (-73.9749369 40.7501096)
42432458,40.7497424,-73.9740722,3,0.008305647840531562,0.06939479916903106,0.009278304500286312,0.0002698194720018392,traffic_signals,,POINT (-73.9740722 40.7497424)
42432464,40.7491639,-73.9727006,4,0.008305647840531562,0.06691990253043585,0.02359659447702875,0.002398000466295809,traffic_signals,,POINT (-73.9727006 40.7491639)
42432540,40.7484102,-73.9709247,4,0.009966777408637873,0.06271165887966527,0.010217267090145763,0.0056424620591246895,,,POINT (-73.9709247 40.7484102)
42432580,40.7579096,-73.9776624,4,0.006644518272425249,0.05682092331601108,0.01838894836786997,-5.3809042476720444e-05,traffic_signals,,POINT (-73.9776624 40.7579096)
42432585,40.7604633,-73.9837062,4,0.0033222591362126247,0.053712358678854544,0.0045353899320369285,-0.0005751177796395982,traffic_signals,,POINT (-73.9837062 40.7604633)
42432693,40.7554134,-73.9794895,4,0.006644518272425249,0.06376316221433437,0.03075074142689237,0.0005132827459685768,traffic_signals,,POINT (-73.9794895 40.7554134)
42432700,40.7591595,-73.9883858,4,0.006644518272425249,0.06168093092230052,0.012943477463226999,0.00036784002545595535,traffic_signals,,POINT (-73.9883858 40.7591595)
42432703,40.7603553,-73.9912267,4,0.0033222591362126247,0.05802311557007784,0.004003556061961776,-0.00041380605919859645,traffic_signals,,POINT (-73.9912267 40.7603553)
42433604,40.7509597,-73.9827265,4,0.006644518272425249,0.07523413995903921,0.05861547290151106,0.0008844284560599677,traffic_signals,,POINT (-73.9827265 40.7509597)
42433611,40.7535034,-73.9887981,4,0.006644518272425249,0.06921796495200039,0.055013031461166324,0.0009394947071766799,traffic_signals,,POINT (-73.9887981 40.7535034)
42433620,40.754707,-73.991633,4,0.006644518272425249,0.06714835187397707,0.05172070714825391,0.0015347122165279806,traffic_signals,,POINT (-73.991633 40.754707)
42433625,40.7559104,-73.9944724,4,0.006644518272425249,0.06282216400544441,0.047950950058912485,0.001107610608788873,traffic_signals,,POINT (-73.9944724 40.7559104)
42433644,40.7570936,-73.9973219,4,0.006644518272425249,0.05720269245581982,0.026664149091125328,0.0026816146173486103,traffic_signals,,POINT (-73.9973219 40.7570936)
42434072,40.7560373,-73.9790227,4,0.006644518272425249,0.0612175626925773,0.02162212919410234,0.000637726083113201,traffic_signals,,POINT (-73.9790227 40.7560373)
42434074,40.7553621,-73.9774077,4,0.006644518272425249,0.06376316221433437,0.012519780616049442,0.0009495588236546748,traffic_signals,,POINT (-73.9774077 40.7553621)
42434077,40.7549885,-73.9765138,4,0.009966777408637873,0.06508731734019114,0.008881333342186604,0.0015959213069286168,traffic_signals,,POINT (-73.9765138 40.7549885)
42434085,40.7539937,-73.9741902,4,0.006644518272425249,0.07094841407580041,0.042029453901814465,0.0014779286977613677,traffic_signals,,POINT (-73.9741902 40.7539937)
42434087,40.7533265,-73.9725908,4,0.006644518272425249,0.0684209246934671,0.020896591539914747,0.0005023778518477338,traffic_signals,,POINT (-73.9725908 40.7533265)
42434090,40.752379,-73.970341,4,0.0049833887043189366,0.06412154329692393,0.011118693415657206,0.00032412853667654595,traffic_signals,,POINT (-73.970341 40.752379)
42434268,40.7408858,-73.9900833,4,0.006644518272425249,0.05636056211534782,0.01868442390372703,0.00027161637052489323,traffic_signals,,POINT (-73.9900833 40.7408858)
42434270,40.7434315,-73.9961302,4,0.006644518272425249,0.05401242772175317,0.027008597671655473,0.0005428960859470706,traffic_signals,,POINT (-73.9961302 40.7434315)
42434271,40.74463,-73.9989693,4,0.0049833887043189366,0.04769043133261727,0.009984792124517517,-9.199038170943781e-05,traffic_signals,,POINT (-73.9989693 40.74463)
42434355,40.7358767,-73.9873953,4,0.0049833887043189366,0.04543049133238573,0.002513556755518117,-0.0008183950873513532,traffic_signals,,POINT (-73.9873953 40.7358767)
42434357,40.7364685,-73.9869673,4,0.009966777408637873,0.04765059303061025,0.00771286368834803,-0.0003551584370233776,traffic_signals,,POINT (-73.9869673 40.7364685)
42434358,40.7370531,-73.9865444,4,0.009966777408637873,0.048390333319429525,0.015762140247909007,1.1731435300387771e-05,traffic_signals,,POINT (-73.9865444 40.7370531)
42434360,40.7376394,-73.9861204,3,0.006644518272425249,0.04942598121215105,0.0051229298218673615,-0.00029294931129639933,traffic_signals,,POINT (-73.9861204 40.7376394)
42434427,40.7539458,-73.9976109,3,0.009966777408637873,0.06531088266194587,0.025305174947081524,0.0011226094084132634,traffic_signals,,POINT (-73.9976109 40.7539458)
42434429,40.7552202,-73.9966484,5,0.008305647840531562,0.05348070965398793,0.019396987428113504,0.002747049647781475,traffic_signals,,POINT (-73.9966484 40.7552202)
42434434,40.7583714,-73.994391,4,0.006644518272425249,0.06052899503071257,0.011784694424719907,0.0001419639938443326,traffic_signals,,POINT (-73.994391 40.7583714)
42434439,40.7589778,-73.9939368,3,0.008305647840531562,0.059950105009924884,0.00974266834967225,-0.00016989406385986984,traffic_signals,,POINT (-73.9939368 40.7589778)
42434465,40.7513227,-73.9991493,3,0.0049833887043189366,0.05590760062427083,0.02554346200417151,0.0008261048122982875,,,POINT (-73.9991493 40.7513227)
42434800,40.7440672,-73.9877451,4,0.006644518272425249,0.06652189494687291,0.057632951257937735,0.0012295730953482138,traffic_signals,,POINT (-73.9877451 40.7440672)
42434807,40.746618,-73.993813,4,0.006644518272425249,0.06389171697686327,0.035175478071127045,0.0003879921828378497,traffic_signals,,POINT (-73.993813 40.746618)
42434810,40.7478363,-73.9966345,3,0.0049833887043189366,0.06091033093106623,0.030655387972266343,0.0002068926050530218,traffic_signals,,POINT (-73.9966345 40.7478363)
42434946,40.7491045,-73.9840705,4,0.006644518272425249,0.07599590316672465,0.058753289143337314,0.000851142596171966,traffic_signals,,POINT (-73.9840705 40.7491045)
42434948,40.7484303,-73.9824775,4,0.006644518272425249,0.0766391574861528,0.022086703944795772,0.0007650592360668232,traffic_signals,,POINT (-73.9824775 40.7484303)
42434951,40.7477119,-73.9807576,4,0.006644518272425249,0.07490810888633424,0.015702772856071932,0.0008774876523506025,traffic_signals,,POINT (-73.9807576 40.7477119)
42434954,40.7470714,-73.9792242,4,0.006644518272425249,0.07209621450574256,0.03438537531242637,0.0007672653621748288,traffic_signals,,POINT (-73.9792242 40.7470714)
42434959,40.7463979,-73.9776393,4,0.006644518272425249,0.06934418297707698,0.01379033895862214,0.0009069813516123826,traffic_signals,,POINT (-73.9776393 40.7463979)
42434962,40.746037,-73.9767892,4,0.008305647840531562,0.06287756273913528,0.008156755860616524,0.0013048229774225227,traffic_signals,,POINT (-73.9767892 40.746037)
42434965,40.7454591,-73.9754076,4,0.008305647840531562,0.06719581212974854,0.04113732185513619,0.0009584533574300855,traffic_signals,,POINT (-73.9754076 40.7454591)
42434969,40.7451792,-73.974743,4,0.006644518272425249,0.06253291483988546,0.005907988144990146,0.0003228886689831284,traffic_signals,,POINT (-73.974743 40.7451792)
42434974,40.7444485,-73.973027,4,0.006644518272425249,0.06268409331532256,0.015333707872310752,0.0012426256289545066,traffic_signals,,POINT (-73.973027 40.7444485)
42435420,40.748469,-73.992463,4,0.006644518272425249,0.06694346311107091,0.04645978291567397,0.0007681800978982539,traffic_signals,,POINT (-73.992463 40.748469)
42435422,40.749101,-73.992006,4,0.006644518272425249,0.06965749776156249,0.05191950587148998,0.001457529656116804,traffic_signals,,POINT (-73.992006 40.749101)
42435599,40.74108,-74.001555,4,0.0033222591362126247,0.0,0.0,-0.0010699603472425303,traffic_signals,,POINT (-74.001555 40.74108)
42435603,40.7416736,-74.0011226,4,0.006644518272425249,0.04258175941844097,0.006677473892365168,-0.0003899398404244536,traffic_signals,,POINT (-74.0011226 40.7416736)
42435610,40.7428467,-74.0002679,4,0.0049833887043189366,0.04624069788986991,0.007491930031978575,-0.0005525722720309704,traffic_signals,,POINT (-74.0002679 40.7428467)
42435624,40.7453054,-73.998472,4,0.009966777408637873,0.054523537485130495,0.017054861914779236,9.369011136363737e-05,traffic_signals,,POINT (-73.998472 40.7453054)
42435629,40.74658,-73.9975495,4,0.006644518272425249,0.05666851273290634,0.02350075082569005,0.00010430493887428189,traffic_signals,,POINT (-73.9975495 40.74658)
42435632,40.7471981,-73.9970994,4,0.006644518272425249,0.0574793681146146,0.0503061263233068,0.001158652132670015,traffic_signals,,POINT (-73.9970994 40.7471981)
42435633,40.748435,-73.996192,4,0.006644518272425249,0.05916046973339922,0.03424606455971137,0.0005478390590910347,traffic_signals,,POINT (-73.996192 40.748435)
42435642,40.751532,-73.9939428,3,0.0049833887043189366,0.06268409331532256,0.033310801543786975,0.0016147799306932512,traffic_signals,,POINT (-73.9939428 40.751532)
42435644,40.7521986,-73.993458,4,0.009966777408637873,0.07284194217461822,0.0730625147763813,0.0033816713054819207,traffic_signals,,POINT (-73.993458 40.7521986)
42435645,40.7528582,-73.9929759,4,0.006644518272425249,0.0706583982620383,0.031262689509877116,0.0010403595813080896,traffic_signals,,POINT (-73.9929759 40.7528582)
42435646,40.7534779,-73.9925251,4,0.006644518272425249,0.06773842170400608,0.030254176975180097,0.001276023623108824,traffic_signals,,POINT (-73.9925251 40.7534779)
42435650,40.754091,-73.992079,4,0.006644518272425249,0.0701630072779133,0.036962033206523325,0.001297782723627669,traffic_signals,,POINT (-73.992079 40.754091)
42435654,40.75533,-73.991177,4,0.006644518272425249,0.06921796495200039,0.04218720496273311,0.0009344509324327075,traffic_signals,,POINT (-73.991177 40.75533)
42435657,40.7559486,-73.9907278,4,0.006644518272425249,0.06577023511696474,0.03747543913701477,0.0012036642225262582,traffic_signals,,POINT (-73.9907278 40.7559486)
42435660,40.756567,-73.990276,4,0.006644518272425249,0.06566423957286005,0.02636153209558632,0.0005247916741145789,traffic_signals,,POINT (-73.990276 40.756567)
42435663,40.7572335,-73.9897914,4,0.009966777408637873,0.0652884570412539,0.03469054044098532,0.00047377660886840613,traffic_signals,,POINT (-73.9897914 40.7572335)
42435671,40.7585323,-73.9888429,4,0.006644518272425249,0.06036246022956986,0.02078106375109523,0.00011770891586983923,traffic_signals,,POINT (-73.9888429 40.7585323)
42435675,40.7597869,-73.9879285,4,0.0049833887043189366,0.05802311557007784,0.007306431260248861,0.00010755689262734935,traffic_signals,,POINT (-73.9879285 40.7597869)
42435677,40.7604088,-73.9874753,4,0.0033222591362126247,0.05698805133908998,0.0,-0.0004377874966046055,traffic_signals,,POINT (-73.9874753 40.7604088)
42436575,40.7415447,-73.9875061,3,0.0049833887043189366,0.05709962454148501,0.00626586227672552,8.608824987431549e-05,traffic_signals,,POINT (-73.9875061 40.7415447)
42436578,40.7408251,-73.9858246,4,0.006644518272425249,0.05902579151173792,0.04307837401735035,0.0008013121829635432,traffic_signals,,POINT (-73.9858246 40.7408251)
42436582,40.7401675,-73.9842643,4,0.006644518272425249,0.058922141221922866,0.016419999898163604,0.00047461030894550875,traffic_signals,,POINT (-73.9842643 40.7401675)
42436586,40.7394963,-73.9826645,4,0.008305647840531562,0.05708248265480189,0.02066534387929524,0.000500119984764608,traffic_signals,,POINT (-73.9826645 40.7394963)
42436590,40.7385557,-73.9804284,4,0.008305647840531562,0.05634386104004694,0.023365462393976175,0.002875794769967064,traffic_signals,,POINT (-73.9804284 40.7385557)
42436598,40.7375593,-73.9780485,3,0.006644518272425249,0.050515873996584776,0.01834751143487469,0.0028827285374646255,traffic_signals,,POINT (-73.9780485 40.7375593)
42436700,40.7604084,-73.9758441,4,0.0033222591362126247,0.046775338185275545,0.0036395713622578295,-0.0009402778829046574,traffic_signals,,POINT (-73.9758441 40.7604084)
42436701,40.7597325,-73.974231,4,0.006644518272425249,0.04912377274969301,0.007115480407883391,-0.0005690809755858609,traffic_signals,,POINT (-73.974231 40.7597325)
42436703,40.7590253,-73.9725324,4,0.006644518272425249,0.051580183485797564,0.012713626074626231,-0.00043875610411876585,traffic_signals,,POINT (-73.9725324 40.7590253)
42436705,40.7583781,-73.9709896,4,0.006644518272425249,0.045861492938529924,0.01236216216831556,-0.0005915852912351155,traffic_signals,,POINT (-73.9709896 40.7583781)
42436707,40.7577042,-73.9693983,4,0.0049833887043189366,0.047922813506631544,0.0072057121680174675,-0.0007617167634763228,traffic_signals,,POINT (-73.9693983 40.7577042)
42436746,40.7446313,-73.9852432,4,0.006644518272425249,0.06841271877781666,0.043626087125758585,0.0006926427750915085,traffic_signals,,POINT (-73.9852432 40.7446313)
42436748,40.7439234,-73.9835616,4,0.006644518272425249,0.06685715531756156,0.07511488662373542,0.0016389701967514307,traffic_signals,,POINT (-73.9835616 40.7439234)
42436751,40.7432627,-73.982007,4,0.006644518272425249,0.06742615238409401,0.038740146762247095,0.0006991523890187367,traffic_signals,,POINT (-73.982007 40.7432627)
42436753,40.7425925,-73.9804107,4,0.006644518272425249,0.06245759872653402,0.03437382642026796,0.0006112276831944058,traffic_signals,,POINT (-73.9804107 40.7425925)
42436754,40.7416506,-73.9781701,4,0.006644518272425249,0.06218524464945331,0.018409923191105442,0.0006905958962569177,traffic_signals,,POINT (-73.9781701 40.7416506)
42436756,40.7406465,-73.9757944,4,0.008305647840531562,0.051584847998682876,0.03229873107788905,0.0038032020552464423,traffic_signals,,POINT (-73.9757944 40.7406465)
42437018,40.7359584,-73.9893863,4,0.0033222591362126247,0.043200942833189586,0.0030457238763162992,-0.0009582472121185175,traffic_signals,,POINT (-73.9893863 40.7359584)
42437021,40.7365293,-73.9889596,4,0.006644518272425249,0.04345434975009029,0.006278226179760812,-0.0003999348883903875,traffic_signals,,POINT (-73.9889596 40.7365293)
42437280,40.7371225,-73.9885174,4,0.006644518272425249,0.047385383715686596,0.019106105655748457,-0.000251803590198831,traffic_signals,,POINT (-73.9885174 40.7371225)
42437283,40.7357911,-73.985362,4,0.0049833887043189366,0.04703374415974895,0.002305166187762673,-0.0007288371905990348,traffic_signals,,POINT (-73.985362 40.7357911)
42437358,40.7534805,-73.9808792,4,0.009966777408637873,0.07177868996721219,0.08109318810850244,0.0015226453829593168,traffic_signals,,POINT (-73.9808792 40.7534805)
42437363,40.7560361,-73.9869489,4,0.009966777408637873,0.06627457292546013,0.038364252886897904,0.0007696710584355098,traffic_signals,,POINT (-73.9869489 40.7560361)
42437368,40.7584326,-73.9926458,4,0.009966777408637873,0.0619757984756014,0.0234259037416058,0.0003186045372300708,traffic_signals,,POINT (-73.9926458 40.7584326)
42437371,40.7596264,-73.9954726,4,0.006644518272425249,0.05749674923590719,0.002735828412538143,0.0002790275459279797,traffic_signals,,POINT (-73.9954726 40.7596264)
42437529,40.737332,-73.985387,3,0.0049833887043189366,0.047053142717927515,0.0013107848733411884,-0.0003446382966199179,,,POINT (-73.985387 40.737332)
42437530,40.737913,-73.9849697,3,0.0049833887043189366,0.05098545308986729,0.0009329590884655975,-0.0001976785692466151,,,POINT (-73.9849697 40.737913)
42437644,40.7484355,-73.984557,4,0.009966777408637873,0.0792918055559404,0.1126888658014847,0.0025204747937745786,traffic_signals,,POINT (-73.984557 40.7484355)
42437654,40.7510092,-73.9906121,4,0.009966777408637873,0.07546305717283176,0.0948363886939459,0.004220079377377817,traffic_signals,,POINT (-73.9906121 40.7510092)
42437663,40.7534078,-73.9963175,4,0.009966777408637873,0.06925157814367308,0.05737767751737494,0.0018610594569320885,traffic_signals,,POINT (-73.9963175 40.7534078)
42437670,40.754591,-73.9991485,4,0.009966777408637873,0.06158769695200122,0.024160041618488618,0.0010123861209133467,traffic_signals,,POINT (-73.9991485 40.754591)
42437686,40.7459215,-73.9863915,4,0.006644518272425249,0.07115195823493017,0.05751714602629249,0.0011552124596548082,traffic_signals,,POINT (-73.9863915 40.7459215)
42437688,40.7509001,-73.9981551,4,0.006644518272425249,0.05961802353359482,0.048984896046921085,0.0019280843465955444,traffic_signals,,POINT (-73.9981551 40.7509001)
42437693,40.7520747,-74.0009801,4,0.0049833887043189366,0.055354221171221275,0.010417290981121251,0.00018809561395159564,traffic_signals,,POINT (-74.0009801 40.7520747)
42437881,40.7415506,-73.9895966,4,0.009966777408637873,0.05906857711188104,0.02435372593337894,0.0005502562238572325,traffic_signals,,POINT (-73.9895966 40.7415506)
42437890,40.7441065,-73.9956382,4,0.009966777408637873,0.05697984708514986,0.03524365736370338,0.0006804448341460444,traffic_signals,,POINT (-73.9956382 40.7441065)
42437909,40.7465235,-74.0013543,4,0.0049833887043189366,0.05360635740714549,0.0009283914614767284,-0.0005359146579455309,traffic_signals,,POINT (-74.0013543 40.7465235)
42438173,40.7385281,-73.9864142,3,0.0049833887043189366,0.05175803004894613,0.00631939740904731,-0.00010220209497842178,,,POINT (-73.9864142 40.7385281)
42438174,40.7382199,-73.9856806,3,0.0049833887043189366,0.05464366789629612,0.0063332171225922865,0.00020496863052114756,traffic_signals,,POINT (-73.9856806 40.7382199)
42438544,40.7446783,-73.9873007,4,0.006644518272425249,0.06774646664720134,0.050672052607139056,0.000982755224402056,traffic_signals,,POINT (-73.9873007 40.7446783)
42438547,40.7472363,-73.9933621,4,0.006644518272425249,0.06396336052583934,0.02931700875568629,0.0005062964182094152,traffic_signals,,POINT (-73.9933621 40.7472363)
42438672,40.7496507,-73.9990694,4,0.0049833887043189366,0.05864952181466536,0.03945020038174608,0.0020877533025108566,traffic_signals,,POINT (-73.9990694 40.7496507)
42438849,40.737941,-73.986835,3,0.0049833887043189366,0.05174394495368607,0.004033542655451389,-0.000230940334537574,,,POINT (-73.986835 40.737941)
42438881,40.7572359,-73.9760484,4,0.006644518272425249,0.060120705013641994,0.020455123030485658,0.00017501979750273613,traffic_signals,,POINT (-73.9760484 40.7572359)
42438886,40.756526,-73.974356,4,0.006644518272425249,0.06372754431565582,0.046739383129631655,0.0005657719288095238,traffic_signals,,POINT (-73.974356 40.756526)
42438889,40.75587,-73.97282,4,0.006644518272425249,0.05565124382140832,0.022151472435074388,0.00014383688612541122,traffic_signals,,POINT (-73.97282 40.75587)
42438891,40.7551996,-73.9712239,4,0.006644518272425249,0.05811770241155733,0.0149067069293488,-0.00011959745419299514,traffic_signals,,POINT (-73.9712239 40.7551996)
42438894,40.754251,-73.968978,4,0.0049833887043189366,0.04996717319283771,0.003844464650097742,-0.0004291306717423376,traffic_signals,,POINT (-73.968978 40.754251)
42439073,40.7372222,-74.0006278,4,0.0049833887043189366,0.03640934762044012,0.012913140336427107,0.006074188146864277,traffic_signals,,POINT (-74.0006278 40.7372222)
42439170,40.7369623,-73.9845088,4,0.009966777408637873,0.05117298368793713,0.016424993173996486,-0.00015727849467537955,traffic_signals,,POINT (-73.9845088 40.7369623)
42439178,40.73602,-73.982267,4,0.0049833887043189366,0.049714593792002375,0.004287541263970229,-0.00036206191485541094,traffic_signals,,POINT (-73.982267 40.73602)
42439203,40.7382917,-73.9876671,4,0.006644518272425249,0.05182857070411005,0.033983937505817324,0.0003059555613247025,traffic_signals,,POINT (-73.9876671 40.7382917)
42439272,40.7379242,-73.9922478,4,0.006644518272425249,0.04577684368585468,0.024408363083666163,0.00020369217496629254,traffic_signals,,POINT (-73.9922478 40.7379242)
42439275,40.74047,-73.998287,4,0.006644518272425249,0.044494949233185276,0.02089543382991096,-9.52266971121782e-05,traffic_signals,,POINT (-73.998287 40.74047)
42439440,40.749706,-73.991563,3,0.0049833887043189366,0.06794012019645489,0.038979893097038434,0.0005360778329124965,traffic_signals,,POINT (-73.991563 40.749706)
42439823,40.7385578,-73.99968,4,0.006644518272425249,0.03931526977527295,0.016703370955471135,-0.0007538093249134424,traffic_signals,,POINT (-73.99968 40.7385578)
42439826,40.7392462,-73.9991824,4,0.0049833887043189366,0.04092590394385387,0.014109213221082455,-0.0005549976673261638,traffic_signals,,POINT (-73.9991824 40.7392462)
42439830,40.739881,-73.998713,4,0.006644518272425249,0.04257222547723227,0.015796171224382215,-7.985170993612187e-05,traffic_signals,,POINT (-73.998713 40.739881)
42439834,40.741642,-73.997434,4,0.006644518272425249,0.04845610339529691,0.02260233106853877,-8.70207811084422e-05,traffic_signals,,POINT (-73.997434 40.741642)
42439836,40.742811,-73.99658,4,0.006644518272425249,0.05269030566870822,0.025679089824068965,0.00016888736035936634,traffic_signals,,POINT (-73.99658 40.742811)
42439840,40.745383,-73.994709,4,0.006644518272425249,0.05976168142162758,0.02785753245789671,0.00030266477354532416,traffic_signals,,POINT (-73.994709 40.745383)
42439842,40.7460045,-73.9942616,4,0.006644518272425249,0.06091033093106623,0.054798576995077335,0.0014029517939899464,traffic_signals,,POINT (-73.9942616 40.7460045)
42439952,40.7516588,-73.9901341,4,0.006644518272425249,0.07086027939992985,0.04419065100446222,0.0010460629474463659,traffic_signals,,POINT (-73.9901341 40.7516588)
42439955,40.7522886,-73.9896878,4,0.006644518272425249,0.0701630072779133,0.044356166748310236,0.0010826630148205135,traffic_signals,,POINT (-73.9896878 40.7522886)
42439960,40.752895,-73.989243,4,0.006644518272425249,0.06976825454616381,0.051091662406743454,0.0008766315961318232,traffic_signals,,POINT (-73.989243 40.752895)
42439964,40.7541474,-73.988323,4,0.006644518272425249,0.06929364056965928,0.04550716870273563,0.0010821534140646233,traffic_signals,,POINT (-73.988323 40.7541474)
42439968,40.7547554,-73.9878881,4,0.006644518272425249,0.06566423957286005,0.03980738761698244,0.0015006041264070326,traffic_signals,,POINT (-73.9878881 40.7547554)
42439972,40.755373,-73.987447,4,0.006644518272425249,0.06481368585040737,0.028721120002644006,0.0006201628358373005,traffic_signals,,POINT (-73.987447 40.755373)
42439981,40.75671,-73.986458,4,0.006644518272425249,0.06391319318425044,0.026522790360485625,0.0011141050161830488,traffic_signals,,POINT (-73.986458 40.75671)
42439984,40.7573424,-73.9860116,4,0.006644518272425249,0.06168093092230052,0.028792715407544602,0.00028966881897385085,traffic_signals,,POINT (-73.9860116 40.7573424)
42439990,40.7585968,-73.9850795,4,0.006644518272425249,0.05805854953378476,0.017218313051250378,0.00039414322945877025,traffic_signals,,POINT (-73.9850795 40.7585968)
42439994,40.7592226,-73.9846194,4,0.006644518272425249,0.05770614559124282,0.011559191645562846,0.00011654054530435482,traffic_signals,,POINT (-73.9846194 40.7592226)
42439996,40.759841,-73.984174,4,0.006644518272425249,0.050935373619915646,0.006124656989709357,-5.348683670311495e-05,traffic_signals,,POINT (-73.984174 40.759841)
42440153,40.7585437,-73.9772064,4,0.006644518272425249,0.05148707005771597,0.012182336686447607,-0.0002604134889500611,traffic_signals,,POINT (-73.9772064 40.7585437)
42440323,40.7394943,-73.9867925,4,0.006644518272425249,0.056612271652385394,0.0486564834377256,0.0015460177874551764,traffic_signals,,POINT (-73.9867925 40.7394943)
42440325,40.7388463,-73.9852411,4,0.006644518272425249,0.05756637896552985,0.018297136862425633,0.0012232565940721361,traffic_signals,,POINT (-73.9852411 40.7388463)
42440326,40.7381579,-73.983638,4,0.009966777408637873,0.05592952732321161,0.03083528068303122,0.0007584971792957433,traffic_signals,,POINT (-73.983638 40.7381579)
42440330,40.7372187,-73.9813983,4,0.006644518272425249,0.05416115164920578,0.014868826343528532,0.00014771031743995348,traffic_signals,,POINT (-73.9813983 40.7372187)
42440452,40.7591757,-73.9767414,4,0.006644518272425249,0.051422090432654395,0.008252581222328578,-0.00023820288492452422,traffic_signals,,POINT (-73.9767414 40.7591757)
42440453,40.7584878,-73.9751336,4,0.006644518272425249,0.05421262584769391,0.01368548239673172,-0.00024191283400938802,traffic_signals,,POINT (-73.9751336 40.7584878)
42440456,40.7577792,-73.9734395,4,0.006644518272425249,0.05717402517484567,0.025030925388716888,4.3618446055186244e-05,traffic_signals,,POINT (-73.9734395 40.7577792)
42440459,40.7571246,-73.9719073,4,0.006644518272425249,0.05039092307150488,0.017631872554587615,-0.00024178202579945373,traffic_signals,,POINT (-73.9719073 40.7571246)
42440463,40.7564518,-73.970311,4,0.0049833887043189366,0.05265625857744256,0.009143408451576053,-0.0003392329798461772,traffic_signals,,POINT (-73.970311 40.7564518)
42440710,40.7360074,-73.9936325,4,0.0049833887043189366,0.040398388751376434,0.003612117834111722,-0.001176294701039658,traffic_signals,,POINT (-73.9936325 40.7360074)
42442881,40.7354311,-73.9826949,4,0.0033222591362126247,0.0473107115509194,0.004273721550425248,-0.0006736725946171303,traffic_signals,,POINT (-73.9826949 40.7354311)
42442889,40.7378893,-73.9809116,4,0.009966777408637873,0.055375715869278246,0.034892359161097196,0.0007794863576463421,traffic_signals,,POINT (-73.9809116 40.7378893)
42442891,40.7391809,-73.9799749,4,0.006644518272425249,0.05732917077079751,0.02655909511460662,0.0009809061763743426,traffic_signals,,POINT (-73.9799749 40.7391809)
42442895,40.7404187,-73.979088,3,0.0049833887043189366,0.05870988566997069,0.01235823976379276,0.00010949725726055434,traffic_signals,,POINT (-73.979088 40.7404187)
42442898,40.7410388,-73.9786461,3,0.0049833887043189366,0.06245759872653402,0.012372059477337738,0.00018022715044292456,traffic_signals,,POINT (-73.9786461 40.7410388)
42442902,40.7422741,-73.9777196,4,0.006644518272425249,0.06556612059418795,0.03571162776659945,0.0011265989889076896,traffic_signals,,POINT (-73.9777196 40.7422741)
42442906,40.7428856,-73.9772801,3,0.0049833887043189366,0.06340876491434363,0.021353828709260544,0.0002678692030148177,traffic_signals,,POINT (-73.9772801 40.7428856)
42442910,40.7435047,-73.9768235,3,0.0049833887043189366,0.0678028347996476,0.021367648422805533,0.0003688699495308592,traffic_signals,,POINT (-73.9768235 40.7435047)
42442913,40.7441114,-73.9763847,4,0.008305647840531562,0.06797250347586216,0.05064216430133137,0.004375115456915124,traffic_signals,,POINT (-73.9763847 40.7441114)
42442918,40.7466882,-73.9745073,4,0.008305647840531562,0.0643602898758248,0.02993320717971678,0.0014159649290945917,traffic_signals,,POINT (-73.9745073 40.7466882)
42442931,40.7472997,-73.9740676,4,0.006644518272425249,0.06547580913331442,0.02000324224430483,0.0010134307266465965,traffic_signals,,POINT (-73.9740676 40.7472997)
42442933,40.7479309,-73.9735956,4,0.006644518272425249,0.06552093374333048,0.023532814225278618,0.0007025110688138661,traffic_signals,,POINT (-73.9735956 40.7479309)
42442935,40.7485526,-73.9731576,4,0.006644518272425249,0.06829804228561245,0.023670849019008205,0.001454001166299491,traffic_signals,,POINT (-73.9731576 40.7485526)
42442937,40.7498355,-73.9721985,4,0.009966777408637873,0.06898358316234554,0.057377349223431844,0.004967196963664487,,,POINT (-73.9721985 40.7498355)
42442939,40.750494,-73.971713,4,0.006644518272425249,0.05880672671849848,0.02452815448784003,0.001170754190027015,traffic_signals,,POINT (-73.971713 40.750494)
42442943,40.751122,-73.971263,4,0.006644518272425249,0.06201622626325671,0.01809017917919098,0.000540017039742825,traffic_signals,,POINT (-73.971263 40.751122)
42442947,40.7517476,-73.9708043,4,0.006644518272425249,0.06114537990882574,0.01913036342018145,0.0007825880140462626,traffic_signals,,POINT (-73.9708043 40.7517476)
42442948,40.7529893,-73.9698968,4,0.0049833887043189366,0.0548591314838849,0.007776669381972732,4.5891143025240324e-05,traffic_signals,,POINT (-73.9698968 40.7529893)
42442949,40.753624,-73.969431,4,0.0049833887043189366,0.05811770241155733,0.007790489095517712,-0.00019186786990642963,traffic_signals,,POINT (-73.969431 40.753624)
42442952,40.754877,-73.96852,4,0.0033222591362126247,0.05265625857744256,0.00385828436364272,-0.0006894365992011066,traffic_signals,,POINT (-73.96852 40.754877)
42443528,40.7572829,-73.9781109,4,0.006644518272425249,0.05683224560819321,0.019114697408715315,0.0003208578358681569,traffic_signals,,POINT (-73.9781109 40.7572829)
42443556,40.7547828,-73.9799429,4,0.006644518272425249,0.06513934557147827,0.03171640181161345,0.0004064353496837721,traffic_signals,,POINT (-73.9799429 40.7547828)
42443561,40.7597283,-73.9916836,4,0.0049833887043189366,0.0547748462809137,0.0039897363484167996,-0.00014135229319791492,traffic_signals,,POINT (-73.9916836 40.7597283)
42443614,40.7602528,-73.9696237,4,0.0016611295681063123,0.0,0.0,-0.0013415872243975578,traffic_signals,,POINT (-73.9696237 40.7602528)
42443671,40.7402701,-73.9905315,4,0.006644518272425249,0.0542693605907559,0.03008180020385161,2.1602562150985925e-05,traffic_signals,,POINT (-73.9905315 40.7402701)
42443680,40.747152,-73.9854903,4,0.006644518272425249,0.0725086118176478,0.055409131984686937,0.0013046745619388139,traffic_signals,,POINT (-73.9854903 40.747152)
42443807,40.7537188,-73.9774323,3,0.008305647840531562,0.0672829970711766,0.005789379407714508,0.00023069836850157747,stop,,POINT (-73.9774323 40.7537188)
42443810,40.754351,-73.9769749,4,0.009966777408637873,0.06896690232975881,0.020236523455797368,0.0019441267413652392,traffic_signals,,POINT (-73.9769749 40.754351)
42443811,40.7556019,-73.9760646,3,0.006644518272425249,0.06603672715552618,0.009079817845885584,0.0001922421870369474,stop,,POINT (-73.9760646 40.7556019)
42443950,40.7503415,-73.9831749,4,0.006644518272425249,0.07452642398346424,0.058024147766150336,0.000818654610829225,traffic_signals,,POINT (-73.9831749 40.7503415)
42443975,40.7564802,-73.997767,4,0.006644518272425249,0.06020319252447866,0.01946099725037688,0.002311386773963968,traffic_signals,,POINT (-73.997767 40.7564802)
42444043,40.7547351,-73.9778672,4,0.006644518272425249,0.0672829970711766,0.021676032275929354,0.0007197120762428082,traffic_signals,,POINT (-73.9778672 40.7547351)
42444049,40.753367,-73.974648,4,0.006644518272425249,0.0684209246934671,0.03812054954702223,0.002123617436642571,traffic_signals,,POINT (-73.974648 40.753367)
42444051,40.7526987,-73.973049,4,0.006644518272425249,0.06201622626325671,0.017015326612212604,0.0005537669575540769,traffic_signals,,POINT (-73.973049 40.7526987)
42444055,40.7507505,-73.9684095,3,0.0033222591362126247,0.05624940826047088,0.006419639004142788,-0.00020223267397838517,traffic_signals,,POINT (-73.9684095 40.7507505)
42444928,40.7477804,-74.000438,4,0.0049833887043189366,0.0574793681146146,0.010607484099140084,5.113585328381256e-05,traffic_signals,,POINT (-74.000438 40.7477804)
42444933,40.7484089,-73.9999781,4,0.006644518272425249,0.05538646947950628,0.03744049902384661,0.004531397291535281,traffic_signals,,POINT (-73.9999781 40.7484089)
42444954,40.7527349,-73.996798,4,0.006644518272425249,0.06774646664720134,0.03352791230890757,0.0011428367225654909,traffic_signals,,POINT (-73.996798 40.7527349)
42444960,40.7540713,-73.9958428,4,0.006644518272425249,0.06773842170400608,0.02363770380567279,0.0006236493616861125,traffic_signals,,POINT (-73.9958428 40.7540713)
42444964,40.7546861,-73.9953826,4,0.006644518272425249,0.06331726597507328,0.022656830698065716,0.0009730162444205198,traffic_signals,,POINT (-73.9953826 40.7546861)
42444985,40.7565324,-73.9940178,4,0.006644518272425249,0.06577023511696474,0.039460063490471715,0.0010453424397680478,traffic_signals,,POINT (-73.9940178 40.7565324)
42444991,40.7571536,-73.9935785,4,0.006644518272425249,0.06052899503071257,0.03477593709184326,0.00122783588138981,traffic_signals,,POINT (-73.9935785 40.7571536)
42445001,40.75784,-73.9930728,4,0.006644518272425249,0.06181461304393533,0.02012527229823877,0.00030639137724988583,traffic_signals,,POINT (-73.9930728 40.75784)
42445011,40.7591038,-73.9921385,4,0.006644518272425249,0.06036246022956986,0.007555887346104182,0.000916743952208908,traffic_signals,,POINT (-73.9921385 40.7591038)
42445365,40.7477686,-73.9829619,4,0.009966777408637873,0.07895159158054467,0.05243906273614067,0.0024388358243320834,traffic_signals,,POINT (-73.9829619 40.7477686)
42445374,40.7464087,-73.9797169,4,0.009966777408637873,0.07645426205192805,0.048736415720843265,0.0010021574179605523,traffic_signals,,POINT (-73.9797169 40.7464087)
42445378,40.7457407,-73.9781134,4,0.009966777408637873,0.07329117938705322,0.021731700732195835,0.0010571688418195009,traffic_signals,,POINT (-73.9781134 40.7457407)
42445382,40.7454066,-73.9773303,3,0.008305647840531562,0.0694962535537811,0.008996670241152669,0.0003658372822293937,traffic_signals,,POINT (-73.9773303 40.7454066)
42445387,40.7445022,-73.9752025,3,0.008305647840531562,0.06650638325398568,0.017911849001470418,0.00028413989324367953,traffic_signals,,POINT (-73.9752025 40.7445022)
42445390,40.7437863,-73.973508,4,0.009966777408637873,0.06578540527844946,0.03235201508951913,0.0018591263420538846,traffic_signals,,POINT (-73.973508 40.7437863)
42445392,40.7431778,-73.9720697,4,0.009966777408637873,0.06274614994713841,0.033587406927636,0.003091165036663897,traffic_signals,,POINT (-73.9720697 40.7431778)
42445404,40.7452501,-73.984794,4,0.006644518272425249,0.07045766417606661,0.044712626917749694,0.0009040312990325439,traffic_signals,,POINT (-73.984794 40.7452501)
42445409,40.7445433,-73.9831115,4,0.006644518272425249,0.07034470947952094,0.08436200267287045,0.002076819815968401,traffic_signals,,POINT (-73.9831115 40.7445433)
42445413,40.7432118,-73.9799582,4,0.006644518272425249,0.06742615238409401,0.037117426840211104,0.001002037750753944,traffic_signals,,POINT (-73.9799582 40.7432118)
42445417,40.7412737,-73.9753382,4,0.006644518272425249,0.0621988059284086,0.047953125798821813,0.004757908448218723,traffic_signals,,POINT (-73.9753382 40.7412737)
42445649,40.7515813,-73.9822757,4,0.006644518272425249,0.07408120119083575,0.0682619472867265,0.0009423875184548503,traffic_signals,,POINT (-73.9822757 40.7515813)
42445651,40.7509069,-73.9806768,4,0.006644518272425249,0.07585442143210575,0.04136103139496256,0.0012861254360161253,traffic_signals,,POINT (-73.9806768 40.7509069)
42445653,40.750187,-73.9789649,4,0.006644518272425249,0.0740139158128241,0.019386098068450222,0.001411595291217572,traffic_signals,,POINT (-73.9789649 40.750187)
42445656,40.7495392,-73.9774292,4,0.006644518272425249,0.07530366325669112,0.04264194489341777,0.0011507517634705823,traffic_signals,,POINT (-73.9774292 40.7495392)
42445661,40.7488692,-73.975839,4,0.006644518272425249,0.0682653481533551,0.016704070063986956,0.0007926657309993745,traffic_signals,,POINT (-73.975839 40.7488692)
42445664,40.7485037,-73.9749714,4,0.006644518272425249,0.06547580913331442,0.013090911954070212,0.0004445606305969925,traffic_signals,,POINT (-73.9749714 40.7485037)
42445666,40.7475701,-73.9727421,4,0.008305647840531562,0.06407832500218325,0.009082717407319257,5.8550754014753216e-05,traffic_signals,,POINT (-73.9727421 40.7475701)
42445667,40.7469293,-73.9712165,3,0.0049833887043189366,0.06045201877590454,0.008831237714534165,-9.398560269828277e-06,traffic_signals,,POINT (-73.9712165 40.7469293)
42445804,40.7497536,-73.9699431,3,0.006644518272425249,0.05897087244592528,0.008569957235584437,0.002790894648728557,,,POINT (-73.9699431 40.7497536)
42445867,40.7408836,-73.9879839,3,0.008305647840531562,0.06063838090458544,0.017667670196436756,0.000810379374088141,traffic_signals,,POINT (-73.9879839 40.7408836)
42445879,40.742157,-73.9870446,3,0.0049833887043189366,0.0599816245183423,0.009869984262468061,0.00021076019182072046,traffic_signals,,POINT (-73.9870446 40.742157)
42445885,40.7433908,-73.9861457,4,0.006644518272425249,0.06516166885645822,0.04782904588645033,0.00046482265407543345,traffic_signals,,POINT (-73.9861457 40.7433908)
42445888,40.7440046,-73.9856985,4,0.006644518272425249,0.06652189494687291,0.04084050780856146,0.000558224555333179,traffic_signals,,POINT (-73.9856985 40.7440046)
42445896,40.7458588,-73.9843457,4,0.006644518272425249,0.07201429733233623,0.03701052112732256,0.0008862127049911365,traffic_signals,,POINT (-73.9843457 40.7458588)
42445899,40.7464825,-73.9838914,4,0.006644518272425249,0.07280475420158715,0.036716053284022644,0.0011524482243275471,traffic_signals,,POINT (-73.9838914 40.7464825)
42445903,40.7471011,-73.9834426,4,0.006644518272425249,0.07351788235203444,0.017262207793438605,0.0006912361891475295,traffic_signals,,POINT (-73.9834426 40.7471011)
42445908,40.7490542,-73.9820215,4,0.006644518272425249,0.07599590316672465,0.022991678628489394,0.0009522470388180642,traffic_signals,,POINT (-73.9820215 40.7490542)
42445909,40.7496645,-73.9815704,4,0.006644518272425249,0.07543311943525989,0.02425540347698654,0.000786666970175947,traffic_signals,,POINT (-73.9815704 40.7496645)
42445910,40.7502832,-73.9811233,4,0.006644518272425249,0.07452642398346424,0.024819089185257263,0.0009134445056576495,traffic_signals,,POINT (-73.9811233 40.7502832)
42445914,40.7515286,-73.9802259,4,0.006644518272425249,0.07409082337568974,0.02330489870446144,0.002277223110235148,traffic_signals,,POINT (-73.9802259 40.7515286)
42445916,40.7528125,-73.9792873,4,0.009966777408637873,0.07205068197163512,0.0859820810329434,0.006072013822433073,traffic_signals,,POINT (-73.9792873 40.7528125)
42445917,40.7534863,-73.9787764,4,0.006644518272425249,0.06808608846615365,0.01797897532047432,0.001268726348609399,traffic_signals,,POINT (-73.9787764 40.7534863)
42445920,40.754099,-73.9783295,4,0.006644518272425249,0.06549836366625734,0.011180437350708217,0.000524087170388101,traffic_signals,,POINT (-73.9783295 40.754099)
42445924,40.7559868,-73.9769642,4,0.006644518272425249,0.06429500103352517,0.016825086401906608,0.0005725043925626747,traffic_signals,,POINT (-73.9769642 40.7559868)
42445926,40.7566036,-73.976512,4,0.006644518272425249,0.060981959500687966,0.015428244587932441,0.0008934960490021217,traffic_signals,,POINT (-73.976512 40.7566036)
42445928,40.7578582,-73.975593,4,0.006644518272425249,0.05682092331601108,0.014220871921973391,-4.0791080453279824e-05,traffic_signals,,POINT (-73.975593 40.7578582)
42445930,40.7591136,-73.9746825,4,0.006644518272425249,0.051422090432654395,0.009031013396026109,-0.00046561096169949145,traffic_signals,,POINT (-73.9746825 40.7591136)
42445936,40.7603711,-73.9737664,4,0.0033222591362126247,0.046775338185275545,0.0018424189046092059,-0.0009901581118376582,traffic_signals,,POINT (-73.9737664 40.7603711)
42446266,40.7433005,-73.9840243,4,0.006644518272425249,0.06648312927382695,0.06595899879721115,0.0013550009316016206,traffic_signals,,POINT (-73.9840243 40.7433005)
42446270,40.7426439,-73.9824628,4,0.006644518272425249,0.06685715531756156,0.02955661950863293,0.0005198881910466149,traffic_signals,,POINT (-73.9824628 40.7426439)
42446275,40.7419683,-73.9808564,4,0.006644518272425249,0.06392751867863221,0.02836360213359032,0.00039808366329497675,traffic_signals,,POINT (-73.9808564 40.7419683)
42446293,40.7400362,-73.9762474,3,0.0049833887043189366,0.05760125711091944,0.03201390431035617,0.0001230898362893619,traffic_signals,,POINT (-73.9762474 40.7400362)
42446353,40.7597993,-73.9762894,4,0.0049833887043189366,0.044641199653266184,0.0036257516487128525,-0.0006371849370149458,traffic_signals,,POINT (-73.9762894 40.7597993)
42446488,40.7522048,-73.9818235,4,0.006644518272425249,0.07095723960311422,0.050233454023315284,0.002108115485866399,traffic_signals,,POINT (-73.9818235 40.7522048)
42446504,40.758346,-73.9964055,4,0.006644518272425249,0.05929576394692675,0.02027493332382122,0.0013681225775780904,traffic_signals,,POINT (-73.9964055 40.758346)
42446506,40.758846,-73.9975781,4,0.006644518272425249,0.05356105626004087,0.009835032910916953,0.0008124437833218625,traffic_signals,,POINT (-73.9975781 40.758846)
42446668,40.7539186,-73.9996344,4,0.006644518272425249,0.05850515376096772,0.01377476338513182,0.0008418492439054299,traffic_signals,,POINT (-73.9996344 40.7539186)
42446701,40.747774,-73.9850381,4,0.006644518272425249,0.07533349830552499,0.06478237486203786,0.001148019821995568,traffic_signals,,POINT (-73.9850381 40.747774)
42446925,40.7395123,-73.9847532,4,0.009966777408637873,0.05907469440445684,0.03251287377693005,0.000617784985239157,traffic_signals,,POINT (-73.9847532 40.7395123)
42446932,40.7420239,-73.9829135,4,0.006644518272425249,0.06392751867863221,0.03391939276119319,0.00044156036872073295,traffic_signals,,POINT (-73.9829135 40.7420239)
42446933,40.744495,-73.9811045,4,0.006644518272425249,0.06943703580881744,0.043340484218216374,0.0007904683264341707,traffic_signals,,POINT (-73.9811045 40.744495)
42446934,40.7451153,-73.9806499,4,0.006644518272425249,0.07286985809522678,0.03665260381496213,0.0008682997955800915,traffic_signals,,POINT (-73.9806499 40.7451153)
42446935,40.7457353,-73.9801966,4,0.006644518272425249,0.072563954861905,0.06463538340924316,0.0032187943452596734,traffic_signals,,POINT (-73.9801966 40.7457353)
42446941,40.7476825,-73.9787824,4,0.006644518272425249,0.07392758542890555,0.04655379645599862,0.001026299778479714,traffic_signals,,POINT (-73.9787824 40.7476825)
42446942,40.7482985,-73.9783302,4,0.006644518272425249,0.07167947338143192,0.04040143681340725,0.000689888160963525,traffic_signals,,POINT (-73.9783302 40.7482985)
42446945,40.7489216,-73.9778802,4,0.006644518272425249,0.0740139158128241,0.04150860762818425,0.0008229667517980417,traffic_signals,,POINT (-73.9778802 40.7489216)
42446949,40.7501605,-73.9769755,4,0.006644518272425249,0.0787227779698365,0.05193020275998522,0.00171783582041235,traffic_signals,,POINT (-73.9769755 40.7501605)
42446971,40.7521215,-73.9755534,3,0.0049833887043189366,0.06576265265960747,0.02306332674934137,0.0007097042411637139,traffic_signals,,POINT (-73.9755534 40.7521215)
42446977,40.752741,-73.975102,3,0.0049833887043189366,0.06394901896518333,0.01905147865950268,0.0005479104102669077,traffic_signals,,POINT (-73.975102 40.752741)
42446986,40.7546125,-73.9737345,4,0.006644518272425249,0.061707621069822076,0.025434548608555117,0.0005204161987157899,traffic_signals,,POINT (-73.9737345 40.7546125)
42446987,40.7552316,-73.9732717,4,0.006644518272425249,0.06372754431565582,0.026815630758363518,0.0003537872051897177,traffic_signals,,POINT (-73.9732717 40.7552316)
42446991,40.756498,-73.972362,4,0.006644518272425249,0.05717402517484567,0.02190758788905054,-4.0042485480757273e-05,traffic_signals,,POINT (-73.972362 40.756498)
42446994,40.7577574,-73.9714431,4,0.006644518272425249,0.051580183485797564,0.015735635411664076,-0.00041773992716303497,traffic_signals,,POINT (-73.9714431 40.7577574)
42446998,40.7590024,-73.970533,4,0.006644518272425249,0.04679836321022522,0.008524518196504339,-0.0007830238832966099,traffic_signals,,POINT (-73.970533 40.7590024)
42448338,40.7602895,-73.9716131,4,0.0049833887043189366,0.04679836321022522,0.002742988568223355,-0.001015497811107123,traffic_signals,,POINT (-73.9716131 40.7602895)
42448379,40.75896,-73.9684914,5,0.0033222591362126247,0.0438080983925532,0.003326609055571302,-0.0012308781313366218,traffic_signals,,POINT (-73.9684914 40.75896)
42448693,40.7401693,-73.9863033,4,0.009966777408637873,0.059899742640915174,0.060567937360703525,0.0010836553806408426,traffic_signals,,POINT (-73.9863033 40.7401693)
42448701,40.7388354,-73.9831516,4,0.013289036544850499,0.05722564698730289,0.04383925419407638,0.0006203654301310811,traffic_signals,,POINT (-73.9831516 40.7388354)
42448707,40.7368956,-73.9785412,4,0.009966777408637873,0.05322620595030655,0.02195546596584838,0.003945102046153417,traffic_signals,,POINT (-73.9785412 40.7368956)
42448714,40.7354563,-73.9751359,4,0.0049833887043189366,0.05296427568889835,0.0062457839556873925,0.002729473244494675,traffic_signals,,POINT (-73.9751359 40.7354563)
42448811,40.755903,-73.9748081,4,0.006644518272425249,0.06748997268923748,0.05143118088001026,0.0008786489287503765,traffic_signals,,POINT (-73.9748081 40.755903)
42448813,40.7545735,-73.9716835,4,0.006644518272425249,0.061707621069822076,0.018880370801858715,5.02674817218315e-05,traffic_signals,,POINT (-73.9716835 40.7545735)
42449308,40.7457757,-73.9822189,4,0.006644518272425249,0.07261013864173056,0.10080848556838275,0.00711979446520866,traffic_signals,,POINT (-73.9822189 40.7457757)
42449314,40.7444458,-73.9790592,4,0.006644518272425249,0.06943703580881744,0.016016468525438067,0.0007129664620009938,traffic_signals,,POINT (-73.9790592 40.7444458)
42449333,40.7373314,-73.9926537,4,0.006644518272425249,0.04393293662734406,0.011449819922788878,-0.0004940340645080914,traffic_signals,,POINT (-73.9926537 40.7373314)
42449683,40.7489448,-73.9798635,4,0.006644518272425249,0.07392758542890555,0.014839640048747259,0.0006487643516224539,traffic_signals,,POINT (-73.9798635 40.7489448)
42449685,40.7476335,-73.9767423,4,0.006644518272425249,0.06797250347586216,0.01325784150205856,0.0012300517270525872,traffic_signals,,POINT (-73.9767423 40.7476335)
42449689,40.746323,-73.9736535,4,0.009966777408637873,0.06494651590224698,0.014829959688271256,0.00029900833085047833,traffic_signals,,POINT (-73.9736535 40.746323)
42449893,40.7363755,-73.9849362,4,0.009966777408637873,0.04895933818294011,0.016443315658820814,0.00019465625462547874,traffic_signals,,POINT (-73.9849362 40.7363755)
42449918,40.7413442,-73.9813061,4,0.006644518272425249,0.059636722338675924,0.03275401481324057,0.00032716432442754994,traffic_signals,,POINT (-73.9813061 40.7413442)
42449926,40.7438234,-73.9795108,4,0.006644518272425249,0.06556612059418795,0.022731988355782305,0.0006333765734798479,traffic_signals,,POINT (-73.9795108 40.7438234)
42449928,40.745061,-73.9786092,4,0.006644518272425249,0.0678028347996476,0.04417767486159651,0.0034499471632149672,traffic_signals,,POINT (-73.9786092 40.745061)
42449932,40.7470157,-73.9771912,4,0.006644518272425249,0.07209621450574256,0.025931120675104457,0.0024156210115046477,traffic_signals,,POINT (-73.9771912 40.7470157)
42449938,40.7482478,-73.9762946,4,0.006644518272425249,0.07167947338143192,0.014337372889745686,0.001010259918758586,traffic_signals,,POINT (-73.9762946 40.7482478)
42449947,40.751455,-73.9739553,4,0.006644518272425249,0.06841271877781666,0.020042269315240845,0.0005365806464031774,traffic_signals,,POINT (-73.9739553 40.751455)
42449948,40.7520704,-73.9735109,4,0.006644518272425249,0.06576265265960747,0.0160027817983122,0.0004469321393835128,traffic_signals,,POINT (-73.9735109 40.7520704)
42449954,40.7539505,-73.9721397,4,0.006644518272425249,0.06412154329692393,0.017526928079140254,0.00019568707494374508,traffic_signals,,POINT (-73.9721397 40.7539505)
42449956,40.7558296,-73.9707675,4,0.006644518272425249,0.05565124382140832,0.01463518295623505,2.2089515392499378e-05,traffic_signals,,POINT (-73.9707675 40.7558296)
42449961,40.7570956,-73.9698449,4,0.0049833887043189366,0.05039092307150488,0.007219531881562462,-0.0005563237157783361,traffic_signals,,POINT (-73.9698449 40.7570956)
42449963,40.7583381,-73.9689403,4,0.0049833887043189366,0.045861492938529924,0.003340428769116283,-0.0009759573731522519,traffic_signals,,POINT (-73.9689403 40.7583381)
42450814,40.7457826,-73.9704329,3,0.006644518272425249,0.06247812148624701,0.019635580384310607,0.00031549830656397694,,,POINT (-73.9704329 40.7457826)
42451674,40.7465313,-73.9859434,4,0.006644518272425249,0.07280475420158715,0.05567596040089703,0.0011570434008365538,traffic_signals,,POINT (-73.9859434 40.7465313)
42451695,40.7526895,-74.0005305,3,0.0049833887043189366,0.05807628274989159,0.007635856605892119,0.0005085841882315164,traffic_signals,,POINT (-74.0005305 40.7526895)
42451787,40.7355933,-73.9794642,3,0.0033222591362126247,0.0,0.0,-0.0004609762414269695,traffic_signals,,POINT (-73.9794642 40.7355933)
42452353,40.7566594,-73.9785571,4,0.006644518272425249,0.060981959500687966,0.020483899795599506,0.00020181573784631933,traffic_signals,,POINT (-73.9785571 40.7566594)
42452875,40.7584106,-73.9729808,4,0.006644518272425249,0.05426419798034962,0.016114738745064697,-0.00020076184399694068,traffic_signals,,POINT (-73.9729808 40.7584106)
42452973,40.7497263,-73.9836183,4,0.006644518272425249,0.07502633817827638,0.05968590325412096,0.0010117097965325775,traffic_signals,,POINT (-73.9836183 40.7497263)
42452975,40.7558737,-73.9982088,4,0.006644518272425249,0.056304930329625434,0.02300485355365605,0.001733423032335471,traffic_signals,,POINT (-73.9982088 40.7558737)
42453000,40.7501172,-73.9688692,3,0.0049833887043189366,0.0596803985320606,0.006433458717687767,0.0009154780586610042,traffic_signals,,POINT (-73.9688692 40.7501172)
42453005,40.7508013,-73.97849,4,0.006644518272425249,0.08095731608989998,0.040737228475914676,0.003380925298818006,traffic_signals,,POINT (-73.97849 40.7508013)
42453008,40.7481912,-73.9722915,3,0.0049833887043189366,0.0638559553531216,0.006732351476665659,0.0001553656106293315,,,POINT (-73.9722915 40.7481912)
42453011,40.7475533,-73.9707856,3,0.0049833887043189366,0.06280141463937414,0.010515707812777933,0.00017779481254467824,traffic_signals,,POINT (-73.9707856 40.7475533)
42453187,40.7430899,-73.9740139,3,0.006644518272425249,0.06695132032505108,0.0411192397938693,0.004013717890610631,traffic_signals,,POINT (-73.9740139 40.7430899)
42453310,40.7388764,-73.9872419,4,0.006644518272425249,0.0517392516253456,0.03624215283232329,0.0006605120147958143,traffic_signals,,POINT (-73.9872419 40.7388764)
42453624,40.742832,-73.9886624,3,0.0049833887043189366,0.05754315032476901,0.00525918141121712,5.330135846266239e-05,traffic_signals,,POINT (-73.9886624 40.742832)
42453986,40.7495663,-73.9794069,4,0.006644518272425249,0.0740139158128241,0.01828040023030667,0.0008148120374991962,traffic_signals,,POINT (-73.9794069 40.7495663)
42453999,40.7478768,-73.9754305,4,0.006644518272425249,0.0673704085472346,0.009588979400186343,0.0008916396937926073,traffic_signals,,POINT (-73.9754305 40.7478768)
42454006,40.7469395,-73.9732058,4,0.009966777408637873,0.06433125625007728,0.008102073378026688,0.00023364934988948064,traffic_signals,,POINT (-73.9732058 40.7469395)
42454010,40.7462999,-73.9716752,4,0.008305647840531562,0.06443298872353273,0.012303268359072604,0.0004512614468155932,traffic_signals,,POINT (-73.9716752 40.7462999)
42454378,40.7390984,-73.9913883,4,0.006644518272425249,0.04988414946824969,0.02763553944536722,-0.0001664009704125562,traffic_signals,,POINT (-73.9913883 40.7390984)
42454428,40.7541655,-73.9803921,4,0.006644518272425249,0.06549836366625734,0.03848730035428956,0.0006589151616439914,traffic_signals,,POINT (-73.9803921 40.7541655)
42454433,40.7603122,-73.994972,4,0.0033222591362126247,0.05875923972413755,0.0,0.00011813191286802275,traffic_signals,,POINT (-73.994972 40.7603122)
42454495,40.7457827,-73.974319,4,0.006644518272425249,0.0671641645083522,0.00562678130445047,0.0005543950584821648,traffic_signals,,POINT (-73.974319 40.7457827)
42454522,40.7426835,-73.984473,4,0.006644518272425249,0.06369196618685073,0.06324081838144226,0.0011680767483571116,traffic_signals,,POINT (-73.984473 40.7426835)
42455735,40.7552565,-73.9986588,4,0.006644518272425249,0.05902579151173792,0.013548599474939737,0.00037235290415454984,traffic_signals,,POINT (-73.9986588 40.7552565)
42455751,40.7589842,-73.9959405,4,0.006644518272425249,0.058800664794292884,0.014879216901039665,0.0009241984919504871,traffic_signals,,POINT (-73.9959405 40.7589842)
42455897,40.7381697,-73.9776048,4,0.008305647840531562,0.053621474823221965,0.025067523111416756,0.0022031811579817386,traffic_signals,,POINT (-73.9776048 40.7381697)
42455915,40.7450699,-73.9725748,4,0.006644518272425249,0.06618230063457886,0.016729879683787332,0.0013103631372507443,traffic_signals,,POINT (-73.9725748 40.7450699)
42455929,40.7488808,-73.9699735,4,0.009966777408637873,0.0654908437622773,0.03524909028299478,0.003916640587273758,traffic_signals,,POINT (-73.9699735 40.7488808)
42456543,40.7377054,-73.9880935,4,0.006644518272425249,0.04765059303061025,0.026897621360713424,0.0002925160774977305,traffic_signals,,POINT (-73.9880935 40.7377054)
42456555,40.7414386,-73.9853785,4,0.006644518272425249,0.058922141221922866,0.04411635473097427,0.0008110710662384475,traffic_signals,,POINT (-73.9853785 40.7414386)
42456568,40.7451552,-73.9826672,4,0.006644518272425249,0.07036206354624834,0.08616346085471657,0.002124902701471906,traffic_signals,,POINT (-73.9826672 40.7451552)
42456611,40.7596534,-73.9720733,4,0.006644518272425249,0.049081504833026604,0.00637374219315589,-0.0007033139271913805,traffic_signals,,POINT (-73.9720733 40.7596534)
42457476,40.7553471,-73.9754421,4,0.006644518272425249,0.06748997268923748,0.05282689252271541,0.0023037628164439845,traffic_signals,,POINT (-73.9754421 40.7553471)
42457925,40.7389315,-73.9731277,3,0.0049833887043189366,0.0033222591362126247,0.0035300464672434143,0.0004212514770922575,,,POINT (-73.9731277 40.7389315)
42457940,40.7399483,-73.9727291,3,0.0049833887043189366,0.004614248800295312,0.0040946931899484215,0.001865510120994784,,,POINT (-73.9727291 40.7399483)
42458333,40.7483294,-73.9803101,4,0.006644518272425249,0.07560308140085291,0.021019639118428603,0.0009661408548538307,traffic_signals,,POINT (-73.9803101 40.7483294)
42459098,40.7571447,-73.9739026,4,0.006644518272425249,0.06036246022956986,0.02933428015026985,0.00030286567429495503,traffic_signals,,POINT (-73.9739026 40.7571447)
42459636,40.7496684,-73.9697413,1,0.0033222591362126247,0.05560784257842028,0.0,-0.0005184484687333649,,,POINT (-73.9697413 40.7496684)
100522479,40.7509394,-73.9785484,3,0.006644518272425249,0.08297094533373604,0.1485565518795058,0.0196167046503052,,,POINT (-73.9785484 40.7509394)
100522728,40.7552761,-73.9752669,4,0.006644518272425249,0.07094841407580041,0.06820271305737108,0.001093037284205228,traffic_signals,,POINT (-73.9752669 40.7552761)
100522741,40.7546355,-73.9757004,4,0.006644518272425249,0.07460440088535643,0.08482525777772026,0.0037529371473717372,traffic_signals,,POINT (-73.9757004 40.7546355)
248708582,40.7487771,-73.9697356,5,0.009966777408637873,0.061501374573524024,0.027129232821533854,0.007805506160220076,traffic_signals,,POINT (-73.9697356 40.7487771)
358447541,40.7488385,-74.0009811,3,0.0016611295681063123,0.0,0.0,-0.000481983472844181,,,POINT (-74.0009811 40.7488385)
358448394,40.7510669,-73.9980331,3,0.0049833887043189366,0.06253977076739779,0.023591357730452952,0.0004047103347858818,,,POINT (-73.9980331 40.7510669)
370912817,40.740672,-73.9729042,3,0.0033222591362126247,0.055711031269600086,0.003777923779221811,-0.00027803332503966783,,,POINT (-73.9729042 40.740672)
370913758,40.7373672,-73.9743448,3,0.0033222591362126247,0.0,0.0,-0.0002536822184564099,motorway_junction,8,POINT (-73.9743448 40.7373672)
370913779,40.7398486,-73.9728993,3,0.0049833887043189366,0.0037752944729688917,0.0029966624870977707,0.0032467495271924977,,,POINT (-73.9728993 40.7398486)
370914027,40.7441761,-73.9713587,3,0.0049833887043189366,0.0035176861442251317,0.004591457430188191,0.006001473798330599,motorway_junction,9,POINT (-73.9713587 40.7441761)
370915061,40.7467601,-73.9690646,3,0.0033222591362126247,0.058423369822682855,0.0,0.0005208861319032134,,,POINT (-73.9690646 40.7467601)
387184869,40.7362172,-73.9790127,4,0.006644518272425249,0.0513387858131073,0.006596997572499189,0.0026622438647480977,traffic_signals,,POINT (-73.9790127 40.7362172)
390519635,40.7375427,-73.9840861,4,0.009966777408637873,0.0533806147454085,0.02189355796181946,0.00017415723375210226,traffic_signals,,POINT (-73.9840861 40.7375427)
406048768,40.7438669,-73.9716376,3,0.008305647840531562,0.061720974807339894,0.02005627429783514,0.0006472051257718699,traffic_signals,,POINT (-73.9716376 40.7438669)
427804166,40.7587091,-73.998635,3,0.0049833887043189366,0.05939335417171567,0.002243572669606257,0.00031049751423671405,,,POINT (-73.998635 40.7587091)
427804196,40.7581469,-73.9978539,3,0.0049833887043189366,0.05905023283327487,0.0060950955507208075,0.0005226750202870119,,,POINT (-73.9978539 40.7581469)
427804205,40.7583801,-73.9977827,3,0.0049833887043189366,0.057065351057366466,0.008072823555037698,0.001379912818931034,motorway_junction,,POINT (-73.9977827 40.7583801)
427804211,40.7583819,-73.9984041,3,0.0049833887043189366,0.05929576394692675,0.011880123352808318,-1.846808467787514e-05,,,POINT (-73.9984041 40.7583819)
427840965,40.7562704,-73.9949687,3,0.0049833887043189366,0.06054826973457544,0.03336952419001909,0.002182452571165224,,,POINT (-73.9949687 40.7562704)
427840967,40.7560047,-73.995113,3,0.0049833887043189366,0.06451314738401212,0.033383343903564074,0.0022600442614488783,,,POINT (-73.995113 40.7560047)
427840984,40.7545575,-73.9978498,3,0.0049833887043189366,0.06154782576277894,0.021970976359524268,0.002015657948063191,,,POINT (-73.9978498 40.7545575)
427840998,40.7522044,-73.9993742,4,0.006644518272425249,0.06320501375838618,0.025200761033887145,0.0015910170127475271,traffic_signals,,POINT (-73.9993742 40.7522044)
427841011,40.757564,-73.9967634,4,0.009966777408637873,0.053981759171896966,0.015175935308456949,0.0031431378665974273,motorway_junction,,POINT (-73.9967634 40.757564)
427841023,40.7566236,-73.9951455,3,0.006644518272425249,0.057133939219695035,0.025527950508300756,0.0007597991867141253,,,POINT (-73.9951455 40.7566236)
427841034,40.7559056,-73.9953727,3,0.0049833887043189366,0.05400220100060923,0.01032437577275384,0.000330229280205414,motorway_junction,,POINT (-73.9953727 40.7559056)
427841050,40.7546452,-73.9979154,3,0.0049833887043189366,0.051209735987919495,0.005990959006220972,0.00034384440045157673,motorway_junction,,POINT (-73.9979154 40.7546452)
427841052,40.7543851,-73.9982439,3,0.0049833887043189366,0.05082192170076936,0.01720062385861713,0.0017096527343663365,,,POINT (-73.9982439 40.7543851)
427841062,40.7522417,-73.9994638,4,0.006644518272425249,0.06033053930930039,0.024100907338632068,0.0018258474412656501,traffic_signals,,POINT (-73.9994638 40.7522417)
427841071,40.7518389,-73.9996893,5,0.008305647840531562,0.05807628274989159,0.022713589118664827,0.0010158423930633138,traffic_signals,,POINT (-73.9996893 40.7518389)
427841073,40.7518727,-73.9995881,3,0.0049833887043189366,0.059843186022811086,0.001392065402578277,-2.000908866427506e-05,traffic_signals,,POINT (-73.9995881 40.7518727)
427842069,40.7553657,-73.9960116,3,0.0049833887043189366,0.06188167163912294,0.009820336543658444,0.0008228516690792745,,,POINT (-73.9960116 40.7553657)
427842070,40.7551147,-73.9963969,4,0.006644518272425249,0.06055469736405894,0.009628896643412741,0.0009291134426389629,traffic_signals,,POINT (-73.9963969 40.7551147)
427842140,40.7553882,-73.9965093,3,0.0049833887043189366,0.05130646241854967,0.005619683314323666,0.00113025733032756,,,POINT (-73.9965093 40.7553882)
427845226,40.7534417,-73.9985006,3,0.0049833887043189366,0.06338058324104835,0.006858190302833269,0.0005971225873939388,,,POINT (-73.9985006 40.7534417)
427845236,40.753547,-73.9987459,3,0.0049833887043189366,0.05998793239766907,0.004546875778858275,0.00029226382489113274,,,POINT (-73.9987459 40.753547)
427850819,40.7571357,-73.9970821,3,0.0049833887043189366,0.0016611295681063123,0.0016113785993443928,0.0021913210641426456,,,POINT (-73.9970821 40.7571357)
427850840,40.7570939,-73.9952445,4,0.006644518272425249,0.05132031031663835,0.001897795452972041,0.0007870094755578614,,,POINT (-73.9952445 40.7570939)
449581627,40.7424446,-73.9889406,3,0.0049833887043189366,0.05436245584384211,0.0010477073234587337,-0.00020355325774953025,,,POINT (-73.9889406 40.7424446)
561042188,40.7464559,-73.9819128,3,0.0049833887043189366,0.0734138029819093,0.036979588659963626,0.0006487459359735029,traffic_signals,,POINT (-73.9819128 40.7464559)
561042190,40.747127,-73.9814462,4,0.009966777408637873,0.0793690342520433,0.0737731775158692,0.0027844682541221326,traffic_signals,,POINT (-73.9814462 40.747127)
561042191,40.7477911,-73.9809472,4,0.006644518272425249,0.07560308140085291,0.04872597941786925,0.0007804044483894405,traffic_signals,,POINT (-73.9809472 40.7477911)
561042192,40.7490228,-73.9800466,4,0.006644518272425249,0.0740139158128241,0.055361849382902936,0.0006985793915481488,traffic_signals,,POINT (-73.9800466 40.7490228)
561042193,40.7484072,-73.9804936,4,0.006644518272425249,0.07543311943525989,0.05407048510731589,0.0009308787222710125,traffic_signals,,POINT (-73.9804936 40.7484072)
561042194,40.7496466,-73.9795963,4,0.006644518272425249,0.07585442143210575,0.058830248991552335,0.0008224849646945065,traffic_signals,,POINT (-73.9795963 40.7496466)
561042195,40.7502663,-73.9791544,4,0.006644518272425249,0.07459464485019422,0.07539983062834765,0.0013082882601876747,traffic_signals,,POINT (-73.9791544 40.7502663)
561042197,40.750545,-73.9786965,3,0.0049833887043189366,0.06881713706954219,0.0077336707246416815,0.0012202789326487256,,,POINT (-73.9786965 40.750545)
561042198,40.7508917,-73.9787155,4,0.006644518272425249,0.06895856493827796,0.010632817794273646,0.002251540327149706,traffic_signals,,POINT (-73.9787155 40.7508917)
561042199,40.7508349,-73.9785737,5,0.008305647840531562,0.0864935935056005,0.13840850811990013,0.028711738593500884,traffic_signals,,POINT (-73.9785737 40.7508349)
561042200,40.7515122,-73.9782873,3,0.0049833887043189366,0.06633623086049951,0.0015268391592409072,0.000607126851124206,traffic_signals,,POINT (-73.9782873 40.7515122)
589099734,40.7443472,-73.9713203,3,0.006644518272425249,0.06178113821828607,0.019002189583395137,0.0008952646244234995,,,POINT (-73.9713203 40.7443472)
589099881,40.7445132,-73.9712406,3,0.0049833887043189366,0.06406393184742085,0.017617717856305077,0.0003334262119559431,traffic_signals,,POINT (-73.9712406 40.7445132)
589100164,40.7371759,-73.9741861,2,0.0049833887043189366,0.0016611295681063123,0.0005067767958526367,0.00046379577900762905,,,POINT (-73.9741861 40.7371759)
589100228,40.7359099,-73.975161,3,0.0049833887043189366,0.05135265116757609,0.005576849717308815,0.004215443287504252,,,POINT (-73.975161 40.7359099)
589100267,40.7359893,-73.974805,4,0.006644518272425249,0.0016611295681063123,0.0008845926691984681,0.004109279915842896,,,POINT (-73.974805 40.7359893)
593839894,40.7589139,-73.9996835,4,0.008305647840531562,0.05636056211534782,0.017522962303746736,0.00104398698449994,traffic_signals,,POINT (-73.9996835 40.7589139)
593886226,40.7483194,-73.9707085,1,0.0033222591362126247,0.058922141221922866,0.0,-0.000470317471391883,,,POINT (-73.9707085 40.7483194)
593886253,40.7479303,-73.9713072,1,0.0033222591362126247,0.058922141221922866,0.0,-0.000470317471391883,,,POINT (-73.9713072 40.7479303)
593920879,40.7595088,-73.9972272,2,0.0049833887043189366,0.05253985900059273,0.007060866055178131,-0.0004331757385625567,,,POINT (-73.9972272 40.7595088)
593926788,40.7583857,-73.9981212,4,0.006644518272425249,0.0609624077342562,0.007531123123867142,0.0005071381789171126,,,POINT (-73.9981212 40.7583857)
593984752,40.7568438,-73.996209,3,0.0049833887043189366,0.0022148394241417496,0.0019071204692069142,0.00048354788588194503,,,POINT (-73.996209 40.7568438)
593988920,40.7572045,-73.995157,3,0.0049833887043189366,0.05135727461685741,0.013569972720658994,0.002558171331162771,,,POINT (-73.995157 40.7572045)
595105472,40.7494064,-73.9693844,3,0.0049833887043189366,0.06148148837782229,0.0043429359313872425,0.0012056041145402615,crossing,,POINT (-73.9693844 40.7494064)
595105531,40.7477805,-73.9706144,3,0.0049833887043189366,0.05903800964287262,0.010501888099232961,3.539936596975117e-05,,,POINT (-73.9706144 40.7477805)
595105538,40.7481531,-73.9701563,3,0.0049833887043189366,0.05632160833031549,0.002927296353476681,3.0018013709437163e-05,,,POINT (-73.9701563 40.7481531)
596775840,40.7547324,-73.9759246,4,0.006644518272425249,0.06605202051521947,0.05140561454966929,0.0043622480370486,traffic_signals,,POINT (-73.9759246 40.7547324)
596775867,40.7565994,-73.9745281,4,0.006644518272425249,0.06036246022956986,0.041137517642087645,0.0006114014298301828,traffic_signals,,POINT (-73.9745281 40.7565994)
596775870,40.7572198,-73.9740765,4,0.006644518272425249,0.05421262584769391,0.02376005408981602,0.0003314871234565469,traffic_signals,,POINT (-73.9740765 40.7572198)
596775876,40.7578528,-73.9736145,4,0.006644518272425249,0.05426419798034962,0.023252303991664256,6.813157967472074e-05,traffic_signals,,POINT (-73.9736145 40.7578528)
596775882,40.7559783,-73.9749834,4,0.006644518272425249,0.060120705013641994,0.03608299977244453,0.0021961847782659433,traffic_signals,,POINT (-73.9749834 40.7559783)
596775900,40.7590978,-73.9727039,4,0.006644518272425249,0.049081504833026604,0.01247586321404945,-0.0004408115366833636,traffic_signals,,POINT (-73.9727039 40.7590978)
596775907,40.7603618,-73.971784,4,0.0033222591362126247,0.04466217109062287,0.002729168854678378,-0.0010892522946915804,traffic_signals,,POINT (-73.971784 40.7603618)
596775914,40.7584847,-73.9731554,4,0.006644518272425249,0.04912377274969301,0.014363756775102146,-0.00019180623042492639,traffic_signals,,POINT (-73.9731554 40.7584847)
596775919,40.7597298,-73.9722474,4,0.006644518272425249,0.04473923522897531,0.0061636187596690074,-0.0006247768940673717,traffic_signals,,POINT (-73.9722474 40.7597298)
1533280147,40.7546303,-73.997161,4,0.006644518272425249,0.06054826973457544,0.004807844226870284,0.00019286040057743095,traffic_signals,,POINT (-73.997161 40.7546303)
1632878962,40.7390301,-73.9735586,3,0.006644518272425249,0.059711635001511075,0.02243173697014706,0.0015075043195199526,,,POINT (-73.9735586 40.7390301)
1632878994,40.7401752,-73.9761435,3,0.0049833887043189366,0.05440393411248787,0.03164696568927579,0.00030164323313379204,,,POINT (-73.9761435 40.7401752)
1692450029,40.7366007,-73.9818452,4,0.006644518272425249,0.0513387858131073,0.008246953286648378,9.993420912050226e-05,traffic_signals,,POINT (-73.9818452 40.7366007)
1701844605,40.7474172,-73.9762355,3,0.0049833887043189366,0.05386960517229533,0.005897475771720621,0.00046785804224017894,,,POINT (-73.9762355 40.7474172)
1701844618,40.7521878,-74.0008966,3,0.0049833887043189366,0.052404708237890237,0.005644544976845297,0.00018351610902095426,,,POINT (-74.0008966 40.7521878)
1701844664,40.7475579,-73.96877,3,0.0049833887043189366,0.057858327332329366,0.018004746137894576,0.0005662966322293639,,,POINT (-73.96877 40.7475579)
1701844698,40.747991,-73.9703956,3,0.0033222591362126247,0.055711031269600086,0.0011413788095342196,-0.00035503929824554965,,,POINT (-73.9703956 40.747991)
2302133933,40.7407867,-73.9838144,3,0.0049833887043189366,0.059799271325027284,0.01748562003887744,0.00021104361132237928,traffic_signals,,POINT (-73.9838144 40.7407867)
3270031002,40.755166,-74.0005225,4,0.006644518272425249,0.057940604283335216,0.003940336391114282,-0.00022251450962502322,traffic_signals,,POINT (-74.0005225 40.755166)
3270031028,40.7558116,-73.9999743,4,0.006644518272425249,0.05570015127130507,0.004015812485812594,0.00011682988418322314,,,POINT (-73.9999743 40.7558116)
3270031030,40.7563873,-73.999422,3,0.0049833887043189366,0.05586379876304331,0.010691169935908075,-4.426135348199958e-05,,,POINT (-73.999422 40.7563873)
3270031031,40.7565953,-73.9999215,4,0.006644518272425249,0.05401242772175317,0.008812181879194012,-0.00012165772975495165,,,POINT (-73.9999215 40.7565953)
3275488110,40.7573118,-73.9977077,1,0.0016611295681063123,0.0,0.0,-0.0007156600038531064,,,POINT (-73.9977077 40.7573118)
3275488116,40.7588352,-73.9999574,1,0.0033222591362126247,0.0511500402770297,0.0,-0.0005580785987866405,,,POINT (-73.9999574 40.7588352)
3275488123,40.7590343,-73.9998669,1,0.0016611295681063123,0.054638495951791294,0.0,-0.0008040896196341323,,,POINT (-73.9998669 40.7590343)
3430331121,40.7381901,-73.9795551,1,0.0033222591362126247,0.053265967799928586,0.0,-0.0004780929416085865,turning_circle,,POINT (-73.9795551 40.7381901)
3430331122,40.7378834,-73.9788226,1,0.0033222591362126247,0.048027721576950004,0.0,-0.0005273956567148997,turning_circle,,POINT (-73.9788226 40.7378834)
3639382767,40.750875,-73.9786749,4,0.006644518272425249,0.08051167948757026,0.07275564471767214,0.0035327950675881825,traffic_signals,,POINT (-73.9786749 40.750875)
3639382768,40.7508347,-73.9787478,3,0.0049833887043189366,0.07618876040729734,0.06377504271162898,0.0008168455726595438,crossing,,POINT (-73.9787478 40.7508347)
3639382769,40.7531481,-73.9778381,2,0.0049833887043189366,0.06294000321851873,0.004169771027132576,5.266236032032359e-05,,,POINT (-73.9778381 40.7531481)
3786901738,40.7463887,-73.9817513,4,0.006644518272425249,0.07286985809522678,0.12876362573557354,0.027610487556125066,,,POINT (-73.9817513 40.7463887)
3786901743,40.7470595,-73.9812534,4,0.009966777408637873,0.07783125244500413,0.03727324502802625,0.003553417860534275,traffic_signals,,POINT (-73.9812534 40.7470595)
3831856757,40.7479653,-73.970531,3,0.0033222591362126247,0.05570015127130507,0.007727019148682366,4.43770030405695e-05,,,POINT (-73.970531 40.7479653)
3834923371,40.747269,-73.9759838,3,0.0049833887043189366,0.0033222591362126247,0.0014530101986167494,-4.195163229744402e-05,,,POINT (-73.9759838 40.747269)
4138911201,40.7401138,-73.9822001,3,0.0049833887043189366,0.05632160833031549,0.022943170290301795,0.00022922086243923188,traffic_signals,,POINT (-73.9822001 40.7401138)
4205565514,40.7413136,-74.0013891,3,0.0049833887043189366,0.0016611295681063123,0.0004173553490583247,-0.0010590220090275805,,,POINT (-74.0013891 40.7413136)
4205565533,40.7448732,-73.9987872,3,0.0049833887043189366,0.045484829692164525,0.0050454321474417245,-0.00018769993022941614,,,POINT (-73.9987872 40.7448732)
4207913309,40.7554715,-73.9947995,3,0.0049833887043189366,0.05903800964287262,0.016155450094312605,0.00025153920828304777,,,POINT (-73.9947995 40.7554715)
4274141356,40.740344,-73.9731358,4,0.006644518272425249,0.06171429721621067,0.028336381005592978,0.002955287012768411,,,POINT (-73.9731358 40.740344)
4412043541,40.7430812,-73.9722255,3,0.0049833887043189366,0.0590074737942935,0.025842058519146144,0.0007828642097287129,,,POINT (-73.9722255 40.7430812)
4443775464,40.7496742,-73.9952961,4,0.006644518272425249,0.062389286795300807,0.050283998652399756,0.001531079093015033,traffic_signals,,POINT (-73.9952961 40.7496742)
4443775465,40.7502936,-73.9948451,4,0.006644518272425249,0.06695132032505108,0.05571608218112581,0.0032736923288907704,traffic_signals,,POINT (-73.9948451 40.7502936)
4461990857,40.7503422,-73.9910985,3,0.0049833887043189366,0.07300975926909449,0.038993712810583434,0.0005811936546378273,traffic_signals,,POINT (-73.9910985 40.7503422)
4491359481,40.7552917,-73.9949335,4,0.006644518272425249,0.06658401414374171,0.024710481766755155,0.0007352665449010908,traffic_signals,,POINT (-73.9949335 40.7552917)
4557517549,40.7515002,-73.997716,4,0.006644518272425249,0.06680234795285575,0.04742769278885177,0.001587393810786574,traffic_signals,,POINT (-73.997716 40.7515002)
4597668020,40.7458228,-73.9823245,4,0.006644518272425249,0.07351788235203444,0.05640579472345758,0.0016065576408036731,traffic_signals,,POINT (-73.9823245 40.7458228)
4597668023,40.7360007,-73.9894916,3,0.0033222591362126247,0.045196517642772785,0.003059543589861277,-0.0009288144941813768,traffic_signals,,POINT (-73.9894916 40.7360007)
4597668026,40.7371699,-73.9886291,4,0.006644518272425249,0.049701598777505906,0.020616940349372347,-0.0002850690688544928,traffic_signals,,POINT (-73.9886291 40.7371699)
4597668028,40.7383383,-73.9877778,4,0.006644518272425249,0.05423839965479083,0.027687903148521112,4.340982689230621e-05,traffic_signals,,POINT (-73.9877778 40.7383383)
4597668029,40.7408706,-73.9859325,4,0.006644518272425249,0.0599816245183423,0.019131391988880378,0.00035657318400732495,traffic_signals,,POINT (-73.9859325 40.7408706)
4597668030,40.7433448,-73.9841296,4,0.006644518272425249,0.06841271877781666,0.03731962272552685,0.0006298576790341406,traffic_signals,,POINT (-73.9841296 40.7433448)
4597668031,40.7427282,-73.9845789,4,0.006644518272425249,0.06648312927382695,0.034573802882667926,0.0005465908387396134,traffic_signals,,POINT (-73.9845789 40.7427282)
4597668032,40.7421093,-73.9850299,4,0.006644518272425249,0.06516166885645822,0.034639593870603315,0.0012058304119189655,traffic_signals,,POINT (-73.9850299 40.7421093)
4597668033,40.7445912,-73.9832311,4,0.006644518272425249,0.07201429733233623,0.04940759694603882,0.0010149650869912825,traffic_signals,,POINT (-73.9832311 40.7445912)
4597668036,40.7365712,-73.9890672,4,0.006644518272425249,0.047385383715686596,0.00776142144629476,-0.0001800332093318563,traffic_signals,,POINT (-73.9890672 40.7365712)
4597668038,40.7377528,-73.9882045,4,0.006644518272425249,0.05182857070411005,0.020573947576327373,-3.468124282028456e-05,traffic_signals,,POINT (-73.9882045 40.7377528)
4597668039,40.7389179,-73.9873554,4,0.006644518272425249,0.056612271652385394,0.030340017156646047,0.00020038823862216214,traffic_signals,,POINT (-73.9873554 40.7389179)
4597668040,40.7395407,-73.9869016,4,0.006644518272425249,0.05925880419379132,0.04278198718913823,0.0013100387247126563,traffic_signals,,POINT (-73.9869016 40.7395407)
4597668041,40.7402148,-73.98641,4,0.009966777408637873,0.060728760690879936,0.035072313642959034,0.0008883308214873355,traffic_signals,,POINT (-73.98641 40.7402148)
4597668042,40.7414834,-73.985486,4,0.006644518272425249,0.06273234896837515,0.022763153401712886,0.0003396534040808085,traffic_signals,,POINT (-73.985486 40.7414834)
4597668043,40.7439728,-73.9836755,4,0.006644518272425249,0.07034470947952094,0.04013284146981382,0.0007711944815941971,traffic_signals,,POINT (-73.9836755 40.7439728)
4597668044,40.7452064,-73.9827891,4,0.006644518272425249,0.07261013864173056,0.041733130582701644,0.0009382336282549089,traffic_signals,,POINT (-73.9827891 40.7452064)
4862610026,40.7596371,-73.970072,4,0.006644518272425249,0.04194303302716436,0.004921403998661721,0.0008742774215961748,traffic_signals,,POINT (-73.970072 40.7596371)
5131026388,40.744792,-73.9758885,4,0.009966777408637873,0.06784315522947612,0.04266557756935768,0.0012261272912197634,traffic_signals,,POINT (-73.9758885 40.744792)
5165632724,40.756043,-74.0005227,3,0.0049833887043189366,0.055858328355800554,0.0021091850020085725,-0.0003053417983606585,,,POINT (-74.0005227 40.756043)
5849918502,40.74401,-73.9994252,4,0.0049833887043189366,0.050134052484569806,0.009998611838062494,-0.0003167544991750521,traffic_signals,,POINT (-73.9994252 40.74401)
5849918504,40.7579117,-73.9892961,4,0.006644518272425249,0.06424431232902751,0.024374854175872564,0.0005287975187137446,traffic_signals,,POINT (-73.9892961 40.7579117)
6166333236,40.7462362,-73.9739709,4,0.0049833887043189366,0.0,0.0,0.0004549651884531741,motorway_junction,,POINT (-73.9739709 40.7462362)
6166333257,40.7471196,-73.9754887,3,0.006644518272425249,0.06041360402133396,0.005671654212914871,0.00010864036458383403,,,POINT (-73.9754887 40.7471196)
6166333258,40.7469455,-73.9754531,3,0.0049833887043189366,0.0016611295681063123,8.43002526243636e-05,-0.000132834442950544,,,POINT (-73.9754531 40.7469455)
6166413694,40.7456073,-73.9731927,3,0.0049833887043189366,0.06273924869879402,0.002809135767310083,-0.0002119839708536907,,,POINT (-73.9731927 40.7456073)
6166413696,40.7456689,-73.973431,3,0.0049833887043189366,0.06567179935176552,0.0021962033124116116,0.0001614665726025986,toll_gantry,,POINT (-73.973431 40.7456689)
6176628861,40.745191,-73.9709232,3,0.0049833887043189366,0.0587280190640827,0.017871980930676285,-8.261922949101235e-05,traffic_signals,,POINT (-73.9709232 40.745191)
6223969260,40.7483045,-73.9881935,3,0.0049833887043189366,0.06502795818165016,0.006874079795781373,0.0004914727246185446,traffic_signals,,POINT (-73.9881935 40.7483045)
6279091713,40.7453411,-73.9985565,3,0.008305647840531562,0.052729270583234907,0.00233000370368323,-0.00042343819738708145,traffic_signals,,POINT (-73.9985565 40.7453411)
6331080435,40.7360982,-73.9787384,1,0.0016611295681063123,0.04892919765368644,0.0,-0.0006091402886395145,,,POINT (-73.9787384 40.7360982)
6572026580,40.7405824,-73.9756299,1,0.0033222591362126247,0.04899297854242336,0.0,-0.0002620451409836371,,,POINT (-73.9756299 40.7405824)
6636032331,40.7545209,-74.0010703,3,0.0033222591362126247,0.05523094976466259,0.0006018379419687495,-0.00038126911549091945,traffic_signals,,POINT (-74.0010703 40.7545209)
7037071175,40.754589,-73.9970628,4,0.006644518272425249,0.06394901896518333,0.007691520857512622,0.00024859675784406747,traffic_signals,,POINT (-73.9970628 40.754589)
7137281959,40.7370745,-73.9748309,3,0.0049833887043189366,0.05204609937677329,0.01173918988659922,3.0005087366914093e-05,,,POINT (-73.9748309 40.7370745)
7137281963,40.737103,-73.9750826,3,0.006644518272425249,0.05489080534732826,0.007592127732653791,0.00027099181640066126,,,POINT (-73.9750826 40.737103)
7372860100,40.7432751,-73.9883247,3,0.0049833887043189366,0.06112572322861501,0.0680823074264689,0.003927190744573657,,,POINT (-73.9883247 40.7432751)
8122411159,40.7514017,-73.9780243,3,0.0049833887043189366,0.07776758679883235,0.011588951662854936,0.000715299684749427,traffic_signals,,POINT (-73.9780243 40.7514017)
8482948064,40.7438832,-73.9815498,4,0.006644518272425249,0.07036206354624834,0.04151138660928034,0.0010287609855445055,traffic_signals,,POINT (-73.9815498 40.7438832)
8677891126,40.7471427,-73.9758231,3,0.0049833887043189366,0.0022148394241417496,0.0006385442190718525,-0.00011970603324234213,,,POINT (-73.9758231 40.7471427)
9019680389,40.7601279,-73.9987232,4,0.006644518272425249,0.049853631285565046,0.007047046341633153,-0.0005849995449742349,traffic_signals,,POINT (-73.9987232 40.7601279)
9019680390,40.7595007,-73.9991474,3,0.0049833887043189366,0.04751563924776637,0.001994458554325792,-0.0005524161515478204,traffic_signals,,POINT (-73.9991474 40.7595007)
9140654137,40.752195,-73.9776221,3,0.006644518272425249,0.07914877884965106,0.13209212575329518,0.01887020828382441,,,POINT (-73.9776221 40.752195)
9143542440,40.7502671,-73.9986254,4,0.006644518272425249,0.062389286795300807,0.051514801217428643,0.0026100811375403075,,,POINT (-73.9986254 40.7502671)
9421657722,40.7593214,-73.9989285,3,0.0049833887043189366,0.053325722087448374,0.002857961916933027,-0.0003170426396138023,,,POINT (-73.9989285 40.7593214)
9421943093,40.7571762,-73.9993866,3,0.0049833887043189366,0.056719225332547994,0.007644887640271817,0.0001568397761059329,,,POINT (-73.9993866 40.7571762)
9774113889,40.7417075,-74.0012002,3,0.0033222591362126247,0.0409394001968975,0.0,-0.001164464731097298,,,POINT (-74.0012002 40.7417075)
9807801426,40.7553161,-73.9949943,4,0.006644518272425249,0.06287756273913528,0.017765168725535935,0.0008054024176033569,traffic_signals,,POINT (-73.9949943 40.7553161)
9971300853,40.7543104,-73.9973473,3,0.006644518272425249,0.06163427867849111,0.0028854700094896376,3.668645701841342e-06,,,POINT (-73.9973473 40.7543104)
10792226610,40.7516771,-74.0000281,3,0.0049833887043189366,0.05239989428343149,0.0031392558632595997,-0.0002202969306623117,,,POINT (-74.0000281 40.7516771)
11062719791,40.7364599,-74.0011844,3,0.0033222591362126247,0.034435337211569876,0.0016307261983073615,-0.001646248154755682,traffic_signals,,POINT (-74.0011844 40.7364599)
11252642361,40.7593314,-73.9987281,3,0.0049833887043189366,0.05141745530642106,0.005403708735584975,-0.00034100854710123255,,,POINT (-73.9987281 40.7593314)
11337295598,40.7491249,-73.9745165,4,0.006644518272425249,0.07087788881329961,0.013260335126124644,0.0006830123081734364,traffic_signals,,POINT (-73.9745165 40.7491249)
11337295601,40.7494918,-73.9753877,4,0.006644518272425249,0.07532355066280672,0.02596468850346447,0.001216869701196086,traffic_signals,,POINT (-73.9753877 40.7494918)
11337295604,40.7514481,-73.9760486,4,0.009966777408637873,0.07230640755094882,0.0931740569229133,0.006105082317323121,,,POINT (-73.9760486 40.7514481)
11337295608,40.7507646,-73.9744575,4,0.009966777408637873,0.07317835140082556,0.07343535045274502,0.003418587515134006,,,POINT (-73.9744575 40.7507646)
11543660372,40.7395275,-73.9746686,2,0.0049833887043189366,0.058040827143817184,0.000506050212184969,-0.00021330152441963787,,,POINT (-73.9746686 40.7395275)
