osmid,y,x,street_count,dc,cc,nbc,vul,highway,geometry
34557099,-15.7993489,-47.8618433,3,0.005272407732864675,0.034750029957534234,0.0055215888182050706,9.390522840090327e-05,,POINT (-47.8618433 -15.7993489)
34557103,-15.7997956,-47.867146,3,0.005272407732864675,0.03740897000790422,0.03671831811018422,0.0006286441990797864,,POINT (-47.867146 -15.7997956)
34557141,-15.7994921,-47.868118,3,0.005272407732864675,0.03892936171611266,0.03671522397419074,0.0006779727111956872,,POINT (-47.868118 -15.7994921)
34557142,-15.7984356,-47.8715061,3,0.005272407732864675,0.04224887030107088,0.040326596367896844,0.0009733566363641054,,POINT (-47.8715061 -15.7984356)
34557143,-15.7972555,-47.8752619,3,0.005272407732864675,0.046121243083713244,0.04521533123757185,0.0016014556882953848,,POINT (-47.8752619 -15.7972555)
34557146,-15.7966181,-47.8772364,3,0.005272407732864675,0.04647413764326997,0.044062662442139605,0.004584270582428315,,POINT (-47.8772364 -15.7966181)
34565320,-15.7946793,-47.876754,3,0.005272407732864675,0.04654956226481707,0.07567122123484904,0.0023061021932811268,,POINT (-47.876754 -15.7946793)
34565322,-15.7951716,-47.8751782,3,0.005272407732864675,0.044032511307384746,0.06435225294355469,0.004758844119175283,,POINT (-47.8751782 -15.7951716)
34565323,-15.7953242,-47.8747147,3,0.005272407732864675,0.046137729676415204,0.06434915880756123,0.00403464343966293,,POINT (-47.8747147 -15.7953242)
34565324,-15.7965472,-47.8708382,3,0.005272407732864675,0.03740897000790422,0.014786979050636565,0.0010204299586542083,,POINT (-47.8708382 -15.7965472)
34565325,-15.7975912,-47.8674802,3,0.005272407732864675,0.034745352653549104,0.01116323011295659,0.000425271989763697,,POINT (-47.8674802 -15.7975912)
34565328,-15.7978916,-47.8665206,3,0.005272407732864675,0.03605315608094177,0.011160135976963125,0.00018528460531124275,,POINT (-47.8665206 -15.7978916)
114103910,-15.7866876,-47.8807414,3,0.0035149384885764497,0.03730386935491605,0.0,-0.0003452329593960164,,POINT (-47.8807414 -15.7866876)
142087820,-15.8087062,-47.8827332,3,0.0017574692442882249,0.0,0.0,-0.0006017690280206775,,POINT (-47.8827332 -15.8087062)
142087838,-15.8056951,-47.8801118,3,0.007029876977152899,0.04027468562907295,0.04635376700743418,0.005061942215099028,,POINT (-47.8801118 -15.8056951)
142089097,-15.812542,-47.8816607,3,0.0035149384885764497,0.0,0.0,-0.0011173248427876557,,POINT (-47.8816607 -15.812542)
142089214,-15.8112789,-47.8820894,3,0.0035149384885764497,0.031872804109308574,0.0,-0.0011173248427876557,,POINT (-47.8820894 -15.8112789)
142089851,-15.8062438,-47.8552071,3,0.005272407732864675,0.032978677424406654,0.006271813658753929,9.375006132413948e-05,,POINT (-47.8552071 -15.8062438)
142090431,-15.8035153,-47.8520571,3,0.0035149384885764497,0.03356616572908693,0.0238997252407238,0.006361993770075166,,POINT (-47.8520571 -15.8035153)
142191338,-15.8021965,-47.8527252,3,0.0035149384885764497,0.032389033568324094,0.002690454384184427,-0.00037138429481240067,,POINT (-47.8527252 -15.8021965)
142192537,-15.8015668,-47.8781658,3,0.005272407732864675,0.050820080232216375,0.13225533635321,0.00500926383814446,,POINT (-47.8781658 -15.8015668)
142192586,-15.8005693,-47.8767577,3,0.005272407732864675,0.04244686303371587,0.12373037286401482,0.006469243143187254,,POINT (-47.8767577 -15.8005693)
142192643,-15.8000234,-47.8776442,3,0.005272407732864675,0.05363960468354142,0.13225224221721651,0.006074477580805932,,POINT (-47.8776442 -15.8000234)
142192810,-15.8032882,-47.8791046,3,0.005272407732864675,0.04485501260461217,0.027943451570583425,0.0017901065534299005,,POINT (-47.8791046 -15.8032882)
142192828,-15.8030908,-47.8786701,3,0.005272407732864675,0.047045853387924746,0.11048912101784704,0.0015626921533504292,,POINT (-47.8786701 -15.8030908)
142193469,-15.8039747,-47.8788431,3,0.005272407732864675,0.046760365463190484,0.03951448880747876,0.0020963933406092337,,POINT (-47.8788431 -15.8039747)
142193844,-15.8030353,-47.8796565,3,0.005272407732864675,0.048922694501950734,0.03066360966030511,0.002008095820623108,,POINT (-47.8796565 -15.8030353)
142193886,-15.8023456,-47.8817566,3,0.005272407732864675,0.04483164250426243,0.015296892662359632,0.001168356012512705,,POINT (-47.8817566 -15.8023456)
142193908,-15.8035953,-47.8782101,3,0.005272407732864675,0.03865826994227526,0.0462501134516531,0.0064356038578097345,,POINT (-47.8782101 -15.8035953)
142194043,-15.8034392,-47.8751001,3,0.005272407732864675,0.04342146300076419,0.02721158527026245,0.0014626555389143131,,POINT (-47.8751001 -15.8034392)
142194235,-15.8024998,-47.8774778,3,0.005272407732864675,0.044338817852893,0.06381603917588717,0.002124247589054845,,POINT (-47.8774778 -15.8024998)
142194462,-15.799044,-47.8761354,4,0.007029876977152899,0.04880707081481245,0.06732344860021294,0.0014995720204499271,,POINT (-47.8761354 -15.799044)
142194646,-15.7947158,-47.876637,3,0.005272407732864675,0.04871496462342764,0.11693987887488955,0.0036757793364646553,,POINT (-47.876637 -15.7947158)
142194667,-15.7965722,-47.8773893,3,0.005272407732864675,0.002343292325717633,0.0027847223941186664,0.0010097251307390196,,POINT (-47.8773893 -15.7965722)
142195613,-15.796709,-47.8769728,3,0.005272407732864675,0.044338817852893,0.044065756578133074,0.005566994411341962,,POINT (-47.8769728 -15.796709)
142195681,-15.7920242,-47.874385,3,0.005272407732864675,0.056093132885602574,0.12670755051692698,0.00474058978378032,,POINT (-47.874385 -15.7920242)
142196689,-15.7949126,-47.876008,3,0.005272407732864675,0.051304898646436066,0.11693678473889609,0.0042173399769097845,,POINT (-47.876008 -15.7949126)
142200821,-15.7957554,-47.8826683,3,0.0017574692442882249,0.0,0.0,-0.0008581376950355914,,POINT (-47.8826683 -15.7957554)
142202659,-15.7989633,-47.8763694,3,0.005272407732864675,0.049800443240965185,0.0627611450778485,0.0015106733654063785,,POINT (-47.8763694 -15.7989633)
142202827,-15.7989182,-47.8760556,3,0.005272407732864675,0.04838170697020768,0.10037119318134938,0.00258954288855849,,POINT (-47.8760556 -15.7989182)
142202871,-15.7988362,-47.8763185,3,0.005272407732864675,0.046055414369231586,0.10037428731734284,0.003806331750831555,,POINT (-47.8763185 -15.7988362)
142203076,-15.7984839,-47.8774939,3,0.005272407732864675,0.05272479524908968,0.026732819294206955,0.0029646118021716453,,POINT (-47.8774939 -15.7984839)
142204023,-15.7995163,-47.8774752,3,0.005272407732864675,0.05170567802494603,0.22032269775654534,0.004396556459987288,,POINT (-47.8774752 -15.7995163)
142204047,-15.7997395,-47.8775516,3,0.005272407732864675,0.04909949549016511,0.22032579189253879,0.0045603862157804305,,POINT (-47.8775516 -15.7997395)
142204320,-15.7995511,-47.8769615,3,0.005272407732864675,0.04674343097139756,0.09010072444037405,0.0014023956698629681,,POINT (-47.8769615 -15.7995511)
142204345,-15.7987721,-47.8768755,3,0.005272407732864675,0.04678579022012561,0.061061433038771616,0.0016801624422858273,,POINT (-47.8768755 -15.7987721)
142204399,-15.7997119,-47.8737648,3,0.008787346221441124,0.04592023437508549,0.13742491563322545,0.006400052782415327,,POINT (-47.8737648 -15.7997119)
142204418,-15.8021133,-47.8746059,3,0.007029876977152899,0.04097795024042274,0.009356203123839708,0.0012789458688783548,,POINT (-47.8746059 -15.8021133)
142204483,-15.801602,-47.8725305,3,0.005272407732864675,0.040429224360147696,0.004495256542182215,0.0003209385477932308,,POINT (-47.8725305 -15.801602)
142204556,-15.8034145,-47.8667821,3,0.008787346221441124,0.03929379671809773,0.05665100002475312,0.001732653556361313,,POINT (-47.8667821 -15.8034145)
142204575,-15.8076996,-47.8580322,3,0.007029876977152899,0.039180480767935504,0.0631529363645257,0.005169560944563287,,POINT (-47.8580322 -15.8076996)
142204731,-15.807035,-47.8563182,3,0.005272407732864675,0.03537868807504188,0.016663469392806756,0.0016422149224187273,,POINT (-47.8563182 -15.807035)
142204904,-15.8067776,-47.8565688,3,0.005272407732864675,0.038079450883543746,0.03723390430456194,0.004275922722192929,,POINT (-47.8565688 -15.8067776)
142204926,-15.8088963,-47.859906,3,0.005272407732864675,0.03764628810551889,0.031033123167829475,0.0018466555851903708,,POINT (-47.859906 -15.8088963)
142204968,-15.8092279,-47.8598014,3,0.005272407732864675,0.03669375942282062,0.01030398854757131,0.0009409745013981069,,POINT (-47.8598014 -15.8092279)
142204978,-15.8066593,-47.8556943,3,0.0035149384885764497,0.034136550851566125,0.006268719522760464,0.00040349959027099466,,POINT (-47.8556943 -15.8066593)
142282919,-15.8024769,-47.8822334,3,0.005272407732864675,0.03810474537449894,0.01256126389267061,0.00103466070318849,,POINT (-47.8822334 -15.8024769)
142335299,-15.7850409,-47.8737657,3,0.0017574692442882249,0.0,0.0,-0.0006177245147670769,,POINT (-47.8737657 -15.7850409)
142335315,-15.7868812,-47.8736249,3,0.0035149384885764497,0.0017574692442882249,0.0016832099804450604,0.002515047133705578,,POINT (-47.8736249 -15.7868812)
142335579,-15.7895387,-47.8733061,3,0.007029876977152899,0.05682161513087014,0.05427898380322943,0.00574274948845426,,POINT (-47.8733061 -15.7895387)
142335619,-15.7902701,-47.8743973,3,0.005272407732864675,0.047750757961439703,0.06937929569213759,0.0016140938294849968,,POINT (-47.8743973 -15.7902701)
142335646,-15.7904662,-47.8734498,3,0.005272407732864675,0.05848886315612168,0.0534373788130069,0.014281599207718562,,POINT (-47.8734498 -15.7904662)
142335660,-15.7894306,-47.8806771,3,0.005272407732864675,0.03838236525753372,0.03926561713573769,0.0013925555505847204,,POINT (-47.8806771 -15.7894306)
142335910,-15.7869983,-47.8815786,3,0.005272407732864675,0.0035149384885764497,0.0033664199608901208,0.007071672589317868,,POINT (-47.8815786 -15.7869983)
143774087,-15.7862973,-47.8808347,3,0.005272407732864675,0.032013467791845114,0.003350949280922795,-0.00026821358619653326,,POINT (-47.8808347 -15.7862973)
206121789,-15.7896958,-47.8555924,3,0.005272407732864675,0.03299343015587207,0.040112894708614906,0.0009479922573657326,,POINT (-47.8555924 -15.7896958)
206121790,-15.7938822,-47.8540796,3,0.01054481546572935,0.03332566454163995,0.029940106813828513,0.0012865020155557495,,POINT (-47.8540796 -15.7938822)
206121794,-15.7913657,-47.8550646,3,0.01054481546572935,0.03449463453458182,0.01732522244851082,0.0010345850053640128,,POINT (-47.8550646 -15.7913657)
206121795,-15.7909999,-47.8564835,3,0.01054481546572935,0.03353346291758159,0.01571513643403052,0.00045722403538756717,,POINT (-47.8564835 -15.7909999)
206121797,-15.7910334,-47.8551921,3,0.01054481546572935,0.03559087240308053,0.03549290972944966,0.003072818325082517,,POINT (-47.8551921 -15.7910334)
206121798,-15.7906159,-47.8547817,3,0.01054481546572935,0.03328484269738161,0.003405570944412161,-0.00010585897981096427,,POINT (-47.8547817 -15.7906159)
206121838,-15.7925697,-47.8538811,3,0.01054481546572935,0.03166203821164517,0.00940187931517216,0.00021064905945759025,,POINT (-47.8538811 -15.7925697)
206121841,-15.7940191,-47.8540289,3,0.01054481546572935,0.033988228774133385,0.05014474118125178,0.0023990526473814957,,POINT (-47.8540289 -15.7940191)
206121843,-15.7927536,-47.8530758,3,0.01054481546572935,0.03293029691791594,0.01630394986461237,0.0001472277517938692,,POINT (-47.8530758 -15.7927536)
206121844,-15.7944577,-47.8538402,3,0.01054481546572935,0.03489565360453437,0.061885448829541195,0.0028556716821626286,,POINT (-47.8538402 -15.7944577)
206121845,-15.7930201,-47.8527137,3,0.01054481546572935,0.03272988430829758,0.005462419698851249,-8.350490522067495e-05,,POINT (-47.8527137 -15.7930201)
206121846,-15.7932937,-47.852363,3,0.01054481546572935,0.03258528118398675,0.001034889834709459,-0.00020734021922525305,,POINT (-47.852363 -15.7932937)
206121847,-15.7928653,-47.8529088,3,0.01054481546572935,0.031930310784778655,0.007049094225258819,-0.00014705883600779192,,POINT (-47.8529088 -15.7928653)
206121848,-15.7922478,-47.8525052,3,0.01054481546572935,0.031009742031298342,0.006771245067602477,-0.00022789495265998548,,POINT (-47.8525052 -15.7922478)
206121849,-15.790965,-47.8536686,3,0.01054481546572935,0.031490161334497474,0.004768227275079516,0.000194449243590974,,POINT (-47.8536686 -15.790965)
206121856,-15.7953521,-47.8534758,3,0.007029876977152899,0.03581058438503753,0.003939792828441061,-0.0001310995512341247,,POINT (-47.8534758 -15.7953521)
206121857,-15.7957259,-47.8519402,3,0.01054481546572935,0.034843841201261126,0.009820831845201343,0.00023276060881223943,,POINT (-47.8519402 -15.7957259)
206121858,-15.7962876,-47.8523268,3,0.007029876977152899,0.034584753153743715,0.0007252654768682395,-0.0006783173433754396,,POINT (-47.8523268 -15.7962876)
206121859,-15.7955894,-47.8517203,3,0.007029876977152899,0.03398375428377344,0.004832568934403114,-0.00029728148596329515,,POINT (-47.8517203 -15.7955894)
206121860,-15.7951513,-47.8514061,3,0.0035149384885764497,0.032051228897385535,0.0,-0.0009932306391587037,,POINT (-47.8514061 -15.7951513)
206121869,-15.7947326,-47.8530416,3,0.01054481546572935,0.0346637031743713,0.04290312312883586,0.0019199691066801622,,POINT (-47.8530416 -15.7947326)
206121871,-15.7948707,-47.8524984,3,0.01054481546572935,0.03348778589084038,0.012650650472157915,0.00030247970046681376,,POINT (-47.8524984 -15.7948707)
206121872,-15.7933729,-47.8520825,3,0.01054481546572935,0.032446027845593646,0.0020495838195399383,-0.00038086692732481215,,POINT (-47.8520825 -15.7933729)
206121873,-15.7950049,-47.8519392,3,0.01054481546572935,0.032393097946987456,0.006682495239465585,2.9306911848175895e-05,,POINT (-47.8519392 -15.7950049)
206121875,-15.7935053,-47.851559,3,0.007029876977152899,0.031417342851523526,0.0002561355243352322,-0.0007571277230916917,,POINT (-47.851559 -15.7935053)
206121902,-15.7959779,-47.8521283,3,0.007029876977152899,0.033623001958911505,0.0001240453853761114,-0.0007504168682567222,,POINT (-47.8521283 -15.7959779)
206121903,-15.7931699,-47.852528,4,0.014059753954305799,0.03262646581642354,0.020566511175772614,0.0018236474697758925,,POINT (-47.852528 -15.7931699)
206121915,-15.7928111,-47.8513216,3,0.01054481546572935,0.029913737474887663,0.0034847827177154614,0.0014569061156489175,,POINT (-47.8513216 -15.7928111)
206121916,-15.7925097,-47.8520552,3,0.01054481546572935,0.030471651719240163,0.005203285283859359,-0.00025397219340575543,,POINT (-47.8520552 -15.7925097)
206121921,-15.7920485,-47.8530433,3,0.01054481546572935,0.03137724535548111,0.003845992760637278,-0.0001905349745327084,,POINT (-47.8530433 -15.7920485)
206121922,-15.7916819,-47.8528431,3,0.01054481546572935,0.03162518805997465,0.009471753844378296,0.0006204651381177493,,POINT (-47.8528431 -15.7916819)
206121924,-15.7930801,-47.8516636,3,0.01054481546572935,0.0316523324798655,0.017180415145095253,0.0010054567307802775,,POINT (-47.8516636 -15.7930801)
206121925,-15.7927381,-47.8515382,3,0.01054481546572935,0.030874368800328077,0.00934641575545711,0.00011525192111841388,,POINT (-47.8515382 -15.7927381)
206121927,-15.7917238,-47.8517243,4,0.014059753954305799,0.030701783722590754,0.009610250126340692,0.0014547979091491328,,POINT (-47.8517243 -15.7917238)
206121931,-15.7926891,-47.8516489,3,0.01054481546572935,0.03016542185679732,0.004031308945882617,0.00010909862960458207,,POINT (-47.8516489 -15.7926891)
206121932,-15.7918548,-47.8512817,4,0.007029876977152899,0.02984974532140877,0.0011320821937280494,-0.0006734275753816067,,POINT (-47.8512817 -15.7918548)
206121936,-15.7899217,-47.8512646,3,0.005272407732864675,0.02976713532513181,0.0023283373350825513,2.4051328191177025e-05,,POINT (-47.8512646 -15.7899217)
251971518,-15.7859701,-47.8814301,3,0.0035149384885764497,0.0,0.0,-0.0007451545237666165,,POINT (-47.8814301 -15.7859701)
289431737,-15.8151877,-47.8709476,3,0.0017574692442882249,0.0,0.0,-0.001023066541166609,,POINT (-47.8709476 -15.8151877)
322871661,-15.798182,-47.8526218,3,0.005272407732864675,0.04886712684137114,0.0672901458364898,0.0012047282408326762,,POINT (-47.8526218 -15.798182)
354715892,-15.8136438,-47.8678544,3,0.005272407732864675,0.0017574692442882249,0.001686304116438526,0.0017558594395568428,,POINT (-47.8678544 -15.8136438)
354715948,-15.8133274,-47.8679949,3,0.005272407732864675,0.03140587597050223,0.004040912139503689,0.0011385473205392147,,POINT (-47.8679949 -15.8133274)
354715966,-15.8137054,-47.8687875,3,0.005272407732864675,0.03042137735425644,0.004044006275497152,0.0006480753350706442,,POINT (-47.8687875 -15.8137054)
364115575,-15.8121081,-47.881096,3,0.007029876977152899,0.03285067415876089,0.003350949280922795,0.003590887674928856,,POINT (-47.881096 -15.8121081)
364115578,-15.812576,-47.8805222,3,0.007029876977152899,0.0340173417064694,0.010025000618827199,0.006114118029238369,,POINT (-47.8805222 -15.812576)
364115580,-15.8129738,-47.8803465,3,0.005272407732864675,0.03286112883197035,0.0,-0.0009633645079968859,,POINT (-47.8803465 -15.8129738)
364115770,-15.8089221,-47.8789839,3,0.01054481546572935,0.037978607847512585,0.05085965411685108,0.025578693186064986,,POINT (-47.8789839 -15.8089221)
365857449,-15.8062692,-47.8752283,3,0.007029876977152899,0.03533994079533754,0.010629079102618054,0.0014102701305767585,,POINT (-47.8752283 -15.8062692)
365857746,-15.8020108,-47.8712796,3,0.007029876977152899,0.04220742275008879,0.011845376594658735,0.000610033552424093,,POINT (-47.8712796 -15.8020108)
365857794,-15.8006364,-47.8708206,3,0.01054481546572935,0.043830647345197905,0.12255894034387929,0.005299325805669278,,POINT (-47.8708206 -15.8006364)
365858124,-15.8024431,-47.8699253,3,0.007029876977152899,0.040130679757410505,0.02006433003410031,0.001286655815360366,,POINT (-47.8699253 -15.8024431)
365858153,-15.8027537,-47.8700394,4,0.01054481546572935,0.03910924892652724,0.029624215710195554,0.004174596348884928,,POINT (-47.8700394 -15.8027537)
365858760,-15.8011448,-47.8691644,3,0.01054481546572935,0.04274558661029029,0.11341030954325838,0.004115820004342513,,POINT (-47.8691644 -15.8011448)
365858761,-15.8025394,-47.8696232,3,0.007029876977152899,0.04162886591510129,0.04074527716975552,0.0007962914825959311,,POINT (-47.8696232 -15.8025394)
365858807,-15.8018864,-47.8663761,3,0.01054481546572935,0.0418889407772078,0.08784780298663683,0.003610588007940249,,POINT (-47.8663761 -15.8018864)
365858808,-15.8018864,-47.8662705,3,0.008787346221441124,0.04046725153465168,0.06114123227944122,0.005086252098746631,,POINT (-47.8662705 -15.8018864)
365858840,-15.8033934,-47.8668512,3,0.007029876977152899,0.04105615865440048,0.058520373854138344,0.0008829317483022679,,POINT (-47.8668512 -15.8033934)
365859774,-15.8094178,-47.8690036,3,0.005272407732864675,0.03168341178760885,0.0344960065018111,0.0016121087072733908,,POINT (-47.8690036 -15.8094178)
365861109,-15.808107,-47.871834,3,0.007029876977152899,0.040751534855086126,0.04365666023086382,0.0057773473591352775,,POINT (-47.871834 -15.808107)
365861113,-15.8086847,-47.8721497,3,0.005272407732864675,0.03770953144979082,0.02704398623728308,0.001548854254576603,,POINT (-47.8721497 -15.8086847)
365861115,-15.8087019,-47.8718526,3,0.005272407732864675,0.035195391306775244,0.015863067980230537,0.0002852357883332707,,POINT (-47.8718526 -15.8087019)
365861116,-15.808537,-47.8717882,3,0.005272407732864675,0.03473366490036909,0.02157308968043762,0.000245174846744273,,POINT (-47.8717882 -15.808537)
365861117,-15.8084248,-47.87184,3,0.005272407732864675,0.03352257613655517,0.021576183816431085,0.0006835675001191677,,POINT (-47.87184 -15.8084248)
365862025,-15.8086745,-47.8715615,3,0.007029876977152899,0.034938160322060374,0.008176770052063994,0.0009224449452703996,,POINT (-47.8715615 -15.8086745)
365862028,-15.8093194,-47.8695083,3,0.007029876977152899,0.03612884500203542,0.007563409160292744,0.0010065544624822357,,POINT (-47.8695083 -15.8093194)
370527629,-15.7886363,-47.8741519,3,0.005272407732864675,0.049471176224519554,0.03757467181530896,0.001632692722977675,,POINT (-47.8741519 -15.7886363)
370527632,-15.7881598,-47.8746414,3,0.005272407732864675,0.03981500694679464,0.014161344752757907,0.0015252099324382753,,POINT (-47.8746414 -15.7881598)
370527633,-15.7870432,-47.8781598,3,0.005272407732864675,0.04082565199107118,0.03500860169806184,0.0006147590006396524,,POINT (-47.8781598 -15.7870432)
370527634,-15.7869177,-47.8786721,3,0.005272407732864675,0.0426361545197032,0.035005507562068376,0.002965416116107507,,POINT (-47.8786721 -15.7869177)
370527638,-15.7868038,-47.8801064,3,0.005272407732864675,0.03326125467588495,0.013795205326864523,0.006456307872547917,,POINT (-47.8801064 -15.7868038)
370527682,-15.7864747,-47.8800514,3,0.0035149384885764497,0.040261527966998,0.0,0.0003816785545327766,,POINT (-47.8800514 -15.7864747)
370527796,-15.786536,-47.8796739,3,0.005272407732864675,0.04135874349748347,0.03203977821233199,0.0007301995682464354,,POINT (-47.8796739 -15.786536)
370527802,-15.7882881,-47.8740609,3,0.005272407732864675,0.048422546902934356,0.05810890533594065,0.0052039902976603,,POINT (-47.8740609 -15.7882881)
370527803,-15.7885056,-47.8739306,3,0.005272407732864675,0.050251235651069315,0.08086936970387056,0.01178341532541925,,POINT (-47.8739306 -15.7885056)
372263406,-15.7944506,-47.8662542,3,0.01054481546572935,0.05235586604594728,0.017886277037648404,0.0016935354644858562,,POINT (-47.8662542 -15.7944506)
372263409,-15.7959856,-47.8663346,3,0.01054481546572935,0.053241331863368685,0.08445189522969956,0.006485954242301993,,POINT (-47.8663346 -15.7959856)
372263420,-15.7938563,-47.8730958,3,0.01054481546572935,0.054935219736016824,0.08659890032820021,0.006585737754924672,,POINT (-47.8730958 -15.7938563)
372263423,-15.793433,-47.8743766,3,0.008787346221441124,0.058133227685968486,0.31189963447940117,0.022646534135668292,,POINT (-47.8743766 -15.793433)
372263427,-15.7897494,-47.8726324,3,0.01054481546572935,0.05524678385008947,0.08640849195937195,0.03759735193719626,,POINT (-47.8726324 -15.7897494)
372263430,-15.7935905,-47.873932,3,0.01054481546572935,0.05760781020744098,0.3121028002089413,0.017045357059107303,,POINT (-47.873932 -15.7935905)
446221472,-15.8103658,-47.8757529,3,0.007029876977152899,0.031459459818358786,0.013660868255814917,0.0007695858798789339,,POINT (-47.8757529 -15.8103658)
446221476,-15.8126906,-47.8765344,3,0.008787346221441124,0.031215986158720968,0.006320288455984884,-0.0008636428528793795,,POINT (-47.8765344 -15.8126906)
446221485,-15.812979,-47.8766249,3,0.005272407732864675,0.030227236245848135,0.0,-0.0010365887533412485,,POINT (-47.8766249 -15.812979)
446221488,-15.809519,-47.8760212,3,0.007029876977152899,0.032263541749724164,0.006051614313885657,-0.0006801987412053983,,POINT (-47.8760212 -15.809519)
446221561,-15.8127042,-47.8762137,3,0.007029876977152899,0.03418627963707364,0.019988892051783464,0.0030457482152368705,,POINT (-47.8762137 -15.8127042)
446221632,-15.8089685,-47.8721282,3,0.007029876977152899,0.03657936765474608,0.024214966129524652,0.004454874620649385,,POINT (-47.8721282 -15.8089685)
446221968,-15.8115093,-47.8647722,3,0.005272407732864675,0.033559620064943195,0.013075789240422029,-2.011143954615349e-05,,POINT (-47.8647722 -15.8115093)
446221986,-15.811028,-47.8639917,3,0.005272407732864675,0.03430667785760423,0.02183735099525094,0.000541139135826976,,POINT (-47.8639917 -15.811028)
446222638,-15.8122448,-47.8659309,3,0.005272407732864675,0.03242768639401332,0.013078883376415494,0.0004822922125682101,,POINT (-47.8659309 -15.8122448)
446223323,-15.812508,-47.8656963,3,0.005272407732864675,0.031403965637414,0.012413673605782322,0.0011003840777957688,,POINT (-47.8656963 -15.812508)
446253711,-15.8125641,-47.8802151,3,0.008787346221441124,0.036566413703455355,0.02646105101611426,0.020168782147179706,,POINT (-47.8802151 -15.8125641)
472466790,-15.7887167,-47.8805031,3,0.005272407732864675,0.03574116961433618,0.03134927019645701,0.007589787570459785,,POINT (-47.8805031 -15.7887167)
472492593,-15.7939422,-47.855872,3,0.005272407732864675,0.0424713059459597,0.17138054148422613,0.0027806279090068086,,POINT (-47.855872 -15.7939422)
472492809,-15.799505,-47.8514316,3,0.0035149384885764497,0.044350244401605204,0.06729633410847674,-0.00018438397827575976,,POINT (-47.8514316 -15.799505)
510127657,-15.7866857,-47.8802318,3,0.0035149384885764497,0.0,0.0,-0.0003816026008136537,,POINT (-47.8802318 -15.7866857)
510127658,-15.7875361,-47.880384,3,0.005272407732864675,0.037190692629238305,0.03580070051238892,0.0006338812324957337,,POINT (-47.880384 -15.7875361)
510127663,-15.7872703,-47.8814583,3,0.005272407732864675,0.03424978075355487,0.013495074135498403,0.0005994287580850182,,POINT (-47.8814583 -15.7872703)
510127664,-15.786054,-47.8813107,3,0.005272407732864675,0.03308222447001705,0.0033447610089358645,-0.0002949879562444479,,POINT (-47.8813107 -15.786054)
510127748,-15.7897913,-47.8813952,3,0.005272407732864675,0.04026212236443002,0.03579141810440852,0.0033185351622626474,,POINT (-47.8813952 -15.7897913)
510127749,-15.7897823,-47.8815213,3,0.005272407732864675,0.03203730655160324,0.013510544815465729,0.0014873437519063357,,POINT (-47.8815213 -15.7897823)
510127761,-15.7879375,-47.8745502,3,0.005272407732864675,0.04791472808158572,0.059655973332673244,0.004588936000939145,,POINT (-47.8745502 -15.7879375)
510127762,-15.7876254,-47.8755096,3,0.005272407732864675,0.04564013393556278,0.05965906746866671,0.004058690970840207,,POINT (-47.8755096 -15.7876254)
510127764,-15.7878362,-47.8756271,3,0.005272407732864675,0.045220390214512234,0.014989026131009843,0.0006054141012258974,,POINT (-47.8756271 -15.7878362)
510127765,-15.7873916,-47.8769783,3,0.005272407732864675,0.037883856404394345,0.008778063813460728,0.0006719511982672297,,POINT (-47.8769783 -15.7873916)
510127766,-15.7871748,-47.8769045,3,0.005272407732864675,0.045220390214512234,0.05345429342310453,0.003055173923622159,,POINT (-47.8769045 -15.7871748)
510127767,-15.7866889,-47.8786372,3,0.005272407732864675,0.043188990721021094,0.053457387559098,0.003050662961330779,,POINT (-47.8786372 -15.7866889)
510135562,-15.7874229,-47.8808739,3,0.005272407732864675,0.03865248147631101,0.03579451224040199,0.001157953866530333,,POINT (-47.8808739 -15.7874229)
510135569,-15.7874277,-47.8810103,3,0.005272407732864675,0.03313530550536462,0.013507450679472264,0.0007533089973382275,,POINT (-47.8810103 -15.7874277)
510135577,-15.7849971,-47.8806938,3,0.0035149384885764497,0.0,0.0,-0.000761345541953544,,POINT (-47.8806938 -15.7849971)
510135583,-15.7851351,-47.8812236,3,0.0035149384885764497,0.03210980599883125,0.0,-0.0007703715062615646,,POINT (-47.8812236 -15.7851351)
515626677,-15.7881511,-47.8734861,3,0.005272407732864675,0.03222326769935627,0.03386531844847645,0.0010246781205806863,,POINT (-47.8734861 -15.7881511)
515626685,-15.7883437,-47.8738274,3,0.005272407732864675,0.031174518149814995,0.0020668828436347436,0.0026162593660603254,,POINT (-47.8738274 -15.7883437)
545276560,-15.789719,-47.8535284,3,0.005272407732864675,0.028744568513951678,0.0247161287611701,0.002721240105932353,,POINT (-47.8535284 -15.789719)
545289957,-15.7910989,-47.8682962,3,0.007029876977152899,0.04735655797826877,0.032952548330404216,0.02777055939351538,,POINT (-47.8682962 -15.7910989)
545291326,-15.7902398,-47.8710895,3,0.007029876977152899,0.0497332814833914,0.0361797321715884,0.030587246956170277,,POINT (-47.8710895 -15.7902398)
545291953,-15.7900055,-47.8718305,3,0.007029876977152899,0.05235055719723039,0.039394539468798735,0.03374383716384208,,POINT (-47.8718305 -15.7900055)
545296910,-15.7929917,-47.8602728,3,0.005272407732864675,0.03967121523582958,0.13563433913380693,0.005764844854074445,,POINT (-47.8602728 -15.7929917)
560156840,-15.80414,-47.8530298,3,0.005272407732864675,0.03249094997351077,0.023902819376717267,0.00708671009405727,,POINT (-47.8530298 -15.80414)
560157020,-15.8064888,-47.8534048,3,0.005272407732864675,0.03706638406360077,0.0016801158444515953,0.002202879377360275,,POINT (-47.8534048 -15.8064888)
985265170,-15.7918671,-47.874919,3,0.005272407732864675,0.042283472160449316,0.09350788385851136,0.006038374150189324,,POINT (-47.874919 -15.7918671)
985265283,-15.7907347,-47.8767255,3,0.005272407732864675,0.039744510783609396,0.010242105827702006,0.00017080495487708432,,POINT (-47.8767255 -15.7907347)
985265286,-15.7908998,-47.8762105,3,0.007029876977152899,0.04145505019102988,0.011008420175416884,0.0006519405111385407,,POINT (-47.8762105 -15.7908998)
985265289,-15.7881956,-47.8752087,3,0.007029876977152899,0.041618798474734875,0.0014367104796323337,0.000655815218062642,,POINT (-47.8752087 -15.7881956)
985265296,-15.7880414,-47.8749961,3,0.005272407732864675,0.04153509212221128,0.014158250616764442,0.0007207976176445725,,POINT (-47.8749961 -15.7880414)
985265322,-15.7879569,-47.8752825,3,0.005272407732864675,0.043188990721021094,0.01499212026700331,0.00041570486016283585,,POINT (-47.8752825 -15.7879569)
985265331,-15.7913896,-47.8747601,3,0.005272407732864675,0.04549935622447221,0.06938238982813105,0.0014706553592531758,,POINT (-47.8747601 -15.7913896)
985265339,-15.7915993,-47.8748305,3,0.005272407732864675,0.044221087372941,0.0935047897225179,0.005231069284112029,,POINT (-47.8748305 -15.7915993)
1102290712,-15.8138758,-47.8691241,3,0.005272407732864675,0.031612252880010905,0.0016801158444515953,0.0015725936291618246,,POINT (-47.8691241 -15.8138758)
1109971136,-15.7972312,-47.8753567,3,0.005272407732864675,0.04784368409592124,0.08987021130886086,0.0036913178364129866,,POINT (-47.8753567 -15.7972312)
1163086667,-15.7903165,-47.8589532,3,0.005272407732864675,0.034501550058746736,0.05050970733599017,0.0018887691282958646,,POINT (-47.8589532 -15.7903165)
1163086684,-15.7934266,-47.8563394,3,0.005272407732864675,0.04068409732695714,0.1676526233014328,0.008602911946647453,,POINT (-47.8563394 -15.7934266)
1163086718,-15.7873626,-47.8580157,3,0.005272407732864675,0.0338508001835079,0.0033602316889031906,0.004501215701357855,,POINT (-47.8580157 -15.7873626)
1163086737,-15.8050619,-47.8538515,3,0.005272407732864675,0.03560805538858446,0.012135201366370455,-0.0003230616170863899,,POINT (-47.8538515 -15.8050619)
1163086740,-15.7940009,-47.856731,3,0.005272407732864675,0.05090526474848019,0.08971611256924632,0.000881879450677332,,POINT (-47.856731 -15.7940009)
1163086756,-15.8064179,-47.8533206,3,0.0035149384885764497,0.0,0.0,-0.00060727264395438,,POINT (-47.8533206 -15.8064179)
1163086758,-15.796916,-47.8529263,3,0.005272407732864675,0.04060410500032136,0.06677909770823581,0.0022029117167201005,,POINT (-47.8529263 -15.796916)
1163086767,-15.80552,-47.8545463,3,0.005272407732864675,0.03696171213338246,0.01213210723037699,-0.00022408407865044544,,POINT (-47.8545463 -15.80552)
1163086769,-15.7890186,-47.8581382,3,0.005272407732864675,0.03711582998411834,0.06171151101099862,0.0004393934267376095,,POINT (-47.8581382 -15.7890186)
1163086771,-15.8055542,-47.8539683,3,0.005272407732864675,0.034377493346589835,0.01046127379390579,0.000403734907336054,,POINT (-47.8539683 -15.8055542)
1163086780,-15.8056484,-47.8540447,3,0.005272407732864675,0.031490161334497474,0.00753731528008119,0.00042176565859858544,,POINT (-47.8540447 -15.8056484)
1163086783,-15.8044708,-47.8528977,3,0.005272407732864675,0.03447691611504583,0.0016801158444515953,0.0017014677044113117,,POINT (-47.8528977 -15.8044708)
1163098064,-15.7898868,-47.8534272,3,0.007029876977152899,0.03231402610496878,0.02639201604401025,0.0006624142390993365,,POINT (-47.8534272 -15.7898868)
1163098076,-15.7898823,-47.853033,3,0.005272407732864675,0.03126892344976598,0.025349910950498215,0.0002624768633583474,,POINT (-47.853033 -15.7898823)
1163098088,-15.7898771,-47.855753,3,0.005272407732864675,0.03711582998411834,0.06644291926585423,0.005495248793718973,,POINT (-47.855753 -15.7898771)
1163098094,-15.789872,-47.8545584,3,0.007029876977152899,0.03419307206299001,0.026020692389754747,0.0007876492678896352,,POINT (-47.8545584 -15.789872)
1163098108,-15.7898807,-47.8554834,3,0.005272407732864675,0.03646053637564168,0.04112425228859114,0.0011673181219604228,,POINT (-47.8554834 -15.7898807)
1163098111,-15.7912373,-47.8583584,3,0.005272407732864675,0.03860046318348308,0.06170841687500516,0.0006740638528927932,,POINT (-47.8583584 -15.7912373)
1163098133,-15.7919303,-47.8578347,3,0.005272407732864675,0.03905008661062598,0.08015973981421762,0.007936454039193882,,POINT (-47.8578347 -15.7919303)
1163098140,-15.7971542,-47.8565961,3,0.007029876977152899,0.051386602476270145,0.07985208012529231,0.005806556401758613,,POINT (-47.8565961 -15.7971542)
1163128923,-15.7971483,-47.8765029,3,0.005272407732864675,0.04827313651978365,0.19948101025602966,0.004930796513471695,,POINT (-47.8765029 -15.7971483)
1163128927,-15.7922596,-47.8750586,3,0.005272407732864675,0.05305530727356758,0.12668063153378384,0.0037240325240664807,,POINT (-47.8750586 -15.7922596)
1163128930,-15.7987162,-47.8767939,3,0.005272407732864675,0.04396876129101397,0.09868076355025289,0.004601216072813564,,POINT (-47.8767939 -15.7987162)
1163128934,-15.7924355,-47.8745335,3,0.005272407732864675,0.057466740324920544,0.15986792164822564,0.0038479871208673584,,POINT (-47.8745335 -15.7924355)
1163128948,-15.7931385,-47.8751034,3,0.005272407732864675,0.05579608722350439,0.12302460044390537,0.002222776372201076,,POINT (-47.8751034 -15.7931385)
1163128967,-15.7986452,-47.877037,3,0.005272407732864675,0.05575390875584083,0.02672972515821349,0.002158055015297756,,POINT (-47.877037 -15.7986452)
1163128969,-15.7933321,-47.875027,3,0.005272407732864675,0.057047645865092395,0.15527653324752264,0.010546451795940501,,POINT (-47.875027 -15.7933321)
1163128970,-15.7932875,-47.875209,3,0.005272407732864675,0.04962810680371874,0.18869660552653947,0.00480393023788793,,POINT (-47.875209 -15.7932875)
1163128976,-15.7931523,-47.8750485,3,0.005272407732864675,0.054500284501117505,0.1982216969066891,0.0017731466376786353,,POINT (-47.8750485 -15.7931523)
1163372579,-15.7899971,-47.8807984,3,0.005272407732864675,0.03995366004326622,0.03926252299974422,0.002780098355488727,,POINT (-47.8807984 -15.7899971)
1163510791,-15.796424,-47.871198,3,0.005272407732864675,0.04224887030107088,0.019684996328291952,0.0014074837129617243,,POINT (-47.871198 -15.796424)
1163510853,-15.7983425,-47.8718075,3,0.005272407732864675,0.04400248828765756,0.04521842537356531,0.0012363781040822793,,POINT (-47.8718075 -15.7983425)
1169361506,-15.7929354,-47.8821211,3,0.005272407732864675,0.0425939439880444,0.07625910707360743,0.01073005518383343,,POINT (-47.8821211 -15.7929354)
1169361507,-15.7949297,-47.8828179,3,0.0017574692442882249,0.0,0.0,-7.00832380622878e-05,,POINT (-47.8828179 -15.7949297)
1169361508,-15.7927321,-47.8826902,3,0.0035149384885764497,0.042199712311550876,0.0,-0.00018058454931692283,,POINT (-47.8826902 -15.7927321)
1306279331,-15.7972677,-47.8525836,3,0.005272407732864675,0.04239109902940193,0.0672994282444702,0.00021228419687943555,,POINT (-47.8525836 -15.7972677)
1306279332,-15.7978338,-47.8529575,3,0.005272407732864675,0.043196217794434916,0.001392103352393211,0.00048710011339739236,,POINT (-47.8529575 -15.7978338)
1327053742,-15.7897139,-47.8560061,3,0.005272407732864675,0.032013467791845114,0.04797921978266788,0.0005128563686404661,,POINT (-47.8560061 -15.7897139)
1327071809,-15.7884492,-47.8818693,3,0.005272407732864675,0.03430211913355167,0.030300873784004555,0.010174642919399925,,POINT (-47.8818693 -15.7884492)
1327076557,-15.7851916,-47.8736136,3,0.0017574692442882249,0.053815354575671284,0.0,0.00021456371590263646,,POINT (-47.8736136 -15.7851916)
1327084349,-15.7912657,-47.8794345,2,0.005272407732864675,0.035352040199882646,0.03831056049242144,0.0034609729544503682,,POINT (-47.8794345 -15.7912657)
1328882376,-15.7874555,-47.8578193,3,0.007029876977152899,0.03385672470844554,0.007434589965098144,0.0002720628315687736,,POINT (-47.8578193 -15.7874555)
1328882398,-15.7954604,-47.8552638,3,0.005272407732864675,0.045023214012303664,0.08519274359146634,0.000756247311758147,,POINT (-47.8552638 -15.7954604)
1328882399,-15.7943764,-47.8563474,3,0.005272407732864675,0.049685419601490345,0.09345021902402656,0.0009726861887128345,,POINT (-47.8563474 -15.7943764)
1330796995,-15.7888615,-47.867494,3,0.005272407732864675,0.03663127537101505,0.008351073046362534,-0.00024065608500288915,,POINT (-47.867494 -15.7888615)
1330797006,-15.7921259,-47.8744219,3,0.005272407732864675,0.05425971572034536,0.1598710157842191,0.003456574344466931,,POINT (-47.8744219 -15.7921259)
1330797008,-15.7890583,-47.8673445,3,0.005272407732864675,0.043131261075947044,0.014910641352508726,2.921012364000574e-05,,POINT (-47.8673445 -15.7890583)
1330797012,-15.7889138,-47.8672969,3,0.005272407732864675,0.04135211814810461,0.008335602366395207,-0.00024065608500378627,,POINT (-47.8672969 -15.7889138)
1330797014,-15.7919522,-47.8749472,3,0.005272407732864675,0.05611752120424849,0.12667753739779036,0.003334023802495855,,POINT (-47.8749472 -15.7919522)
1330797018,-15.7889815,-47.8675322,3,0.005272407732864675,0.04135211814810461,0.014932300304462982,2.9210123640364582e-05,,POINT (-47.8675322 -15.7889815)
1330797028,-15.7909021,-47.8681676,3,0.005272407732864675,0.03964075515042123,0.014935394440456447,0.00030607513100646344,,POINT (-47.8681676 -15.7909021)
1331594847,-15.8149756,-47.8713682,3,0.0017574692442882249,0.030709637356972137,0.0,-0.0010883095936589204,,POINT (-47.8713682 -15.8149756)
1383031613,-15.8001925,-47.8766182,3,0.005272407732864675,0.040680891582939575,0.12003236466249166,0.008089215656316519,,POINT (-47.8766182 -15.8001925)
1383986750,-15.8032385,-47.8797336,3,0.005272407732864675,0.04703299581662441,0.027940357434589967,0.0015309677815758466,,POINT (-47.8797336 -15.8032385)
1384081969,-15.7864999,-47.8824232,3,0.0035149384885764497,0.0,0.0,-0.0007451545237666165,,POINT (-47.8824232 -15.7864999)
1387106615,-15.8083748,-47.8720723,3,0.005272407732864675,0.039248988526614424,0.027040892101289623,0.0020653344079672544,,POINT (-47.8720723 -15.8083748)
1387106619,-15.8087496,-47.87195,3,0.005272407732864675,0.03653277632883428,0.015859973844237072,0.00023309420165982817,,POINT (-47.87195 -15.8087496)
1387106630,-15.8062093,-47.8749951,3,0.005272407732864675,0.03528680165942766,0.01563827900030529,-1.3215884032708773e-05,,POINT (-47.8749951 -15.8062093)
1387126931,-15.8096359,-47.86908,3,0.005272407732864675,0.03389451123155765,0.02570969165903447,0.00010129526334853048,,POINT (-47.86908 -15.8096359)
1387127003,-15.8093232,-47.8692805,3,0.005272407732864675,0.03718801376352993,0.02901869329627441,0.0008605365251782443,,POINT (-47.8692805 -15.8093232)
1387127071,-15.8102058,-47.8666161,3,0.005272407732864675,0.0324195412922503,0.012212039076874842,-3.3567647849769084e-06,,POINT (-47.8666161 -15.8102058)
1387127194,-15.8104347,-47.8666591,3,0.005272407732864675,0.032750646731735986,0.003438100778072064,-0.00030121620125812316,,POINT (-47.8666591 -15.8104347)
1387127243,-15.8095736,-47.8693482,3,0.005272407732864675,0.034789837943334644,0.023324142276034656,0.0010582674913202925,,POINT (-47.8693482 -15.8095736)
1387127386,-15.8031823,-47.8667048,2,0.005272407732864675,0.040062170798408174,0.004295898413327063,0.00031492484293073255,,POINT (-47.8667048 -15.8031823)
1409642773,-15.7952507,-47.8554623,3,0.005272407732864675,0.04723956401126234,0.09345331316002002,0.0006946923946181448,,POINT (-47.8554623 -15.7952507)
1409642869,-15.7969962,-47.8560154,3,0.005272407732864675,0.04516500700543138,0.014591687500515687,0.0026940290510335993,,POINT (-47.8560154 -15.7969962)
1409642895,-15.7876884,-47.8579618,3,0.005272407732864675,0.03448311481960233,0.01121727435497578,0.0005575478340570519,,POINT (-47.8579618 -15.7876884)
1412099015,-15.7862113,-47.8824154,3,0.0035149384885764497,0.0035149384885764497,0.0,-0.0009503440730483035,,POINT (-47.8824154 -15.7862113)
1420798154,-15.7853268,-47.8595064,3,0.005272407732864675,0.03292829762724469,0.0016832099804450604,0.0016658685188536816,,POINT (-47.8595064 -15.7853268)
1420798157,-15.7892606,-47.8560537,3,0.007029876977152899,0.03295762496515073,0.007814962416561464,0.0005573852392615432,,POINT (-47.8560537 -15.7892606)
1423095397,-15.8122499,-47.8753307,3,0.007029876977152899,0.03533994079533754,0.021570253389110283,0.003553300610122086,,POINT (-47.8753307 -15.8122499)
1534225155,-15.7898745,-47.8550405,3,0.005272407732864675,0.035130729115343366,0.041127346424584606,0.001587354136721259,,POINT (-47.8550405 -15.7898745)
1534225157,-15.7897045,-47.8549918,3,0.005272407732864675,0.03416139714676677,0.04010980057262144,0.0040147861214341555,,POINT (-47.8549918 -15.7897045)
1534225181,-15.789931,-47.8562143,3,0.005272407732864675,0.03860046318348308,0.06643982512986077,0.006118213111825696,,POINT (-47.8562143 -15.789931)
1534225183,-15.7897994,-47.8562959,3,0.005272407732864675,0.030985547658089432,0.047982313918661354,0.0010234222045306777,,POINT (-47.8562959 -15.7897994)
1534225187,-15.7897255,-47.8530258,3,0.005272407732864675,0.030351628164555326,0.024688281537228917,0.0005883815741621732,,POINT (-47.8530258 -15.7897255)
1534231193,-15.7898797,-47.8541004,3,0.007029876977152899,0.03309494840250552,0.023919012112662973,0.0002233919809750825,,POINT (-47.8541004 -15.7898797)
1534231199,-15.7907501,-47.8543391,3,0.01054481546572935,0.032239365247851016,0.000302415130133638,-0.00036431675190909526,,POINT (-47.8543391 -15.7907501)
1534231201,-15.7904101,-47.8554448,3,0.007029876977152899,0.03661828463572495,0.03408349766667732,0.003059423365543261,,POINT (-47.8554448 -15.7904101)
1534255017,-15.7883505,-47.8583175,3,0.0035149384885764497,0.0,0.0,-0.00020190995237871618,,POINT (-47.8583175 -15.7883505)
1534255019,-15.7884278,-47.8579802,3,0.005272407732864675,0.03576097493101656,0.011214180218982317,0.0009771836850750017,,POINT (-47.8579802 -15.7884278)
1534255029,-15.7889312,-47.8584671,3,0.005272407732864675,0.03577088582270395,0.0505066131999967,0.0013156345411667399,,POINT (-47.8584671 -15.7889312)
1547160000,-15.7914438,-47.8538121,4,0.014059753954305799,0.03253394637841617,0.018961816979849975,0.001828500849891596,,POINT (-47.8538121 -15.7914438)
1547160002,-15.7913257,-47.8540414,4,0.014059753954305799,0.033453067781966314,0.015761696692875686,0.0012660061230810177,,POINT (-47.8540414 -15.7913257)
1547160007,-15.7907243,-47.8548621,3,0.01054481546572935,0.034457798510250694,0.020233535849448904,0.00112697146425569,,POINT (-47.8548621 -15.7907243)
1547160011,-15.7922716,-47.8546958,3,0.01054481546572935,0.032403263357753474,0.0011103119489156276,-0.0003984171197292624,,POINT (-47.8546958 -15.7922716)
1547160015,-15.7908953,-47.8539153,3,0.01054481546572935,0.03234439262492708,0.0016917154006081802,-0.0002569707726172879,,POINT (-47.8539153 -15.7908953)
1547160038,-15.7916419,-47.854956,3,0.01054481546572935,0.0333903243486668,0.002870635455523077,-0.00023693120927884454,,POINT (-47.854956 -15.7916419)
1547160039,-15.7918187,-47.8544839,3,0.01054481546572935,0.032393097946987456,0.00046882545026063425,-0.0001900488507216264,,POINT (-47.8544839 -15.7918187)
1547160042,-15.7926085,-47.851266,3,0.0035149384885764497,0.029004561521296972,0.0,-0.0011378373372215435,,POINT (-47.851266 -15.7926085)
1547160044,-15.7921445,-47.8528103,3,0.01054481546572935,0.03195204821630686,0.009066511096192402,-0.00015258163451895834,,POINT (-47.8528103 -15.7921445)
1559460421,-15.7927039,-47.8656527,3,0.01054481546572935,0.055170035806698665,0.24038650870116332,0.014791720003784694,,POINT (-47.8656527 -15.7927039)
1559460446,-15.7904356,-47.8728705,3,0.01054481546572935,0.05699096976256608,0.27522719685242314,0.011911640844104045,,POINT (-47.8728705 -15.7904356)
1818221321,-15.7875245,-47.8797296,3,0.005272407732864675,0.034740676608511274,0.008429457824863653,0.00020224512512457036,,POINT (-47.8797296 -15.7875245)
1818221329,-15.7893216,-47.8806536,3,0.005272407732864675,0.03817236192821339,0.015597023853725751,0.0012985467337914816,,POINT (-47.8806536 -15.7893216)
1818221331,-15.7871419,-47.8787693,3,0.007029876977152899,0.0368956760579637,0.01887577662813436,0.0007732847926366417,,POINT (-47.8787693 -15.7871419)
1818221340,-15.7879169,-47.8798597,3,0.005272407732864675,0.03443481591936812,0.021385636608166864,0.0005954896360447165,,POINT (-47.8798597 -15.7879169)
1818221342,-15.7894197,-47.8803726,3,0.005272407732864675,0.03357053092392783,0.02904671732798667,0.00045687548679992907,,POINT (-47.8803726 -15.7894197)
1818986212,-15.7889419,-47.8800406,3,0.005272407732864675,0.03478514991773926,0.00924991955246417,0.0006280169613128375,,POINT (-47.8800406 -15.7889419)
1818986227,-15.7888967,-47.8801788,3,0.005272407732864675,0.03204128313033489,0.02523783592003102,-6.419760088273224e-05,,POINT (-47.8801788 -15.7888967)
1818992215,-15.788335,-47.8800018,3,0.005272407732864675,0.0331501987337284,0.025234741784037555,-8.954370053174705e-05,,POINT (-47.8800018 -15.788335)
1818992218,-15.7883808,-47.8798617,3,0.005272407732864675,0.03356616572908693,0.009253013688457636,0.0004053548774111993,,POINT (-47.8798617 -15.7883808)
1818992219,-15.7875781,-47.8796055,3,0.005272407732864675,0.0320492392500519,0.005416285056560805,0.00041553012728384655,,POINT (-47.8796055 -15.7875781)
1818992221,-15.7882192,-47.8799626,3,0.005272407732864675,0.03324412073915558,0.02138873074416033,0.0002771828917777786,,POINT (-47.8799626 -15.7882192)
1818992224,-15.7882703,-47.8798229,3,0.005272407732864675,0.033154456401174294,0.00541319092056734,0.000588454353988229,,POINT (-47.8798229 -15.7882703)
1819014290,-15.7890104,-47.8802166,3,0.005272407732864675,0.034787493772595254,0.0290436231919932,0.0002429953988639069,,POINT (-47.8802166 -15.7890104)
1819014291,-15.789066,-47.880085,3,0.005272407732864675,0.03535930382022369,0.013049518552439417,0.0015751235132232535,,POINT (-47.880085 -15.789066)
1819015386,-15.7878081,-47.8798191,3,0.005272407732864675,0.03352910735674023,0.008432551960857118,0.0005275759948738173,,POINT (-47.8798191 -15.7878081)
1819015387,-15.7876613,-47.8802915,3,0.005272407732864675,0.034444005275808,0.013792111190871056,0.006350604363028565,,POINT (-47.8802915 -15.7876613)
1819015390,-15.7877742,-47.8803156,3,0.005272407732864675,0.03446930131386607,0.026739007566193886,0.007030093712317542,,POINT (-47.8803156 -15.7877742)
1819015736,-15.7895187,-47.880399,3,0.005272407732864675,0.03815825536430792,0.05272149888198553,0.0008907500217920168,,POINT (-47.880399 -15.7895187)
1819017689,-15.7919426,-47.8783134,3,0.01054481546572935,0.050556325409232876,0.08356229939684975,0.010254665338728514,,POINT (-47.8783134 -15.7919426)
1819023766,-15.790925,-47.8768194,3,0.005272407732864675,0.038864889722906214,0.033502788847908783,0.0012307256249551681,,POINT (-47.8768194 -15.790925)
1819023771,-15.7906276,-47.8773209,3,0.007029876977152899,0.03905599478622332,0.033818390719242225,0.0018005450973033262,,POINT (-47.8773209 -15.7906276)
1938343475,-15.8024352,-47.8769293,3,0.005272407732864675,0.04486280805344857,0.1104922151538405,0.0014675238203876902,,POINT (-47.8769293 -15.8024352)
1938343494,-15.8083801,-47.8614771,3,0.005272407732864675,0.035109227819047004,0.00879301880409581,0.001096819539929381,,POINT (-47.8614771 -15.8083801)
1938343496,-15.8030863,-47.8750981,3,0.005272407732864675,0.04445717687755844,0.10178263488370178,0.006714029469396808,,POINT (-47.8750981 -15.8030863)
1938343514,-15.8034391,-47.8783559,3,0.005272407732864675,0.04763620548801312,0.03017927423946137,0.0026914132148227014,,POINT (-47.8783559 -15.8034391)
1938343534,-15.8033575,-47.8782932,3,0.005272407732864675,0.04828216544272759,0.12145680173601649,0.0036847072118970435,,POINT (-47.8782932 -15.8033575)
1938343544,-15.8086634,-47.8588662,3,0.005272407732864675,0.03673030699196685,0.016660375256813287,0.0011582119817837653,,POINT (-47.8588662 -15.8086634)
1938343557,-15.8030121,-47.8742056,3,0.005272407732864675,0.04322876957875627,0.08511571037236892,0.0026456547164767086,,POINT (-47.8742056 -15.8030121)
1938343614,-15.8049929,-47.8677762,3,0.005272407732864675,0.036887767582101036,0.040584610474799575,0.0006192179596329252,,POINT (-47.8677762 -15.8049929)
1938343616,-15.8083169,-47.8612512,3,0.005272407732864675,0.03547592902350623,0.013769936549584569,0.00041417607374994255,,POINT (-47.8612512 -15.8083169)
1938343642,-15.8042199,-47.8710154,3,0.005272407732864675,0.04323600997228759,0.07328694634119906,0.00513471865605975,,POINT (-47.8710154 -15.8042199)
1938343657,-15.8030624,-47.8756821,3,0.005272407732864675,0.04659998150366334,0.1017795407477083,0.007781447429039949,,POINT (-47.8756821 -15.8030624)
1938343660,-15.8022197,-47.8770152,3,0.005272407732864675,0.04554350697592503,0.08551696824178816,0.002413911578995007,,POINT (-47.8770152 -15.8022197)
1938343689,-15.8036971,-47.875,3,0.005272407732864675,0.04153843391094103,0.027214679406255916,0.0010165502241847846,,POINT (-47.875 -15.8036971)
1938343697,-15.8040147,-47.870952,3,0.005272407732864675,0.03653019140161934,0.05198598592138658,0.002033020401091837,,POINT (-47.870952 -15.8040147)
1938343712,-15.8030404,-47.8804109,3,0.005272407732864675,0.03665468193674733,0.012564358028664076,0.001776953531937471,,POINT (-47.8804109 -15.8030404)
1938343713,-15.8052354,-47.8679721,4,0.007029876977152899,0.04126618136672417,0.07204843000592907,0.00654159671935053,,POINT (-47.8679721 -15.8052354)
1938343727,-15.8032121,-47.8742833,3,0.005272407732864675,0.04157188139778453,0.10641048252019444,0.00639361788829809,,POINT (-47.8742833 -15.8032121)
1938343728,-15.8010158,-47.8768958,3,0.005272407732864675,0.04439600955190353,0.12372727872802136,0.005127764873713682,,POINT (-47.8768958 -15.8010158)
1938343741,-15.8028766,-47.8747018,3,0.005272407732864675,0.041378632289740015,0.0851188045083624,0.0025020793723095416,,POINT (-47.8747018 -15.8028766)
1938343750,-15.8030262,-47.8758672,3,0.005272407732864675,0.04773751225881517,0.09252807412724742,0.0018184789573272174,,POINT (-47.8758672 -15.8030262)
1938343753,-15.8058019,-47.8653468,3,0.005272407732864675,0.03473132829324494,0.018464772230335734,0.0005239429459840042,,POINT (-47.8653468 -15.8058019)
1938343768,-15.8028101,-47.8757948,3,0.005272407732864675,0.03856874309570343,0.08918960452816492,0.0038235424920551476,,POINT (-47.8757948 -15.8028101)
1938343776,-15.8049722,-47.8680278,3,0.005272407732864675,0.03552475022907081,0.040587704610793036,0.0017904991594632986,,POINT (-47.8680278 -15.8049722)
1938343785,-15.8020579,-47.8774692,3,0.005272407732864675,0.04349828924754285,0.0855200623777816,0.0015910538636505947,,POINT (-47.8774692 -15.8020579)
1938343798,-15.8059877,-47.8647575,3,0.005272407732864675,0.03603805633666663,0.01846167809434227,0.000546230904872938,,POINT (-47.8647575 -15.8059877)
1938343865,-15.8097684,-47.8619851,3,0.005272407732864675,0.036592330787375865,0.020766264252179742,0.0007601951867746043,,POINT (-47.8619851 -15.8097684)
1938343891,-15.8028417,-47.8750505,3,0.005272407732864675,0.040171272570734995,0.08918651039217144,0.0031573913948065775,,POINT (-47.8750505 -15.8028417)
1938343908,-15.8028314,-47.8803143,3,0.005272407732864675,0.04702014527131932,0.015293798526366165,0.0016513010723038187,,POINT (-47.8803143 -15.8028314)
1938349401,-15.8041554,-47.8705081,3,0.007029876977152899,0.0379590614718834,0.055483906661998976,0.0032816120229066338,,POINT (-47.8705081 -15.8041554)
1938349404,-15.8043709,-47.8705852,3,0.007029876977152899,0.04225924491111452,0.09390549506765276,0.009142293369656412,,POINT (-47.8705852 -15.8043709)
1938484654,-15.8051825,-47.8673364,4,0.008787346221441124,0.03856874309570343,0.08621840887150684,0.0026975756639412486,,POINT (-47.8673364 -15.8051825)
1938484663,-15.8037265,-47.8673193,3,0.005272407732864675,0.03688513217682976,0.0076629519353968,3.080235802044057e-05,,POINT (-47.8673193 -15.8037265)
1938484687,-15.8036754,-47.8673265,3,0.005272407732864675,0.038365251919379215,0.007659857799403335,0.0007598905209156629,,POINT (-47.8673265 -15.8036754)
1938484705,-15.8073536,-47.8683557,3,0.005272407732864675,0.03868144115374887,0.03346823766264842,0.00038111315759619004,,POINT (-47.8683557 -15.8073536)
1938484739,-15.8071994,-47.8685253,3,0.005272407732864675,0.039576940979615644,0.02798164204913134,0.0012680208076576059,,POINT (-47.8685253 -15.8071994)
1938484741,-15.8062077,-47.8648393,3,0.005272407732864675,0.03642452342874884,0.013478572076866579,0.0010273730391996577,,POINT (-47.8648393 -15.8062077)
1939190640,-15.8001012,-47.87391,3,0.005272407732864675,0.04428177331495721,0.01832862287963275,0.001969599127802227,,POINT (-47.87391 -15.8001012)
1984330229,-15.7895913,-47.8821181,3,0.005272407732864675,0.0310190576231126,0.023899106413525086,0.0010106870173826827,,POINT (-47.8821181 -15.7895913)
1993187485,-15.7891579,-47.882018,3,0.0035149384885764497,0.03203730655160324,0.02389601227753162,1.7155694600896167e-05,,POINT (-47.882018 -15.7891579)
1993195719,-15.7920039,-47.8818625,3,0.0035149384885764497,0.029319228765935207,0.0,-0.00046949412779711316,,POINT (-47.8818625 -15.7920039)
1993195725,-15.7914896,-47.8816535,3,0.005272407732864675,0.03006354131945997,0.02379390578974727,0.0008535667161572783,,POINT (-47.8816535 -15.7914896)
1993195730,-15.7914502,-47.8812296,3,0.005272407732864675,0.029234495757592644,0.027166514022624322,0.002563943343345058,,POINT (-47.8812296 -15.7914502)
1993195732,-15.7923323,-47.8815133,3,0.005272407732864675,0.002343292325717633,0.0033664199608901208,0.005034672595702975,,POINT (-47.8815133 -15.7923323)
2187502597,-15.8102389,-47.8663356,3,0.005272407732864675,0.03355525770694697,0.012208944940881377,-5.95267194801422e-05,,POINT (-47.8663356 -15.8102389)
2187536401,-15.8112688,-47.8696675,3,0.005272407732864675,0.030500454603833292,0.009322602280348757,-0.0006066011041417303,,POINT (-47.8696675 -15.8112688)
2187536403,-15.8111931,-47.8698376,3,0.005272407732864675,0.03295762496515073,0.006949429441322805,-0.000350563924217405,,POINT (-47.8698376 -15.8111931)
2187536404,-15.8109663,-47.8695609,3,0.005272407732864675,0.0329702532140677,0.012066098995849732,-0.000494298579189885,,POINT (-47.8695609 -15.8109663)
2187536405,-15.8108847,-47.8697286,3,0.005272407732864675,0.03358363332329969,0.009686737884836847,-5.6949055082177344e-05,,POINT (-47.8697286 -15.8108847)
2187538593,-15.8020929,-47.8825076,3,0.0035149384885764497,0.039778003316890985,0.0,-0.0005724868100795396,,POINT (-47.8825076 -15.8020929)
2187538599,-15.8022214,-47.8821637,3,0.005272407732864675,0.04133225482980435,0.012548887348696748,0.00027312946479830444,,POINT (-47.8821637 -15.8022214)
2187538601,-15.8023218,-47.8826372,3,0.0035149384885764497,0.0,0.0,-0.0005896955369311302,,POINT (-47.8826372 -15.8023218)
2187539880,-15.8066239,-47.8811874,3,0.0035149384885764497,0.04349039439438849,0.0,-0.00014049626226129953,,POINT (-47.8811874 -15.8066239)
2187539882,-15.8065716,-47.8808983,3,0.005272407732864675,0.04335218700806836,0.03983937308679259,0.00018283616978912663,,POINT (-47.8808983 -15.8065716)
2187539886,-15.8064236,-47.8810211,3,0.005272407732864675,0.04459542153226968,0.03951758294347223,0.0011106915002724936,,POINT (-47.8810211 -15.8064236)
2187539888,-15.8067452,-47.8810546,3,0.005272407732864675,0.03623025930379552,0.000318696007326914,7.602830088899646e-05,,POINT (-47.8810546 -15.8067452)
2187543977,-15.7979619,-47.8797101,3,0.005272407732864675,0.04925877254833376,0.014289751396486711,0.001553455404538463,,POINT (-47.8797101 -15.7979619)
2187543983,-15.7979148,-47.8799287,3,0.005272407732864675,0.04685797740779507,0.014292845532480176,0.0007085893650473565,,POINT (-47.8799287 -15.7979148)
2187543984,-15.7981333,-47.8798006,3,0.005272407732864675,0.04204244259601679,0.01706869807008424,0.0015713644709690665,,POINT (-47.8798006 -15.7981333)
2187543985,-15.7980718,-47.8799553,3,0.005272407732864675,0.04470354100606859,0.014299033804467107,0.00012496400987046385,,POINT (-47.8799553 -15.7980718)
2265957885,-15.7931705,-47.8528297,3,0.01054481546572935,0.033774773981361125,0.008427621655908239,3.554677982420059e-05,,POINT (-47.8528297 -15.7931705)
2265957888,-15.7932376,-47.8526084,4,0.014059753954305799,0.03366465799941876,0.025552115217204793,0.0006875997314271888,,POINT (-47.8526084 -15.7932376)
2265957923,-15.7951339,-47.8514705,3,0.01054481546572935,0.03316510535614352,0.00570150545923454,0.0019931991799592838,,POINT (-47.8514705 -15.7951339)
2308743176,-15.8074656,-47.881203,3,0.01054481546572935,0.039189402996742534,0.057503795473485324,0.00996012750340046,,POINT (-47.881203 -15.8074656)
2308743179,-15.8076448,-47.8818392,3,0.007029876977152899,0.03764903340473172,0.0036541746082823833,0.0027951224723601433,,POINT (-47.8818392 -15.8076448)
2308743181,-15.8064903,-47.8808192,3,0.007029876977152899,0.0418346321269821,0.04002089573174255,0.00028465560653445637,,POINT (-47.8808192 -15.8064903)
2310483303,-15.8061465,-47.8749944,3,0.005272407732864675,0.03626079470986699,0.02228726783666263,0.00022260180867923095,,POINT (-47.8749944 -15.8061465)
2310483304,-15.8062223,-47.874976,3,0.005272407732864675,0.03403752604688068,0.015641373136298754,-3.5708352906024456e-05,,POINT (-47.874976 -15.8062223)
2320868980,-15.7895744,-47.8802469,3,0.007029876977152899,0.03671202411143327,0.05303400661732551,0.0037836081623572933,,POINT (-47.8802469 -15.7895744)
2335432450,-15.7997369,-47.876448,3,0.005272407732864675,0.03905599478622332,0.007326914032525559,0.003780191997434822,,POINT (-47.876448 -15.7997369)
2345123739,-15.8127274,-47.8802674,3,0.008787346221441124,0.03525066196088257,0.014972524072378028,-0.00010653006177478577,,POINT (-47.8802674 -15.8127274)
2345123740,-15.8128061,-47.8802942,3,0.008787346221441124,0.034021825046397766,0.011664892695363747,-0.0005772501213178687,,POINT (-47.8802942 -15.8128061)
2495106680,-15.813357,-47.8672653,3,0.0035149384885764497,0.002343292325717633,0.0031787090439532335,-0.0004230408533511684,,POINT (-47.8672653 -15.813357)
2507827217,-15.8016277,-47.8744296,3,0.007029876977152899,0.041777083272300224,0.009704293423104537,0.0013575665515207327,,POINT (-47.8744296 -15.8016277)
2507827219,-15.80121,-47.8742927,3,0.005272407732864675,0.042335481351298575,0.018331717015626203,0.001537792338185029,,POINT (-47.8742927 -15.80121)
2507827220,-15.8014855,-47.8740949,3,0.005272407732864675,0.041481696535359644,0.014282575947778039,0.0009584890442653855,,POINT (-47.8740949 -15.8014855)
2507827645,-15.800115,-47.8724594,3,0.008787346221441124,0.04498790476464675,0.13027107430759122,0.006696678757861308,,POINT (-47.8724594 -15.800115)
2507827646,-15.8018187,-47.8730303,3,0.005272407732864675,0.03976900285619212,0.014285670083771499,0.0010556672189246067,,POINT (-47.8730303 -15.8018187)
2507827647,-15.8014841,-47.8729253,3,0.005272407732864675,0.03976900285619212,0.007157252242217209,0.0005690706317489684,,POINT (-47.8729253 -15.8014841)
2524607322,-15.7853507,-47.879464,3,0.005272407732864675,0.040065279767118274,0.03069382905517463,0.00011786528860162053,,POINT (-47.879464 -15.7853507)
2524607324,-15.785472,-47.8760281,3,0.007029876977152899,0.03581555290177496,0.036000272283967426,0.004726925642144911,,POINT (-47.8760281 -15.785472)
2524607330,-15.7871597,-47.8736112,3,0.007029876977152899,0.03334503617380909,0.03398289561622812,0.005891688284761099,,POINT (-47.8736112 -15.7871597)
2524607332,-15.7873613,-47.8743799,3,0.008787346221441124,0.034543101504020214,0.030833065174880565,0.00517782678054437,,POINT (-47.8743799 -15.7873613)
2524637574,-15.7933826,-47.881856,3,0.0035149384885764497,0.0017574692442882249,0.0016863041164385257,0.001995258381463187,,POINT (-47.881856 -15.7933826)
2524715580,-15.7975676,-47.8675482,3,0.005272407732864675,0.03892936171611266,0.0147838849146431,0.0006997674233994986,,POINT (-47.8675482 -15.7975676)
2524715582,-15.7994685,-47.8681938,3,0.005272407732864675,0.04046407987139165,0.04032969050389032,0.0007913398816199505,,POINT (-47.8681938 -15.7994685)
2525832734,-15.8019377,-47.8726441,3,0.005272407732864675,0.03976900285619212,0.01162986265572344,0.001182046990526625,,POINT (-47.8726441 -15.8019377)
2533080966,-15.7997534,-47.8746384,3,0.005272407732864675,0.04639061866107343,0.012469419622597872,0.002512818493287644,,POINT (-47.8746384 -15.7997534)
2533080968,-15.799466,-47.8745335,3,0.008787346221441124,0.047715452410266736,0.14510126075727928,0.002979091997998595,,POINT (-47.8745335 -15.799466)
2560554735,-15.8099866,-47.8623375,3,0.005272407732864675,0.03557615732353129,0.021834256859257474,0.0009951508750192502,,POINT (-47.8623375 -15.8099866)
2560554737,-15.8103002,-47.8621464,3,0.005272407732864675,0.03041062585139224,0.012416767741775787,0.0015920228428544744,,POINT (-47.8621464 -15.8103002)
2668534328,-15.7932153,-47.8749639,3,0.005272407732864675,0.05776249665239272,0.19821860277069564,0.0016552896862210523,,POINT (-47.8749639 -15.7932153)
2668534335,-15.7931569,-47.8751809,3,0.005272407732864675,0.05274634195740561,0.12302769457989884,0.0018122449265408236,,POINT (-47.8751809 -15.7931569)
2668534347,-15.793315,-47.8749814,3,0.005272407732864675,0.05386345279907002,0.1552796273835161,0.009917641545486234,,POINT (-47.8749814 -15.793315)
2669537531,-15.8089924,-47.8600817,3,0.005272407732864675,0.036240432056653525,0.02243090941666399,0.000494517473025413,,POINT (-47.8600817 -15.8089924)
2685237735,-15.8105094,-47.8664029,3,0.005272407732864675,0.031667864508316636,0.0034411949140655297,-0.0003190252194406745,,POINT (-47.8664029 -15.8105094)
2698038026,-15.7983084,-47.8782275,3,0.005272407732864675,0.050007864691891335,0.017975898743368232,0.0023714122298895673,,POINT (-47.8782275 -15.7983084)
2698038029,-15.7984297,-47.8782949,3,0.005272407732864675,0.04928228284450994,0.020761033688952695,0.0014990644535902,,POINT (-47.8782949 -15.7984297)
2703101300,-15.7909908,-47.875949,3,0.005272407732864675,0.042255786141683266,0.015200458757229963,0.00039629314056297704,,POINT (-47.875949 -15.7909908)
2703101305,-15.7912018,-47.8760321,3,0.005272407732864675,0.04150170378449245,0.03931048210764292,0.0017049645673900306,,POINT (-47.8760321 -15.7912018)
2703101308,-15.7913251,-47.8749727,3,0.005272407732864675,0.044205941868232394,0.015197364621236498,0.0003613121360697639,,POINT (-47.8749727 -15.7913251)
2703101314,-15.7915225,-47.8750551,3,0.005272407732864675,0.03977819516750798,0.03931357624363639,0.0020129052876392355,,POINT (-47.8750551 -15.7915225)
2709395840,-15.7949143,-47.85368,3,0.005272407732864675,0.03581555290177496,0.054531609806647376,0.0007459874693867512,,POINT (-47.85368 -15.7949143)
2709395842,-15.7949121,-47.8538477,3,0.005272407732864675,0.03565970403916882,0.08601023245507018,0.003400688283748496,,POINT (-47.8538477 -15.7949121)
2709395848,-15.7950032,-47.8536475,3,0.005272407732864675,0.03720141195266509,0.054528515670653914,0.00057293853877203,,POINT (-47.8536475 -15.7950032)
2709395850,-15.7950347,-47.8538737,3,0.005272407732864675,0.03438436197662911,0.08601332659106364,0.0036835918183131975,,POINT (-47.8538737 -15.7950347)
2709395853,-15.7950987,-47.8538041,3,0.005272407732864675,0.04013379936871005,0.057746372901915075,0.0023612117097207516,,POINT (-47.8538041 -15.7950987)
2709395855,-15.7951042,-47.8537495,3,0.005272407732864675,0.03852557235124887,0.05774946703790853,0.0017765840523779107,,POINT (-47.8537495 -15.7951042)
2709395861,-15.7950029,-47.8547971,4,0.007029876977152899,0.044438043990281124,0.17137744734823265,0.003264007215803119,,POINT (-47.8547971 -15.7950029)
2709413125,-15.8036934,-47.8515624,3,0.0017574692442882249,0.03339530103234109,0.0,-0.0010133078615915695,,POINT (-47.8515624 -15.8036934)
2832701031,-15.797155,-47.8763086,3,0.005272407732864675,0.048318314934870016,0.17660781620007093,0.010526754584209604,,POINT (-47.8763086 -15.797155)
2832704457,-15.794921,-47.8755648,3,0.005272407732864675,0.046047198990285955,0.1766109103360644,0.010549740399379115,,POINT (-47.8755648 -15.794921)
2832704458,-15.7948687,-47.875715,3,0.005272407732864675,0.050775097863796824,0.19947791612003618,0.005094596810072247,,POINT (-47.875715 -15.7948687)
2832710609,-15.7970249,-47.8760039,3,0.005272407732864675,0.050339430097414796,0.08986711717286738,0.005750018625229774,,POINT (-47.8760039 -15.7970249)
2956071054,-15.7851464,-47.879456,3,0.005272407732864675,0.031191469011544595,0.00011757716775167703,3.023148506101924e-05,,POINT (-47.879456 -15.7851464)
2956071057,-15.7852084,-47.8777256,3,0.005272407732864675,0.03223332678273623,0.01340379712369118,9.046507262642494e-05,,POINT (-47.8777256 -15.7852084)
2956071058,-15.7852275,-47.8770682,3,0.0035149384885764497,0.033351498390121845,0.013400702987697716,-0.00042629000728993245,,POINT (-47.8770682 -15.7852275)
2956071059,-15.7852548,-47.8763745,3,0.005272407732864675,0.03583792829925629,0.013394514715710786,0.00018243147590875277,,POINT (-47.8763745 -15.7852548)
2956071068,-15.7854081,-47.8777434,3,0.005272407732864675,0.0385399518572026,0.04398623728310107,0.000697144687811054,,POINT (-47.8777434 -15.7854081)
2956071073,-15.7854549,-47.8763822,3,0.005272407732864675,0.03705456076071816,0.04398933141909453,0.0013327263668882208,,POINT (-47.8763822 -15.7854549)
2956071081,-15.7865244,-47.8797772,3,0.005272407732864675,0.04018830845425305,0.0014666204609024977,0.00040901115433191805,,POINT (-47.8797772 -15.7865244)
3033808629,-15.7931537,-47.8512982,3,0.007029876977152899,0.030643470743060668,0.0029574783204204726,-0.0008125294118932814,,POINT (-47.8512982 -15.7931537)
3291536900,-15.8029705,-47.8825623,3,0.0035149384885764497,0.0,0.0,-0.0004699856037294616,,POINT (-47.8825623 -15.8029705)
3291536904,-15.8028502,-47.8827661,3,0.0035149384885764497,0.038225733933987815,0.0,-0.0005896955369282594,,POINT (-47.8827661 -15.8028502)
3324447678,-15.7958088,-47.8539683,3,0.005272407732864675,0.03897638495236948,0.05877714633980259,0.0021299574243064524,,POINT (-47.8539683 -15.7958088)
3548964249,-15.7995279,-47.8517894,3,0.0035149384885764497,0.046499252011085845,0.06729323997248328,5.382020997976604e-05,,POINT (-47.8517894 -15.7995279)
3680686425,-15.7866644,-47.8665277,3,0.005272407732864675,0.03964075515042123,0.008338696502388674,-0.0005081083347096062,,POINT (-47.8665277 -15.7866644)
3680686427,-15.7865925,-47.8667242,3,0.005272407732864675,0.03808787864840178,0.008347978910369069,-0.000508108334709068,,POINT (-47.8667242 -15.7865925)
3680686428,-15.7864753,-47.8666853,3,0.005272407732864675,0.0017574692442882249,0.0016801158444515953,-0.000788131857227918,,POINT (-47.8666853 -15.7864753)
3680686430,-15.786545,-47.8664872,3,0.005272407732864675,0.03821727628948587,0.0016770217084581302,-0.0007881318572280974,,POINT (-47.8664872 -15.786545)
3710648749,-15.7852639,-47.8758089,3,0.005272407732864675,0.033383847079152026,0.005179583653060719,-0.00022799592823986202,,POINT (-47.8758089 -15.7852639)
3768778156,-15.7852313,-47.8769783,3,0.0035149384885764497,0.03455003647721917,0.01339760885170425,-0.00044122763471454577,,POINT (-47.8769783 -15.7852313)
3944361301,-15.7978933,-47.8804117,3,0.0035149384885764497,0.04468419552354908,0.0,-0.00021346601582534854,,POINT (-47.8804117 -15.7978933)
3944361307,-15.7990891,-47.8757438,3,0.007029876977152899,0.04893196806739514,0.1459077988729092,0.0029753248470549714,,POINT (-47.8757438 -15.7990891)
4260664594,-15.8131009,-47.8695036,3,0.005272407732864675,0.03186134257461652,0.00695252357731627,-0.0005502498335987482,,POINT (-47.8695036 -15.8131009)
4260664597,-15.8130435,-47.869328,3,0.005272407732864675,0.03150361209904114,0.009319508144355294,-0.0005616282396589502,,POINT (-47.869328 -15.8130435)
4491340591,-15.7931505,-47.8543572,3,0.01054481546572935,0.03230795964199538,0.012688731859042538,0.00010749730064037023,,POINT (-47.8543572 -15.7931505)
4612309237,-15.7982736,-47.8799426,3,0.007029876977152899,0.04464555474568368,0.01371671741049696,0.0018940028990889915,,POINT (-47.8799426 -15.7982736)
5272748333,-15.7909605,-47.8679771,3,0.005272407732864675,0.04516500700543138,0.01490754721651526,0.00030607513100538693,,POINT (-47.8679771 -15.7909605)
5272748334,-15.7850106,-47.8661972,3,0.0035149384885764497,0.0,0.0,-0.0011255328051179793,,POINT (-47.8661972 -15.7850106)
5272748336,-15.7850719,-47.8659859,3,0.0035149384885764497,0.036883796771695634,0.0,-0.0011255328051181588,,POINT (-47.8659859 -15.7850719)
5362053639,-15.8021575,-47.881772,3,0.007029876977152899,0.044312178789725015,0.01247493749845293,0.0018418492324777907,,POINT (-47.881772 -15.8021575)
5362078399,-15.8023939,-47.8824613,4,0.007029876977152899,0.03965293356982228,0.012555075620683679,0.0002721209452228994,traffic_signals,POINT (-47.8824613 -15.8023939)
6532140860,-15.8094618,-47.869373,3,0.005272407732864675,0.03609096085837722,0.02332104814004119,0.0013271008338188793,,POINT (-47.869373 -15.8094618)
7262600774,-15.8030875,-47.8795036,3,0.005272407732864675,0.05152506936917027,0.030660515524311642,0.0027092323833230085,,POINT (-47.8795036 -15.8030875)
7262616993,-15.8034976,-47.8781229,3,0.005272407732864675,0.03718801376352993,0.045659133476901245,0.004644230538301617,,POINT (-47.8781229 -15.8034976)
7262645812,-15.7987278,-47.8770185,3,0.005272407732864675,0.04690054461110884,0.02076412782494616,0.0020273328265448497,,POINT (-47.8770185 -15.7987278)
7262645843,-15.7981024,-47.8799143,3,0.005272407732864675,0.042717292328238135,0.014302127940460572,0.00031569246156387193,,POINT (-47.8799143 -15.7981024)
7262646226,-15.8053561,-47.8676751,3,0.005272407732864675,0.04012132383269242,0.07754121389143319,0.0028091280929373134,,POINT (-47.8676751 -15.8053561)
7262646228,-15.8053714,-47.8674366,3,0.005272407732864675,0.038516949797007316,0.07754430802742665,0.0026739226032263426,,POINT (-47.8674366 -15.8053714)
7262646261,-15.8060093,-47.8654384,3,0.005272407732864675,0.03786440741320764,0.013475477940873117,0.000920282431264691,,POINT (-47.8654384 -15.8060093)
7262670500,-15.8066406,-47.8805898,3,0.01054481546572935,0.040470423695154516,0.05937574774953176,0.0038437981878042134,,POINT (-47.8805898 -15.8066406)
7262722360,-15.8126315,-47.8804288,3,0.005272407732864675,0.03524344290252482,0.006667863065917473,0.00045975559854853783,,POINT (-47.8804288 -15.8126315)
7262722361,-15.8126744,-47.8804246,3,0.005272407732864675,0.03285276456118907,0.006680239609891334,-0.0008113535164147911,,POINT (-47.8804246 -15.8126744)
7262929189,-15.7983826,-47.8765373,3,0.005272407732864675,0.04840892593334141,0.14503112700809423,0.009111673023025403,,POINT (-47.8765373 -15.7983826)
7262929200,-15.7983377,-47.8771026,3,0.005272407732864675,0.05112201159313656,0.01884081289140821,0.0029987699915725694,,POINT (-47.8771026 -15.7983377)
7262929210,-15.8096219,-47.8690636,3,0.005272407732864675,0.03274441523936615,0.025712785795027934,0.0002729937318299624,,POINT (-47.8690636 -15.8096219)
7262929211,-15.8094581,-47.868996,3,0.005272407732864675,0.03275895907862222,0.034492912365817634,0.0011988642292986218,,POINT (-47.868996 -15.8094581)
7262929212,-15.8093115,-47.86925,3,0.005272407732864675,0.038678543233374746,0.029015599160280944,0.00138968383619782,,POINT (-47.86925 -15.8093115)
7262945266,-15.8059516,-47.8748453,3,0.007029876977152899,0.03906486040247322,0.044341495664084074,0.004661182060335924,,POINT (-47.8748453 -15.8059516)
7262945267,-15.8061646,-47.8749106,3,0.005272407732864675,0.032423613331601216,0.02688417411322063,0.0011039592696423484,,POINT (-47.8749106 -15.8061646)
7262945270,-15.8062208,-47.874936,3,0.005272407732864675,0.03355525770694697,0.02688107997722716,0.0007162249614813775,,POINT (-47.874936 -15.8062208)
7262945274,-15.8064555,-47.8750065,3,0.007029876977152899,0.03379467140662998,0.0266015763591508,0.002578735940368958,,POINT (-47.8750065 -15.8064555)
7262945276,-15.8061321,-47.8749692,3,0.005272407732864675,0.03768200825334546,0.02228417370066917,0.0005617519810446571,,POINT (-47.8749692 -15.8061321)
7263005187,-15.8127361,-47.87629,3,0.005272407732864675,0.03023431688212029,0.0033777651261994936,-0.0004920208950807931,,POINT (-47.87629 -15.8127361)
7263005190,-15.8126168,-47.8765083,3,0.008787346221441124,0.03226757469244289,0.008961649215739663,-0.0007390107203948717,,POINT (-47.8765083 -15.8126168)
7263005191,-15.8019094,-47.8772143,3,0.005272407732864675,0.04239457998678651,0.06381913331188065,0.0023052951272443086,,POINT (-47.8772143 -15.8019094)
7288203490,-15.8096347,-47.8606272,3,0.005272407732864675,0.029491671145840632,0.011354963406684985,0.0011842122760946808,,POINT (-47.8606272 -15.8096347)
7291537814,-15.7930679,-47.8543921,3,0.01054481546572935,0.032488905360209305,0.0030255821288705754,-0.00027945591494712003,,POINT (-47.8543921 -15.7930679)
7291701740,-15.8048021,-47.8540959,3,0.005272407732864675,0.03651727225060731,0.026832966162528806,0.003339734146288524,,POINT (-47.8540959 -15.8048021)
7292581674,-15.7945948,-47.8537792,4,0.01054481546572935,0.035857841025078906,0.10617152686838496,0.008204083092205447,,POINT (-47.8537792 -15.7945948)
7292600912,-15.7878448,-47.8528059,3,0.005272407732864675,0.027124156513559216,0.006677145473897869,-0.0007705656957380885,,POINT (-47.8528059 -15.7878448)
7292600915,-15.7877492,-47.8527313,3,0.005272407732864675,0.02567541252631222,0.006686427881878264,-0.0010721064574281756,,POINT (-47.8527313 -15.7877492)
7292600931,-15.7878142,-47.8527498,3,0.005272407732864675,0.026377213256991067,0.006680239609891334,-0.0010721064574281756,,POINT (-47.8527498 -15.7878142)
7292600936,-15.7878394,-47.8528513,3,0.005272407732864675,0.025005143366062195,0.006689522017871729,-0.0007705656957380885,,POINT (-47.8528513 -15.7878394)
7297928173,-15.8034566,-47.8750082,3,0.005272407732864675,0.038678543233374746,0.031830150498774724,0.0010345538171215515,,POINT (-47.8750082 -15.8034566)
7297928174,-15.8030915,-47.8749617,3,0.005272407732864675,0.043439730339005986,0.10640738838420098,0.0061065491794742134,,POINT (-47.8749617 -15.8030915)
7298140298,-15.8035545,-47.8749386,3,0.005272407732864675,0.040306128119219777,0.03182705636278125,0.0006534483577554284,,POINT (-47.8749386 -15.8035545)
7298140303,-15.8036715,-47.8747943,3,0.007029876977152899,0.0404323905614446,0.0470952766982681,0.005395622526561424,,POINT (-47.8747943 -15.8036715)
7298140312,-15.7990392,-47.8767551,3,0.005272407732864675,0.05093037339243229,0.14502803287210078,0.008361923636400152,,POINT (-47.8767551 -15.7990392)
7298140313,-15.803847,-47.8671404,3,0.005272407732864675,0.03687986249582728,0.0009540252646517656,0.00020290307263868854,,POINT (-47.8671404 -15.803847)
7298140315,-15.8050455,-47.8675832,3,0.005272407732864675,0.03708383817548385,0.03386949553206761,0.000964068277400213,,POINT (-47.8675832 -15.8050455)
7298470292,-15.8082508,-47.8787517,3,0.007029876977152899,0.03680099758208612,0.020675532397666608,0.0027611990914726318,,POINT (-47.8787517 -15.8082508)
7298950229,-15.7892632,-47.8811307,3,0.005272407732864675,0.031086295464781196,0.014678581152998837,0.0020775908038336596,,POINT (-47.8811307 -15.7892632)
7298950230,-15.7891726,-47.8815133,3,0.005272407732864675,0.0321210225271627,0.014675487017005372,0.001125051671260739,,POINT (-47.8815133 -15.7891726)
7298950233,-15.7909029,-47.8817185,3,0.0035149384885764497,0.040851495100418266,0.07321911846002789,0.0043562522038102704,,POINT (-47.8817185 -15.7909029)
7298950236,-15.7903995,-47.8815642,3,0.005272407732864675,0.03924600494709891,0.07322221259602135,0.005206474361054375,,POINT (-47.8815642 -15.7903995)
7298950247,-15.7903546,-47.8816735,3,0.005272407732864675,0.031221790034894184,0.003677380628233372,0.0014824263041684834,,POINT (-47.8816735 -15.7903546)
7298950250,-15.7909476,-47.8818727,3,0.0035149384885764497,0.03034236148869262,0.002006547191762172,0.001019332218248917,,POINT (-47.8818727 -15.7909476)
7298996375,-15.787919,-47.8811881,3,0.005272407732864675,0.03550764752951074,0.04042024555063244,0.001703025275112314,,POINT (-47.8811881 -15.787919)
7298996376,-15.7879817,-47.8808505,3,0.005272407732864675,0.036864062483333536,0.040417151414638974,0.0025011942027872453,,POINT (-47.8808505 -15.7879817)
7298996378,-15.7888213,-47.8805318,3,0.005272407732864675,0.03711582998411834,0.03134617606046355,0.0026315270802864063,,POINT (-47.8805318 -15.7888213)
7298996379,-15.788669,-47.8819167,3,0.005272407732864675,0.03312467567554768,0.03030396791999802,0.0007903324862463119,,POINT (-47.8819167 -15.788669)
7299071226,-15.7953525,-47.8746291,3,0.005272407732864675,0.04046407987139165,0.019688090464285418,0.0018795456087245409,,POINT (-47.8746291 -15.7953525)
7299071227,-15.7934137,-47.8807613,3,0.005272407732864675,0.04449165762487815,0.07625601293761396,0.01066682995134731,,POINT (-47.8807613 -15.7934137)
7299071228,-15.7953243,-47.8813925,3,0.005272407732864675,0.0017574692442882249,0.0016863041164385257,0.0037478183688897126,,POINT (-47.8813925 -15.7953243)
7299100172,-15.7932408,-47.8752352,3,0.005272407732864675,0.05231872670035328,0.188693511390546,0.003658944905302739,,POINT (-47.8752352 -15.7932408)
7299100176,-15.7917876,-47.8742768,3,0.005272407732864675,0.05301172554462328,0.12671064465292042,0.019285423403062673,,POINT (-47.8742768 -15.7917876)
7299119085,-15.7935418,-47.8748876,3,0.005272407732864675,0.0462949421699324,0.07855320263702896,0.0048922019387246125,,POINT (-47.8748876 -15.7935418)
7299119093,-15.7935957,-47.8755118,3,0.005272407732864675,0.05031980458860488,0.12057229139335132,0.0037915904255070706,,POINT (-47.8755118 -15.7935957)
7299195544,-15.7854697,-47.8759725,3,0.005272407732864675,0.03453616931427427,0.005170301245080324,0.0005169242127884101,,POINT (-47.8759725 -15.7854697)
7299327536,-15.7916235,-47.878248,2,0.005272407732864675,0.048454358993813805,0.0395141793938794,0.004041396185597408,,POINT (-47.878248 -15.7916235)
7299406540,-15.7911605,-47.8803991,3,0.005272407732864675,0.04246082696595823,0.030789747270972053,0.0024293063915242765,,POINT (-47.8803991 -15.7911605)
7299406543,-15.7915574,-47.8794359,3,0.005272407732864675,0.04065846551260719,0.030792841406965518,0.0010412628008344433,,POINT (-47.8794359 -15.7915574)
7299615895,-15.7873605,-47.878162,3,0.005272407732864675,0.03668333061525409,0.004417910509336039,1.440115638041431e-05,,POINT (-47.878162 -15.7873605)
7299615900,-15.7870754,-47.8780462,3,0.005272407732864675,0.039437872972201214,0.008774969677467263,0.00042708687372001043,,POINT (-47.8780462 -15.7870754)
7299615902,-15.7872883,-47.878245,3,0.007029876977152899,0.03808787864840178,0.03990404052905599,0.0012068159744061913,,POINT (-47.878245 -15.7872883)
7299615905,-15.7872881,-47.8781196,3,0.005272407732864675,0.0353326851272301,0.004421004645329505,0.00011531790287710833,,POINT (-47.8781196 -15.7872881)
7299615910,-15.7873292,-47.8782399,3,0.005272407732864675,0.03663387462421671,0.027666216985568953,0.00043810581974170664,,POINT (-47.8782399 -15.7873292)
7299615911,-15.7872519,-47.8782204,3,0.005272407732864675,0.03943486060793508,0.030660824937911012,0.0001976044444691307,,POINT (-47.8782204 -15.7872519)
7299615913,-15.7874666,-47.8782501,3,0.007029876977152899,0.037928386356089194,0.03141166860565856,0.0014934783945534209,,POINT (-47.8782501 -15.7874666)
7301560508,-15.8024055,-47.8747876,3,0.005272407732864675,0.039787391729276055,0.0077587522793468484,0.0005728790094018433,,POINT (-47.8747876 -15.8024055)
7302319344,-15.7935821,-47.8729476,3,0.005272407732864675,0.049338799223918775,0.0024150604134019504,0.00022504932705128114,,POINT (-47.8729476 -15.7935821)
7302319347,-15.7933144,-47.8728678,3,0.005272407732864675,0.04692185722794566,0.0024181545493954172,4.128135876236651e-05,,POINT (-47.8728678 -15.7933144)
7302319350,-15.7932911,-47.8729402,3,0.005272407732864675,0.04724821040350381,0.0026031997491687085,4.128135876236651e-05,,POINT (-47.8729402 -15.7932911)
7302319353,-15.7931705,-47.8728611,3,0.007029876977152899,0.049675858277598975,0.0053833682097995696,0.0006814285046095871,,POINT (-47.8728611 -15.7931705)
8337909027,-15.8022909,-47.881936,3,0.005272407732864675,0.0431853780910988,0.012545793212703283,0.0006852242001723939,,POINT (-47.881936 -15.8022909)
8340825201,-15.7935542,-47.8730288,3,0.005272407732864675,0.04502714068368098,0.002606293885162173,0.00022504932705128114,,POINT (-47.8730288 -15.7935542)
8341507596,-15.7854899,-47.8752744,3,0.005272407732864675,0.03224137857235285,0.0016770217084581302,-0.0006545444413261948,,POINT (-47.8752744 -15.7854899)
8341507604,-15.7854874,-47.8754084,3,0.005272407732864675,0.03334934403973168,0.001673927572464665,-0.0005222402039668057,,POINT (-47.8754084 -15.7854874)
8349163590,-15.7931492,-47.8753482,3,0.007029876977152899,0.052644151634453566,0.08585505416800746,0.010978487503267563,,POINT (-47.8753482 -15.7931492)
8349163591,-15.7932889,-47.8748275,3,0.007029876977152899,0.05868165436225121,0.3125726090579799,0.01779066167256753,,POINT (-47.8748275 -15.7932889)
8392724505,-15.7952966,-47.8534732,4,0.01054481546572935,0.03588026930843604,0.017273736148584466,0.0006482963193121275,,POINT (-47.8534732 -15.7952966)
8392724506,-15.795313,-47.8535127,3,0.007029876977152899,0.037190692629238305,0.012976452741050953,-1.6836982635505174e-05,,POINT (-47.8535127 -15.795313)
8508466217,-15.7917784,-47.8787706,3,0.007029876977152899,0.04826862332452189,0.03845082799079185,0.003856545006396666,,POINT (-47.8787706 -15.7917784)
8508489198,-15.7983654,-47.8771118,3,0.005272407732864675,0.05285434020056164,0.20282948422815764,0.004437049366524571,,POINT (-47.8771118 -15.7983654)
8510730908,-15.792786,-47.8825395,3,0.005272407732864675,0.043773890987570264,0.0015192207727914057,0.002770911876975771,,POINT (-47.8825395 -15.792786)
8510730911,-15.7922974,-47.8824346,3,0.005272407732864675,0.029515566113576277,0.0003295254833040422,0.0013625715667957084,,POINT (-47.8824346 -15.7922974)
8521366122,-15.798127,-47.8798382,3,0.005272407732864675,0.04396501703815772,0.017065603934090776,0.0010785188218724866,,POINT (-47.8798382 -15.798127)
8521964364,-15.7995006,-47.8744239,3,0.008787346221441124,0.04692612207590312,0.13754713400496735,0.0027803917868315783,,POINT (-47.8744239 -15.7995006)
8521964365,-15.7997904,-47.8745235,3,0.005272407732864675,0.04424761699340813,0.012472513758591342,0.0013795281457253134,,POINT (-47.8745235 -15.7997904)
8522146458,-15.807756,-47.878247,3,0.007029876977152899,0.03507345075265531,0.011099903462957002,0.0012090612581876293,,POINT (-47.878247 -15.807756)
8522204715,-15.8103009,-47.8757302,3,0.005272407732864675,0.03119900864630687,0.015734970750101083,-0.0007654431340885365,,POINT (-47.8757302 -15.8103009)
8522204716,-15.810311,-47.8758515,3,0.005272407732864675,0.03121221178157827,0.00451382872513346,-0.000765443134088357,,POINT (-47.8758515 -15.810311)
8522224817,-15.8094137,-47.8759864,3,0.008787346221441124,0.033131052754866594,0.024166491332293705,0.0019385836255328972,,POINT (-47.8759864 -15.8094137)
8522224818,-15.8095337,-47.8758799,3,0.005272407732864675,0.030214853109327915,0.01573806488609454,-0.0006801987412041424,,POINT (-47.8758799 -15.8095337)
8522326032,-15.7913874,-47.8796633,3,0.005272407732864675,0.046092419880286235,0.004826852149805688,0.00022362791159911464,,POINT (-47.8796633 -15.7913874)
8522326035,-15.7912827,-47.8799184,3,0.0035149384885764497,0.04397625171031398,0.004829946285799153,-5.96977270294915e-05,,POINT (-47.8799184 -15.7912827)
8522379613,-15.7874938,-47.8795792,3,0.005272407732864675,0.03473366490036909,0.00663176481266038,-8.595247833250673e-05,,POINT (-47.8795792 -15.7874938)
8522379614,-15.7874551,-47.879708,3,0.005272407732864675,0.03552475022907081,0.009638749308976296,-0.00022323788499518384,,POINT (-47.879708 -15.7874551)
8524732591,-15.8024384,-47.874698,3,0.005272407732864675,0.039686462839502355,0.0036972346675247765,0.00042042901979167887,,POINT (-47.874698 -15.8024384)
8524916414,-15.8125425,-47.8764846,3,0.008787346221441124,0.032352500004955896,0.01344221597894338,0.0009108233845049271,,POINT (-47.8764846 -15.8125425)
8524955419,-15.8126803,-47.8763942,3,0.005272407732864675,0.03301030659073441,0.014577248199212857,1.7729741259789778e-05,,POINT (-47.8763942 -15.8126803)
8524955432,-15.8080239,-47.8786913,3,0.005272407732864675,0.03348995816548301,0.013321493106265007,-0.00036403444940164324,,POINT (-47.8786913 -15.8080239)
8524955445,-15.8078437,-47.8784854,3,0.005272407732864675,0.03470331350938268,0.01331839897027154,-0.0005025875151542559,,POINT (-47.8784854 -15.8078437)
8524955449,-15.8079081,-47.8784393,3,0.005272407732864675,0.03452462184559891,0.0066570335899403445,-0.0005025875151542559,,POINT (-47.8784393 -15.8079081)
8524955455,-15.8080845,-47.8785603,3,0.005272407732864675,0.03581555290177496,0.0066539394539468786,-0.00036403444940164324,,POINT (-47.8785603 -15.8080845)
8529953124,-15.7923072,-47.8623423,3,0.007029876977152899,0.05327429523053205,0.22529836708049658,0.014024368636468222,,POINT (-47.8623423 -15.7923072)
8532470987,-15.7936497,-47.8730261,3,0.007029876977152899,0.0519920639555978,0.007921416562100726,0.0015836992925123941,,POINT (-47.8730261 -15.7936497)
8532819612,-15.7897214,-47.8533775,3,0.005272407732864675,0.029437860364869776,0.024691375673222382,0.0006795322623933695,,POINT (-47.8533775 -15.7897214)
8532819613,-15.7895937,-47.8534445,3,0.007029876977152899,0.028731771110194565,0.01992004752592886,0.01255122865403919,,POINT (-47.8534445 -15.7895937)
8532991599,-15.78517,-47.8593268,1,0.0035149384885764497,0.03183584206163994,0.0,-0.001011900473683,,POINT (-47.8593268 -15.78517)
8533274599,-15.8024216,-47.8521269,3,0.0035149384885764497,0.033511696422113865,0.002687360248190962,-0.0003389374317057132,,POINT (-47.8521269 -15.8024216)
8533274601,-15.8022667,-47.8527715,3,0.005272407732864675,0.03471498084178901,0.028261013061379413,0.006372314960117768,,POINT (-47.8527715 -15.8022667)
8533318240,-15.7878397,-47.8525982,3,0.0035149384885764497,0.025671582471238928,0.0,-0.001271891146885327,,POINT (-47.8525982 -15.7878397)
8533352629,-15.7996943,-47.8616337,3,0.005272407732864675,0.036007894760711825,0.031085959223413104,0.0018787972258453556,,POINT (-47.8616337 -15.7996943)
8554793282,-15.7879397,-47.8528777,3,0.007029876977152899,0.02790709162589655,0.016630980964875367,0.010054904312157094,,POINT (-47.8528777 -15.7879397)
10696478196,-15.7899107,-47.8517568,3,0.005272407732864675,0.029384245593573485,0.0006771000932366312,-9.082815306493385e-05,,POINT (-47.8517568 -15.7899107)
10696478200,-15.7897464,-47.8517501,3,0.0035149384885764497,0.0,0.0,-0.0008304575125944558,,POINT (-47.8517501 -15.7897464)
10696478201,-15.7899001,-47.8519515,3,0.005272407732864675,0.030289304492759527,0.0035701172471265794,-0.00047025558618454924,,POINT (-47.8519515 -15.7899001)
10696478204,-15.7897389,-47.8519516,3,0.005272407732864675,0.029397630969085875,0.0029022995618703433,-0.000546421299368217,,POINT (-47.8519516 -15.7897389)
10742935777,-15.7908707,-47.8810468,4,0.005272407732864675,0.028384253949039866,0.027169608158617787,0.004462388186190997,,POINT (-47.8810468 -15.7908707)
11223916243,-15.8076979,-47.8511229,3,0.0017574692442882249,0.0358095853950482,0.0,-0.0007878554418223886,,POINT (-47.8511229 -15.8076979)
