osmid,y,x,street_count,dc,cc,nbc,vul,com,eff,highway,geometry
1446670988,-23.2182371,-45.8540288,4,0.008547008547008548,0.05240166169657,0.06481417721979982,0.011851429475162895,0.06793156290576377,0.08935100791500677,,POINT (-45.8540288 -23.2182371)
1446670989,-23.2140414,-45.8569489,4,0.008547008547008548,0.061990862152565426,0.01039762290798929,0.0024262898523344082,0.06695875779431376,0.08935100791500677,,POINT (-45.8569489 -23.2140414)
1446671007,-23.208997,-45.8575321,3,0.006410256410256411,0.07179060362580962,0.15571477099879813,0.004537613224879232,0.05035600093673393,0.08935100791500677,,POINT (-45.8575321 -23.208997)
1446671010,-23.2000514,-45.8639063,3,0.006410256410256411,0.044456338232913416,0.004441805913968654,0.00032673328002237,0.038902966651608646,0.08935100791500677,,POINT (-45.8639063 -23.2000514)
1446671013,-23.2192006,-45.854189,3,0.006410256410256411,0.04496912884009659,0.014669009315690257,0.001096087572579837,0.05503659401384755,0.08935100791500677,,POINT (-45.854189 -23.2192006)
1446671015,-23.203508,-45.8612975,3,0.008547008547008548,0.05854341919498448,0.07409377931467394,0.005492240022252461,0.05042807239010316,0.08935100791500677,,POINT (-45.8612975 -23.203508)
1446671018,-23.2055917,-45.8605262,4,0.010683760683760684,0.06593581597164799,0.13481001597948988,0.008817728868312426,0.062463031132482555,0.08935100791500677,,POINT (-45.8605262 -23.2055917)
1446671019,-23.2003589,-45.8636959,3,0.006410256410256411,0.04650568014902831,0.004455532373091259,0.0007479567791015316,0.051374096903673463,0.08935100791500677,,POINT (-45.8636959 -23.2003589)
1446671022,-23.2107427,-45.8569899,3,0.008547008547008548,0.061477240148895905,0.061895828826724106,0.0036125968864255164,0.05237643554093883,0.08935100791500677,,POINT (-45.8569899 -23.2107427)
1446671028,-23.2098454,-45.8570945,3,0.006410256410256411,0.05963627016258595,0.08709208255479571,0.0069205618264038945,0.04639928693690464,0.08935100791500677,,POINT (-45.8570945 -23.2098454)
1446674039,-23.2220035,-45.8558943,3,0.006410256410256411,0.004273504273504274,0.004218598437013854,-0.00048140428003379894,0.036643190795466456,0.08935100791500677,,POINT (-45.8558943 -23.2220035)
1446748353,-23.218797,-45.8540412,4,0.008547008547008548,0.04935989141997726,0.05507446218488665,0.0010711400563559903,0.06915515254438949,0.08935100791500677,,POINT (-45.8540412 -23.218797)
1446748354,-23.2185508,-45.8543345,3,0.006410256410256411,0.051741557533931844,0.057012333180573506,0.0028832398014934407,0.0519136877972208,0.08935100791500677,,POINT (-45.8543345 -23.2185508)
1446748371,-23.2182562,-45.8543399,3,0.006410256410256411,0.054571078058622546,0.05702605963969612,0.01663640468416271,0.05236573611414764,0.08935100791500677,,POINT (-45.8543399 -23.2182562)
1446748375,-23.2223495,-45.8558256,3,0.004273504273504274,0.0,0.0,-0.0008361979604837717,0.02624806249575654,0.08935100791500677,,POINT (-45.8558256 -23.2223495)
1446748386,-23.2223571,-45.8562105,3,0.002136752136752137,0.04521178476162399,0.0,-0.0007332457417876999,0.01364429821585095,0.08935100791500677,,POINT (-45.8562105 -23.2223571)
1453950123,-23.1958164,-45.864265,4,0.004273504273504274,0.040332648433647915,0.0,-0.001285029202773125,0.0131649288572044,0.08935100791500677,,POINT (-45.864265 -23.1958164)
1453950293,-23.198817,-45.8639126,3,0.012820512820512822,0.047741198426129935,0.07926839498038642,0.040639126882347186,0.03796685907723527,0.08935100791500677,,POINT (-45.8639126 -23.198817)
1453950300,-23.1973561,-45.8639127,4,0.012820512820512822,0.042039128943999644,0.03712092095389739,0.003681692367968235,0.031154436452315894,0.08935100791500677,,POINT (-45.8639127 -23.1973561)
1453957518,-23.1983083,-45.8634198,3,0.012820512820512822,0.04381277981277981,0.061544867219385416,0.034303193762298956,0.03305668388034242,0.08935100791500677,,POINT (-45.8634198 -23.1983083)
1453958821,-23.1971269,-45.8633836,3,0.012820512820512822,0.0404034944698918,0.029223631472025474,0.01310047991520098,0.034633797939870696,0.08935100791500677,,POINT (-45.8633836 -23.1971269)
1453958828,-23.1979287,-45.8625623,3,0.012820512820512822,0.04200074756086808,0.016554109701861306,0.0025524112669474113,0.029669394423915724,0.08935100791500677,,POINT (-45.8625623 -23.1979287)
1453960044,-23.1960891,-45.863782,3,0.008547008547008548,0.036061314418294896,0.0042231739233880555,0.0006130258607250506,0.016215448636307257,0.08935100791500677,,POINT (-45.863782 -23.1960891)
1453960046,-23.1955296,-45.8622353,1,0.004273504273504274,0.034798350078229054,0.0,-0.0019021191321729873,0.009021502192236436,0.08935100791500677,turning_circle,POINT (-45.8622353 -23.1955296)
1453960056,-23.196516,-45.8636128,3,0.012820512820512822,0.037413320432188354,0.012632917879170555,0.005587214508703774,0.024838953713874182,0.08935100791500677,,POINT (-45.8636128 -23.196516)
1453960060,-23.195913,-45.862102,1,0.004273504273504274,0.03605566173165515,0.0,-0.0017333715869731633,0.011732148183826088,0.08935100791500677,turning_circle,POINT (-45.862102 -23.195913)
1453960064,-23.1969251,-45.863447,3,0.012820512820512822,0.03885752073943644,0.020969454052965828,0.010538121868003717,0.0291473286289095,0.08935100791500677,,POINT (-45.863447 -23.1969251)
1453960077,-23.1962916,-45.8619327,1,0.004273504273504274,0.03739507299903984,0.0,-0.0015761062599571583,0.012764686591547527,0.08935100791500677,turning_circle,POINT (-45.8619327 -23.1962916)
1453960082,-23.1973073,-45.8631433,3,0.012820512820512822,0.03885752073943644,0.004433646296601328,0.0015116803788688348,0.030174628038806557,0.08935100791500677,,POINT (-45.8631433 -23.1973073)
1453960083,-23.1967154,-45.861713,1,0.004273504273504274,0.03739507299903984,0.0,-0.001576106259957003,0.012968574815212621,0.08935100791500677,turning_circle,POINT (-45.861713 -23.1967154)
1453960087,-23.1976844,-45.8628366,3,0.012820512820512822,0.04036804036804037,0.008428045901279305,0.0016959928210922102,0.02907124145289465,0.08935100791500677,,POINT (-45.8628366 -23.1976844)
1453960093,-23.1970962,-45.8615041,1,0.004273504273504274,0.038791988197503,0.0,-0.0014620849543494692,0.012724541425553229,0.08935100791500677,turning_circle,POINT (-45.8615041 -23.1970962)
1453961350,-23.1985889,-45.8640501,3,0.008547008547008548,0.04569724724686481,0.06537454931459213,0.036839798857318654,0.026141930352965647,0.08935100791500677,,POINT (-45.8640501 -23.1985889)
1453969481,-23.2000549,-45.863017,3,0.012820512820512822,0.049868204664952634,0.08334504439964822,0.007290585831637347,0.0469211001027933,0.08935100791500677,,POINT (-45.863017 -23.2000549)
1453969483,-23.2005558,-45.8624817,4,0.017094017094017096,0.051475236436632876,0.056662760193130546,0.0035331095304333526,0.061069672221749194,0.08935100791500677,,POINT (-45.8624817 -23.2005558)
1453969491,-23.2015007,-45.8613897,3,0.012820512820512822,0.05367333893760216,0.04410668572592137,0.002715993687638589,0.04900921190060068,0.08935100791500677,,POINT (-45.8613897 -23.2015007)
1453969497,-23.2020445,-45.8610896,3,0.010683760683760684,0.052034180300213555,0.007871738151999942,0.0003816434346539596,0.046032084091936806,0.08935100791500677,,POINT (-45.8610896 -23.2020445)
1453969499,-23.2029493,-45.8606957,4,0.017094017094017096,0.05711163104086754,0.09760116757916315,0.008216249529749574,0.06760634624710281,0.08935100791500677,mini_roundabout,POINT (-45.8606957 -23.2029493)
1453969511,-23.1994463,-45.8614324,3,0.012820512820512822,0.05018919790903208,0.04657108155871965,0.002364783945683249,0.04543069104948413,0.08935100791500677,,POINT (-45.8614324 -23.1994463)
1453969527,-23.2005985,-45.8633634,3,0.006410256410256411,0.04473735174892425,0.021143899917989855,-9.336517932640251e-05,0.052769073525822816,0.08935100791500677,traffic_signals,POINT (-45.8633634 -23.2005985)
1453969529,-23.2006684,-45.863259,3,0.006410256410256411,0.04681805292430165,0.02115762637711246,-0.0001291422531089952,0.04684375483848719,0.08935100791500677,,POINT (-45.863259 -23.2006684)
1453969532,-23.2002814,-45.8617754,3,0.012820512820512822,0.049180477660272406,0.0032650274148694216,0.00024309926392565443,0.0481385344303143,0.08935100791500677,,POINT (-45.8617754 -23.2002814)
1453969533,-23.1999856,-45.861014,3,0.012820512820512822,0.04791024661884899,0.002089834631517007,-0.0001318210348017667,0.0445910985236762,0.08935100791500677,,POINT (-45.861014 -23.1999856)
1453969534,-23.1998786,-45.8607385,3,0.012820512820512822,0.045779101207502046,0.0003908990525692881,-0.00041377995248513105,0.04355833908353249,0.08935100791500677,,POINT (-45.8607385 -23.1998786)
1453969535,-23.1994979,-45.8597444,3,0.012820512820512822,0.049787249787249785,0.002976451252043512,-7.877551129466416e-05,0.04461859236191776,0.08935100791500677,,POINT (-45.8597444 -23.1994979)
1453969544,-23.1993769,-45.8594474,3,0.012820512820512822,0.05234799590739509,0.055723143028131604,0.002868209159174686,0.04913718915934324,0.08935100791500677,,POINT (-45.8594474 -23.1993769)
1453969558,-23.2008418,-45.8603998,3,0.012820512820512822,0.05199889092734125,0.013154347916508848,0.0006785051705070027,0.04900806654843565,0.08935100791500677,,POINT (-45.8603998 -23.2008418)
1453969560,-23.2012966,-45.8606107,3,0.012820512820512822,0.049749560726093656,0.005215164605285096,0.0003291670908832554,0.044876399188357785,0.08935100791500677,,POINT (-45.8606107 -23.2012966)
1453969565,-23.2008329,-45.8611533,3,0.012820512820512822,0.04780569344634605,0.0026568967530945314,-6.004116355397773e-05,0.04446530841933629,0.08935100791500677,,POINT (-45.8611533 -23.2008329)
1453969576,-23.2020581,-45.8619612,3,0.008547008547008548,0.05608805023581907,0.06690458888774573,0.003988095900159762,0.047825995989924715,0.08935100791500677,,POINT (-45.8619612 -23.2020581)
1453969591,-23.2012756,-45.8593589,3,0.012820512820512822,0.0523956933979713,0.015341374140211922,0.004996393176228546,0.04060709020611055,0.08935100791500677,,POINT (-45.8593589 -23.2012756)
1453969592,-23.2016957,-45.8587385,3,0.012820512820512822,0.0545128792551473,0.025401227063147874,0.002256271339724075,0.04336614133269409,0.08935100791500677,,POINT (-45.8587385 -23.2016957)
1453977234,-23.1999246,-45.8587521,1,0.004273504273504274,0.04977109034233344,0.0,-0.00037424123517328957,0.015064373658449995,0.08935100791500677,,POINT (-45.8587521 -23.1999246)
1453977242,-23.204063,-45.859968,3,0.012820512820512822,0.05963627016258595,0.1304176497515682,0.007743680631822045,0.055393654987030014,0.08935100791500677,,POINT (-45.859968 -23.204063)
1453977246,-23.2043934,-45.8595671,4,0.017094017094017096,0.06212480594654801,0.1481903825708573,0.009507767622558009,0.06661872438186044,0.08935100791500677,,POINT (-45.8595671 -23.2043934)
1453977252,-23.2060502,-45.8586613,3,0.012820512820512822,0.06443958369998432,0.09472163713459449,0.0026642262584567647,0.055720602454123185,0.08935100791500677,,POINT (-45.8586613 -23.2060502)
1453977291,-23.202825,-45.8583367,4,0.017094017094017096,0.05435828760890796,0.028074976618312857,0.004160596556334812,0.06386542028827821,0.08935100791500677,,POINT (-45.8583367 -23.202825)
1453977294,-23.2018654,-45.8575353,3,0.008547008547008548,0.04622530024459285,0.0031227295154121963,0.0003124929853255229,0.045071239377734454,0.08935100791500677,,POINT (-45.8575353 -23.2018654)
1453977295,-23.2014554,-45.8572117,3,0.012820512820512822,0.048201402769717946,0.006437990202100979,0.0010724459287804534,0.050956905850257486,0.08935100791500677,,POINT (-45.8572117 -23.2014554)
1453977296,-23.2006962,-45.856577,3,0.012820512820512822,0.04634171331058608,0.0076917376964903686,0.0007586223633305617,0.054145724189383085,0.08935100791500677,,POINT (-45.856577 -23.2006962)
1453977301,-23.2036041,-45.8596371,3,0.012820512820512822,0.05685751922311062,0.042454734193582165,0.0037075606373157075,0.04709804799081481,0.08935100791500677,,POINT (-45.8596371 -23.2036041)
1453977303,-23.2025477,-45.8587901,3,0.012820512820512822,0.054461251099110694,0.028494891186171906,0.00292984433980422,0.050375601562331354,0.08935100791500677,,POINT (-45.8587901 -23.2025477)
1453977304,-23.2018751,-45.8582457,3,0.012820512820512822,0.05224099341746401,0.02599259083248627,0.00208043827612836,0.050400395659249975,0.08935100791500677,,POINT (-45.8582457 -23.2018751)
1453977306,-23.2013042,-45.8578124,4,0.017094017094017096,0.05010719834813071,0.022837691469476534,0.0019438634026736523,0.06534716750198469,0.08935100791500677,,POINT (-45.8578124 -23.2013042)
1453977308,-23.200408,-45.8571012,4,0.017094017094017096,0.04801525811858763,0.012549336786177756,0.004239667811941079,0.05906697903807921,0.08935100791500677,,POINT (-45.8571012 -23.200408)
1453977314,-23.2015216,-45.8585927,3,0.012820512820512822,0.049900660379020294,0.007645341382972889,0.00018925294057823387,0.04611147914196874,0.08935100791500677,,POINT (-45.8585927 -23.2015216)
1453977323,-23.2045148,-45.8521257,3,0.012820512820512822,0.049402296824977245,0.004716449887313198,0.002860863508589715,0.046803427145814376,0.08935100791500677,,POINT (-45.8521257 -23.2045148)
1453977329,-23.2000149,-45.8567843,1,0.004273504273504274,0.045801890485283554,0.0,-0.0006967875328997589,0.0198046113533854,0.08935100791500677,,POINT (-45.8567843 -23.2000149)
1453977330,-23.2052802,-45.8570057,3,0.012820512820512822,0.05761951252933217,0.005162434845410336,0.000766888948851504,0.05018924087907184,0.08935100791500677,,POINT (-45.8570057 -23.2052802)
1453977331,-23.2022029,-45.8571401,3,0.008547008547008548,0.047622586753021535,0.00526844111521826,4.474171283945353e-05,0.044242482349516964,0.08935100791500677,,POINT (-45.8571401 -23.2022029)
1453977333,-23.2064313,-45.8522207,3,0.012820512820512822,0.05279253936586964,0.002933097206020017,-7.449068943757097e-05,0.0549568402285667,0.08935100791500677,,POINT (-45.8522207 -23.2064313)
1453979232,-23.2032541,-45.8580947,3,0.012820512820512822,0.05201064873196021,0.00912328004841878,0.0007451652595751599,0.05100371487020073,0.08935100791500677,,POINT (-45.8580947 -23.2032541)
1453979234,-23.2025939,-45.8566703,3,0.012820512820512822,0.04991690408357075,0.008049578952255968,0.00042733696955643357,0.046861307336378846,0.08935100791500677,,POINT (-45.8566703 -23.2025939)
1453979238,-23.2037534,-45.8578272,3,0.012820512820512822,0.05320159454541321,0.005188737357028079,0.00021691988205781588,0.05437662089570668,0.08935100791500677,,POINT (-45.8578272 -23.2037534)
1453979239,-23.2029973,-45.8562027,3,0.012820512820512822,0.05102986001488497,0.005339653311539089,0.00044771680149476717,0.05378510083558632,0.08935100791500677,,POINT (-45.8562027 -23.2029973)
1453979243,-23.2033994,-45.8557231,4,0.017094017094017096,0.05325702570435148,0.015411238519485922,0.002625172216504993,0.07718790590320568,0.08935100791500677,,POINT (-45.8557231 -23.2033994)
1453979249,-23.204768,-45.858645,3,0.012820512820512822,0.060883296457674436,0.025274728763619768,0.0008508058226386749,0.05823690154748959,0.08935100791500677,,POINT (-45.858645 -23.204768)
1453979250,-23.2023909,-45.8546211,4,0.017094017094017096,0.048732435173113146,0.012487688089309947,0.0042494274692039796,0.06332216316221934,0.08935100791500677,,POINT (-45.8546211 -23.2023909)
1453979257,-23.2047751,-45.8572779,3,0.012820512820512822,0.05497540487980259,0.0012422987369215476,0.0003817009339657976,0.05432449377741065,0.08935100791500677,,POINT (-45.8572779 -23.2047751)
1453979262,-23.2038243,-45.8552445,3,0.012820512820512822,0.054674850015948184,0.004653000105385801,0.00042342051298249533,0.05545707186409374,0.08935100791500677,,POINT (-45.8552445 -23.2038243)
1453987112,-23.2033421,-45.8587304,3,0.012820512820512822,0.05675930759212684,0.0312810419310359,0.001972160093133244,0.05744578185517524,0.08935100791500677,,POINT (-45.8587304 -23.2033421)
1453987113,-23.2055327,-45.8575443,3,0.012820512820512822,0.06042745146909077,0.01788304334928088,0.0010268681208937113,0.05719216305457504,0.08935100791500677,,POINT (-45.8575443 -23.2055327)
1453987117,-23.2038477,-45.8591431,3,0.012820512820512822,0.059328628841138514,0.028570977582660154,0.0025531427762623864,0.05470300950731876,0.08935100791500677,,POINT (-45.8591431 -23.2038477)
1453987119,-23.2062838,-45.857816,3,0.012820512820512822,0.06578495467384356,0.13690414542628326,0.003677038436209121,0.05781420677969912,0.08935100791500677,,POINT (-45.857816 -23.2062838)
1453987128,-23.2042407,-45.8547653,3,0.012820512820512822,0.056752305456968674,0.007587495540631718,0.0008361418321657247,0.05547664393273775,0.08935100791500677,,POINT (-45.8547653 -23.2042407)
1453987130,-23.2065026,-45.8596293,3,0.008547008547008548,0.06820373432678843,0.141913593716288,0.004980617610930743,0.04989572501616479,0.08935100791500677,,POINT (-45.8596293 -23.2065026)
1453987131,-23.2063243,-45.8592457,3,0.012820512820512822,0.06629689984640266,0.040364861277318656,0.0010297285933654834,0.04948062042258634,0.08935100791500677,,POINT (-45.8592457 -23.2063243)
1453987139,-23.204905,-45.8599962,3,0.012820512820512822,0.0638492974370837,0.061518860048929126,0.004135743030807347,0.05469890010833243,0.08935100791500677,,POINT (-45.8599962 -23.204905)
1453987149,-23.2018734,-45.8540935,1,0.004273504273504274,0.04645402282481955,0.0,-0.0007200466528691639,0.020718013456441114,0.08935100791500677,,POINT (-45.8540935 -23.2018734)
1453987150,-23.2027198,-45.8549598,3,0.012820512820512822,0.05072041764434267,0.013170863063290949,0.0003133546033767975,0.06257040630474577,0.08935100791500677,,POINT (-45.8549598 -23.2027198)
1453987151,-23.2010765,-45.8569075,3,0.012820512820512822,0.04762751713781841,0.005631841284161889,0.0004954714839621393,0.05321668636487126,0.08935100791500677,,POINT (-45.8569075 -23.2010765)
1453987165,-23.2030571,-45.8553072,4,0.017094017094017096,0.052932250377883794,0.03474207195185991,0.003884174082380702,0.07971863274393531,0.08935100791500677,,POINT (-45.8553072 -23.2030571)
1453987174,-23.2022622,-45.8562382,3,0.012820512820512822,0.05066455815354494,0.010803130222987498,0.003543610125735616,0.05012444409526927,0.08935100791500677,,POINT (-45.8562382 -23.2022622)
1453987175,-23.2020314,-45.8565086,1,0.004273504273504274,0.048206453739305044,0.0,-0.0006163393327858814,0.016968613809499163,0.08935100791500677,,POINT (-45.8565086 -23.2020314)
1453987179,-23.2011453,-45.8551151,1,0.004273504273504274,0.04511908474246646,0.0,-0.0007794631841914772,0.020798967100061794,0.08935100791500677,,POINT (-45.8551151 -23.2011453)
1453987183,-23.2069501,-45.8592497,3,0.008547008547008548,0.06883647883198983,0.14468839832683417,0.005021862167905729,0.04775564543015323,0.08935100791500677,,POINT (-45.8592497 -23.2069501)
1453987185,-23.20465,-45.8542826,4,0.017094017094017096,0.056906752601953,0.04760025092589714,0.0025262065207157835,0.07866904065478714,0.08935100791500677,,POINT (-45.8542826 -23.20465)
1453987188,-23.2043493,-45.8538015,4,0.017094017094017096,0.05444835933651178,0.04804671187134411,0.003179404701389822,0.08683846569507601,0.08935100791500677,,POINT (-45.8538015 -23.2043493)
1453987190,-23.2040333,-45.8534374,3,0.012820512820512822,0.05184652181158436,0.012816992672448475,0.00027709092160553973,0.06425545355479334,0.08935100791500677,,POINT (-45.8534374 -23.2040333)
1453987194,-23.203213,-45.8526019,1,0.004273504273504274,0.0476176573889026,0.0,-0.0007563360329366743,0.01986765518769678,0.08935100791500677,,POINT (-45.8526019 -23.203213)
1453987200,-23.2042336,-45.8518151,1,0.004273504273504274,0.047062321026515405,0.0,-0.0009118899623805333,0.016322346024875475,0.08935100791500677,,POINT (-45.8518151 -23.2042336)
1453987203,-23.2052127,-45.8528025,4,0.017094017094017096,0.05371093847451116,0.013606449473794737,0.0009985615119855965,0.08490522994837865,0.08935100791500677,,POINT (-45.8528025 -23.2052127)
1453987206,-23.2054979,-45.8532924,4,0.017094017094017096,0.05556639546251819,0.022303826124569746,0.0013973708427700302,0.07522388596386195,0.08935100791500677,,POINT (-45.8532924 -23.2054979)
1453987210,-23.2073818,-45.8573253,4,0.017094017094017096,0.06878501615343721,0.09989358417653274,0.004089699134497702,0.0690666395850374,0.08935100791500677,,POINT (-45.8573253 -23.2073818)
1453987212,-23.2077105,-45.8578184,4,0.017094017094017096,0.07166757875591027,0.2219674711561819,0.005944743197094202,0.06839103116178545,0.08935100791500677,,POINT (-45.8578184 -23.2077105)
1453987215,-23.2080552,-45.8582902,3,0.008547008547008548,0.07117966703298594,0.1582316093257734,0.0043963538168970044,0.05147478227095929,0.08935100791500677,,POINT (-45.8582902 -23.2080552)
1453987228,-23.2060541,-45.8518351,3,0.012820512820512822,0.05111490978157645,0.0008626580479104512,-0.0001218564155682858,0.06205019479976398,0.08935100791500677,,POINT (-45.8518351 -23.2060541)
1453987252,-23.209305,-45.8571516,4,0.010683760683760684,0.07209437204735747,0.31504527379191183,0.01383625449429546,0.06356313037941043,0.08935100791500677,,POINT (-45.8571516 -23.209305)
1453990675,-23.2051016,-45.8566103,3,0.012820512820512822,0.05952053150914582,0.014576675926069394,0.0012349644993721275,0.05408305221824052,0.08935100791500677,,POINT (-45.8566103 -23.2051016)
1453990676,-23.2081686,-45.8549599,3,0.012820512820512822,0.05906961839165229,0.00632093041865432,0.00026948513839364753,0.051664874439763725,0.08935100791500677,,POINT (-45.8549599 -23.2081686)
1453990678,-23.205063,-45.8551821,3,0.012820512820512822,0.05957448692491427,0.04146263420260623,0.0008591390741886509,0.06730759953465869,0.08935100791500677,,POINT (-45.8551821 -23.205063)
1453990679,-23.2074872,-45.8538537,3,0.012820512820512822,0.05478554103062856,0.0037457711893747014,-4.520788744935824e-05,0.05161003873627911,0.08935100791500677,,POINT (-45.8538537 -23.2074872)
1453990680,-23.2066779,-45.8586438,3,0.012820512820512822,0.0693240186911073,0.12677213034093468,0.0020878472049067538,0.05141603171498923,0.08935100791500677,,POINT (-45.8586438 -23.2066779)
1453990681,-23.2090675,-45.8567195,3,0.012820512820512822,0.07183544472738726,0.22150120608814777,0.006411310704294727,0.052926141781922405,0.08935100791500677,,POINT (-45.8567195 -23.2090675)
1453990682,-23.2064096,-45.8580812,3,0.012820512820512822,0.06762225312864736,0.12530598388638906,0.0024569597048886417,0.05107887421655364,0.08935100791500677,,POINT (-45.8580812 -23.2064096)
1453990683,-23.2087967,-45.8561702,3,0.012820512820512822,0.06664264639058208,0.014132603735188478,0.0011758133310859093,0.048564709834382824,0.08935100791500677,,POINT (-45.8561702 -23.2087967)
1453990684,-23.2068817,-45.8577039,3,0.012820512820512822,0.06694327532511468,0.09082798355745259,0.003780047161667409,0.0598841100384223,0.08935100791500677,,POINT (-45.8577039 -23.2068817)
1453990686,-23.207151,-45.8568478,3,0.012820512820512822,0.06451187603901108,0.007321694106790718,0.0006679549763817828,0.05169446724683436,0.08935100791500677,,POINT (-45.8568478 -23.207151)
1453990687,-23.2087069,-45.8560003,3,0.012820512820512822,0.06266641983846725,0.010114048900432208,0.0004896801400170273,0.04655547728153854,0.08935100791500677,,POINT (-45.8560003 -23.2087069)
1453990688,-23.2069008,-45.856314,3,0.012820512820512822,0.06210803132633834,0.004173529363861429,0.0003311007132217015,0.05227977046386343,0.08935100791500677,,POINT (-45.856314 -23.2069008)
1453990689,-23.2084417,-45.8554694,3,0.012820512820512822,0.06039571852884181,0.007685243955616327,0.00028838999930981844,0.04712568024575359,0.08935100791500677,,POINT (-45.8554694 -23.2084417)
1453990690,-23.2050771,-45.8538011,3,0.012820512820512822,0.05841703975037309,0.03604836995829797,0.0016239347377488863,0.06717805124580219,0.08935100791500677,,POINT (-45.8538011 -23.2050771)
1453990692,-23.206372,-45.8551915,3,0.012820512820512822,0.057547434079833384,0.0009860692697128185,0.00012127320190401808,0.057740071937820533,0.08935100791500677,,POINT (-45.8551915 -23.206372)
1453990693,-23.2078389,-45.854415,3,0.012820512820512822,0.05610857275694451,0.002634778918760082,-6.802912606901376e-05,0.04938903705496897,0.08935100791500677,,POINT (-45.854415 -23.2078389)
1453990694,-23.2058613,-45.8540883,3,0.012820512820512822,0.054988547458066944,0.004689562896263486,-7.596338129278508e-05,0.052423559843786896,0.08935100791500677,,POINT (-45.8540883 -23.2058613)
1453990695,-23.2071701,-45.8533629,3,0.012820512820512822,0.05230633178330734,0.0020135778198518968,-0.00027614670036697954,0.047342501803423094,0.08935100791500677,,POINT (-45.8533629 -23.2071701)
1453990699,-23.2056103,-45.8535393,3,0.012820512820512822,0.05274411694957442,0.002028606655320343,-0.0001268698964937353,0.05300089954541811,0.08935100791500677,,POINT (-45.8535393 -23.2056103)
1453990700,-23.2068494,-45.8528467,3,0.012820512820512822,0.050271466291573384,0.0006306797040064487,-0.00036331566478901877,0.047943066302981355,0.08935100791500677,,POINT (-45.8528467 -23.2068494)
1454006732,-23.209641,-45.8569025,3,0.006410256410256411,0.07182422920127839,0.1722388418578797,0.001832620263561163,0.0507296934233091,0.08935100791500677,,POINT (-45.8569025 -23.209641)
1454006734,-23.2101369,-45.8561957,3,0.006410256410256411,0.071757009520229,0.17883550576182403,0.00300150057006598,0.05362542151588458,0.08935100791500677,,POINT (-45.8561957 -23.2101369)
1454006735,-23.2103783,-45.8558198,4,0.008547008547008548,0.06696276390599534,0.17882177930270143,0.002869180477821219,0.07497282155291278,0.08935100791500677,,POINT (-45.8558198 -23.2103783)
1454006737,-23.2106256,-45.8555415,3,0.008547008547008548,0.0737707164904086,0.08285143819250872,0.0023069510171774025,0.06513659551274185,0.08935100791500677,,POINT (-45.8555415 -23.2106256)
1454006738,-23.2117353,-45.8545376,3,0.012820512820512822,0.06658477175194501,0.04484703185377298,0.0036186017928515157,0.04716345710282484,0.08935100791500677,,POINT (-45.8545376 -23.2117353)
1454006744,-23.2099786,-45.8560786,3,0.006410256410256411,0.06392915342331686,0.17405888315541315,0.012599506845183187,0.05186205323454515,0.08935100791500677,,POINT (-45.8560786 -23.2099786)
1454006745,-23.2099582,-45.855503,3,0.008547008547008548,0.06986092453062841,0.21020266477157346,0.012529447946732192,0.048478935415596065,0.08935100791500677,,POINT (-45.855503 -23.2099582)
1454006760,-23.2101163,-45.8556745,4,0.008547008547008548,0.06969159037027542,0.1578146276452323,0.0023786267043102837,0.06691875573754676,0.08935100791500677,,POINT (-45.8556745 -23.2101163)
1454006763,-23.2103103,-45.8556773,3,0.006410256410256411,0.06795187415571463,0.09729038177345377,0.0006435372725102649,0.06347951949428493,0.08935100791500677,,POINT (-45.8556773 -23.2103103)
1454006767,-23.210222,-45.8553087,3,0.008547008547008548,0.07268671007018297,0.0649117560141069,0.002331875032767615,0.05912750400810632,0.08935100791500677,,POINT (-45.8553087 -23.210222)
1454006785,-23.2112599,-45.8526658,3,0.008547008547008548,0.06315680780260682,0.019529607402486656,0.0026567375972612215,0.044911913097274346,0.08935100791500677,,POINT (-45.8526658 -23.2112599)
1454006787,-23.2115503,-45.8518511,3,0.008547008547008548,0.06030862454564605,0.011501185494349718,0.001183218451804698,0.04499315538292259,0.08935100791500677,,POINT (-45.8518511 -23.2115503)
1454006788,-23.2121613,-45.8496187,3,0.012820512820512822,0.06586029893116507,0.02708765905481594,0.0017267916653629619,0.05680505636883938,0.08935100791500677,,POINT (-45.8496187 -23.2121613)
1454008396,-23.2104728,-45.8485276,3,0.008547008547008548,0.06615389531696693,0.07789655874550618,0.0027859871661106185,0.048558426854624186,0.08935100791500677,,POINT (-45.8485276 -23.2104728)
1454008398,-23.210729,-45.848026,3,0.006410256410256411,0.060955901422311914,0.0011174095980964695,0.00025263685461529074,0.04447409614405844,0.08935100791500677,,POINT (-45.848026 -23.210729)
1454008399,-23.2107629,-45.8481288,3,0.008547008547008548,0.06580377457219111,0.005166807638393876,0.0007802843587520525,0.04390343841332568,0.08935100791500677,,POINT (-45.8481288 -23.2107629)
1454008400,-23.2108527,-45.8480851,3,0.008547008547008548,0.06590747679572895,0.007640074645391127,0.001019867828529768,0.04387876575148839,0.08935100791500677,,POINT (-45.8480851 -23.2108527)
1454008401,-23.2107849,-45.8479871,3,0.006410256410256411,0.061824242445126736,0.004162055070060336,0.00038521119353592963,0.044471218358043074,0.08935100791500677,,POINT (-45.8479871 -23.2107849)
1454008402,-23.2106214,-45.8476122,4,0.01495726495726496,0.06654624447189181,0.22897601522163905,0.019004091371587806,0.06171312816662924,0.08935100791500677,,POINT (-45.8476122 -23.2106214)
1454008412,-23.2093152,-45.8530138,3,0.012820512820512822,0.06738453025255427,0.2142595355382784,0.012999039367726242,0.03788255976298359,0.08935100791500677,,POINT (-45.8530138 -23.2093152)
1454008413,-23.2112141,-45.8529603,3,0.012820512820512822,0.0671975150502758,0.030510973748247076,0.0038364335568886495,0.052406685888278834,0.08935100791500677,,POINT (-45.8529603 -23.2112141)
1454008414,-23.2096016,-45.8527484,3,0.012820512820512822,0.0739485915502633,0.0674244947864112,0.002518452114178935,0.05850615096937594,0.08935100791500677,,POINT (-45.8527484 -23.2096016)
1454011088,-23.2081667,-45.8486362,3,0.012820512820512822,0.06628734697898962,0.16277513994644158,0.005209442953022734,0.04732725468266496,0.08935100791500677,,POINT (-45.8486362 -23.2081667)
1454011089,-23.2099513,-45.8506892,3,0.012820512820512822,0.06646932351310332,0.20583640193822494,0.009352995654864325,0.044120427715282615,0.08935100791500677,,POINT (-45.8506892 -23.2099513)
1454011096,-23.2112869,-45.8481896,3,0.012820512820512822,0.07136738877353212,0.10120914538749734,0.005521595581698224,0.0510306333011619,0.08935100791500677,,POINT (-45.8481896 -23.2112869)
1454012659,-23.2108463,-45.8503877,4,0.017094017094017096,0.07410344523746586,0.10845778620298492,0.0023440579899950726,0.08564135994790624,0.08935100791500677,,POINT (-45.8503877 -23.2108463)
1454012664,-23.2101303,-45.8528205,4,0.017094017094017096,0.07451153029384322,0.13625543061089931,0.004978309990552724,0.08495055099335515,0.08935100791500677,,POINT (-45.8528205 -23.2101303)
1454012686,-23.210898,-45.8552934,4,0.017094017094017096,0.07498519772358403,0.12331499373404152,0.005721178387002028,0.07514180192909636,0.08935100791500677,,POINT (-45.8552934 -23.210898)
1454012689,-23.2113075,-45.8549289,3,0.012820512820512822,0.06990338672453852,0.042170644284632644,0.002430436586353228,0.054356505107158684,0.08935100791500677,,POINT (-45.8549289 -23.2113075)
1454012726,-23.2106666,-45.8528867,4,0.017094017094017096,0.07088354206998275,0.06332118523986932,0.004005975341952769,0.07988274265805632,0.08935100791500677,,POINT (-45.8528867 -23.2106666)
1454012743,-23.2113665,-45.8505721,4,0.017094017094017096,0.07054657077659685,0.07123912818144225,0.005805533665796725,0.08598963340001545,0.08935100791500677,,POINT (-45.8505721 -23.2113665)
1454012745,-23.2116363,-45.8493341,3,0.012820512820512822,0.06914687930770902,0.013163193068346814,0.0010520951069728681,0.06053138980420761,0.08935100791500677,,POINT (-45.8493341 -23.2116363)
1454012747,-23.2117717,-45.8487518,3,0.012820512820512822,0.06776170099192635,0.0294077119102007,0.0017721464146541225,0.04606440895598272,0.08935100791500677,,POINT (-45.8487518 -23.2117717)
1454012796,-23.2118831,-45.8507258,4,0.017094017094017096,0.0670603772644589,0.05754959384590101,0.005293873349510129,0.07648756211997573,0.08935100791500677,,POINT (-45.8507258 -23.2118831)
1454012811,-23.2103089,-45.850216,3,0.012820512820512822,0.07355839271413304,0.03484983105274978,0.0015440825353163477,0.057593170620293774,0.08935100791500677,,POINT (-45.850216 -23.2103089)
1454012823,-23.2105823,-45.8490845,3,0.012820512820512822,0.07217354691468278,0.034352993316611194,0.003059340266528887,0.053357501887673534,0.08935100791500677,,POINT (-45.8490845 -23.2105823)
1454017530,-23.2120341,-45.8535937,3,0.012820512820512822,0.060340266006582904,0.004764769887896219,0.00023351233470150968,0.04374839894249679,0.08935100791500677,,POINT (-45.8535937 -23.2120341)
1454017531,-23.2136079,-45.8527623,3,0.012820512820512822,0.06091554396639143,0.030991533121400763,0.000814141011179787,0.04433236984630776,0.08935100791500677,,POINT (-45.8527623 -23.2136079)
1454017532,-23.2118068,-45.8530963,3,0.012820512820512822,0.05816591073892882,0.002391519575673757,0.00015705617475764573,0.04532763252410905,0.08935100791500677,,POINT (-45.8530963 -23.2118068)
1454017533,-23.2133955,-45.8522986,3,0.012820512820512822,0.05976798597300092,0.03062036615987548,0.0010716509441174337,0.04823109783214759,0.08935100791500677,,POINT (-45.8522986 -23.2133955)
1454017534,-23.2116016,-45.8526369,3,0.012820512820512822,0.058320764203117145,0.0075491695508990595,0.0016707678226011065,0.04820631099150766,0.08935100791500677,,POINT (-45.8526369 -23.2116016)
1454017536,-23.2131735,-45.8518077,4,0.017094017094017096,0.06010376117509642,0.07324407175875486,0.014361078189559642,0.060818452831168254,0.08935100791500677,,POINT (-45.8518077 -23.2131735)
1454017537,-23.2129576,-45.8513332,3,0.012820512820512822,0.06049897265047186,0.04813413159192784,0.005589907879053175,0.04956123678634448,0.08935100791500677,,POINT (-45.8513332 -23.2129576)
1454017538,-23.2117188,-45.8513896,3,0.012820512820512822,0.06407161393233818,0.028219269560420583,0.002279680172514068,0.052852860512327064,0.08935100791500677,,POINT (-45.8513896 -23.2117188)
1454017540,-23.2127462,-45.8508729,3,0.012820512820512822,0.06268349748387901,0.046752150499025986,0.00408007504752399,0.05164269001227078,0.08935100791500677,,POINT (-45.8508729 -23.2127462)
1454017543,-23.2125256,-45.8503858,4,0.017094017094017096,0.06523457005589733,0.05135864359265002,0.018008178396562474,0.06505294853486719,0.08935100791500677,,POINT (-45.8503858 -23.2125256)
1454017553,-23.2129178,-45.8499691,3,0.012820512820512822,0.06128069642123192,0.016782884020571386,0.012930290879161711,0.029001614999449768,0.08935100791500677,,POINT (-45.8499691 -23.2129178)
1454017557,-23.2132917,-45.8497379,3,0.012820512820512822,0.057764212460345056,0.012614615933673749,0.009053451929134622,0.020810337425826622,0.08935100791500677,,POINT (-45.8497379 -23.2132917)
1454017559,-23.2137124,-45.8495151,3,0.012820512820512822,0.05461642977967328,0.008437196874027709,0.0055997086976892615,0.022671509410164225,0.08935100791500677,,POINT (-45.8495151 -23.2137124)
1454017561,-23.214089,-45.8493069,3,0.012820512820512822,0.05177067162212334,0.0,-0.0010298498902707985,0.018698769440181527,0.08935100791500677,,POINT (-45.8493069 -23.214089)
1454017575,-23.2131911,-45.8484467,1,0.004273504273504274,0.05177067162212334,0.0,-0.0010298498902707985,0.011147167872041838,0.08935100791500677,turning_circle,POINT (-45.8484467 -23.2131911)
1454017582,-23.2159663,-45.85022,3,0.012820512820512822,0.05794611261294723,0.06716901227549484,0.013936896230924489,0.04540232877028647,0.08935100791500677,,POINT (-45.85022 -23.2159663)
1454017584,-23.2165405,-45.8512413,4,0.008547008547008548,0.051735738645320294,0.01811337750426539,0.0005236493461763233,0.06871994267282316,0.08935100791500677,,POINT (-45.8512413 -23.2165405)
1454017585,-23.2170402,-45.8510206,3,0.012820512820512822,0.05455166465483079,0.03289814101455382,0.002552598900900202,0.04469284866805465,0.08935100791500677,,POINT (-45.8510206 -23.2170402)
1454017586,-23.2175102,-45.8507534,3,0.012820512820512822,0.05369839944370119,0.022176723911251615,0.001107496010355541,0.043190204988837196,0.08935100791500677,,POINT (-45.8507534 -23.2175102)
1454017587,-23.2180168,-45.8504653,3,0.012820512820512822,0.0529627202434018,0.01876187870452097,0.0014210529553333998,0.04293008412407383,0.08935100791500677,,POINT (-45.8504653 -23.2180168)
1454017590,-23.2146357,-45.8489594,1,0.004273504273504274,0.0503429840265034,0.0,-0.0007428654582682044,0.013218805055365197,0.08935100791500677,turning_circle,POINT (-45.8489594 -23.2146357)
1454017591,-23.2151793,-45.8486543,3,0.012820512820512822,0.053029877583191706,0.007741940825452601,0.003401760259586006,0.031696489386063724,0.08935100791500677,,POINT (-45.8486543 -23.2151793)
1454017592,-23.2156703,-45.8483879,3,0.012820512820512822,0.05489668114966445,0.0153050295703967,0.0016282200524526194,0.0402290911606107,0.08935100791500677,,POINT (-45.8483879 -23.2156703)
1454017594,-23.216338,-45.8483853,3,0.012820512820512822,0.05579553523762135,0.027576722529023164,0.0030504337563266475,0.0433273392689569,0.08935100791500677,,POINT (-45.8483853 -23.216338)
1454017595,-23.2170215,-45.8484751,3,0.012820512820512822,0.05735371998930159,0.040405257796181863,0.004595948605276021,0.046918557756362965,0.08935100791500677,,POINT (-45.8484751 -23.2170215)
1454017596,-23.2177004,-45.8485504,4,0.017094017094017096,0.059667209861762396,0.11409659984774341,0.02181043254338191,0.05591841627359117,0.08935100791500677,,POINT (-45.8485504 -23.2177004)
1454017599,-23.2162348,-45.850754,3,0.012820512820512822,0.05469435121081775,0.021179045455458356,0.006158546346311457,0.03709266583428004,0.08935100791500677,,POINT (-45.850754 -23.2162348)
1454017600,-23.2156987,-45.8496876,3,0.012820512820512822,0.05538576788275801,0.021565370664784894,0.005176091019745465,0.034568687311131954,0.08935100791500677,,POINT (-45.8496876 -23.2156987)
1454017601,-23.2154306,-45.8491543,3,0.012820512820512822,0.05282891456524897,0.008240750545354399,0.003314287452227252,0.031337231826669434,0.08935100791500677,,POINT (-45.8491543 -23.2154306)
1454017604,-23.2152054,-45.8512914,1,0.004273504273504274,0.05184067929165969,0.0,-0.00039766734064124225,0.014230984138823316,0.08935100791500677,turning_circle,POINT (-45.8512914 -23.2152054)
1454017605,-23.2148857,-45.8501256,1,0.004273504273504274,0.05246141955002715,0.0,-0.0004693061603214598,0.013787798182579932,0.08935100791500677,turning_circle,POINT (-45.8501256 -23.2148857)
1454017606,-23.2147478,-45.8495084,1,0.004273504273504274,0.05016183491813194,0.0,-0.000772027618785181,0.01315664040043255,0.08935100791500677,turning_circle,POINT (-45.8495084 -23.2147478)
1454021527,-23.2156402,-45.8495713,3,0.012820512820512822,0.054493507229825634,0.01702870412330039,0.0015378032201546618,0.038140238324877875,0.08935100791500677,,POINT (-45.8495713 -23.2156402)
1454021529,-23.2161387,-45.8492883,3,0.012820512820512822,0.05459698410090055,0.008708482232414666,0.0005978266174174301,0.0413991601324691,0.08935100791500677,,POINT (-45.8492883 -23.2161387)
1454021533,-23.2160473,-45.8503811,3,0.012820512820512822,0.05643206428289843,0.04831830992093676,0.006718168671070689,0.041977560753855094,0.08935100791500677,,POINT (-45.8503811 -23.2160473)
1454021539,-23.2165566,-45.8500914,3,0.012820512820512822,0.056033396837294525,0.031995739186988836,0.0027303030674097097,0.042662913630417486,0.08935100791500677,,POINT (-45.8500914 -23.2165566)
1454021548,-23.2175643,-45.849561,3,0.012820512820512822,0.05461642977967328,0.017335427748904276,0.0010253981262208225,0.04409221094852397,0.08935100791500677,,POINT (-45.849561 -23.2175643)
1454021549,-23.2180769,-45.849302,3,0.012820512820512822,0.05671732067984072,0.032393473954307424,0.0028654478204778637,0.04701074304386788,0.08935100791500677,,POINT (-45.849302 -23.2180769)
1454021550,-23.217082,-45.8498884,3,0.012820512820512822,0.05485740377226187,0.010275380907207492,0.0006028519855051004,0.042939040042329193,0.08935100791500677,,POINT (-45.8498884 -23.217082)
1454021551,-23.2171159,-45.8499569,3,0.012820512820512822,0.053874480388123674,0.006583058451651543,0.000175611426837775,0.042943008998067835,0.08935100791500677,,POINT (-45.8499569 -23.2171159)
1454021553,-23.2176163,-45.849665,3,0.012820512820512822,0.0532385358215702,0.015126848609558067,0.0005879357438075916,0.04310013059229124,0.08935100791500677,,POINT (-45.849665 -23.2176163)
1454021561,-23.2165992,-45.8501732,3,0.012820512820512822,0.05569421162641502,0.02417871876682989,0.0017771100970751302,0.04314604094356734,0.08935100791500677,,POINT (-45.8501732 -23.2165992)
1454021562,-23.2168068,-45.8493325,3,0.012820512820512822,0.05423012943937146,0.008620931540044867,0.0005204832353188886,0.043108526790846154,0.08935100791500677,,POINT (-45.8493325 -23.2168068)
1454021563,-23.2172949,-45.8490372,3,0.012820512820512822,0.05504118066932137,0.00952066820102993,0.0006873501974244175,0.04408222425636556,0.08935100791500677,,POINT (-45.8490372 -23.2172949)
1454021572,-23.2162609,-45.8495231,3,0.012820512820512822,0.05514674994416064,0.01332708337778499,0.0008886459662911079,0.04258501292896111,0.08935100791500677,,POINT (-45.8495231 -23.2162609)
1454021582,-23.2167481,-45.8492139,3,0.012820512820512822,0.055067535077111325,0.011664196934384606,0.0006138926208979816,0.04295517719509527,0.08935100791500677,,POINT (-45.8492139 -23.2167481)
1454021589,-23.2185536,-45.8502746,3,0.006410256410256411,0.05110355343636837,0.008456228159873907,0.00045621167493572665,0.04286626619543535,0.08935100791500677,,POINT (-45.8502746 -23.2185536)
1454021591,-23.2173348,-45.8477721,3,0.012820512820512822,0.06006452383263978,0.1054441775281451,0.021230142415469472,0.03633683484798353,0.08935100791500677,,POINT (-45.8477721 -23.2173348)
1454021600,-23.2110361,-45.8481239,3,0.012820512820512822,0.07009510712085755,0.10176697566293993,0.005677121641280769,0.04609699656110477,0.08935100791500677,,POINT (-45.8481239 -23.2110361)
1454021601,-23.2189427,-45.8482063,1,0.004273504273504274,0.056640505790961346,0.0,-0.00019299642542780355,0.014274208285548958,0.08935100791500677,turning_circle,POINT (-45.8482063 -23.2189427)
1454021602,-23.2181361,-45.8503974,3,0.008547008547008548,0.050420231042765024,0.011793631430470367,0.001088477250490844,0.04284883450765456,0.08935100791500677,,POINT (-45.8503974 -23.2181361)
1454021608,-23.2185482,-45.8505594,3,0.006410256410256411,0.05110355343636837,0.03459505319745102,0.0020663984783841232,0.04288562787091744,0.08935100791500677,,POINT (-45.8505594 -23.2185482)
1454021610,-23.2184971,-45.8509403,3,0.008547008547008548,0.05322621636401574,0.058540468742357396,0.013655366510836214,0.04470624766264855,0.08935100791500677,,POINT (-45.8509403 -23.2184971)
1454021634,-23.2192015,-45.8507253,3,0.008547008547008548,0.057332276674250754,0.04382245859682643,0.0054894739598726,0.041755397355405094,0.08935100791500677,,POINT (-45.8507253 -23.2192015)
1454021651,-23.2164465,-45.8512923,4,0.008547008547008548,0.051735738645320294,0.02372012205525062,0.0019790128085690807,0.06824922099855804,0.08935100791500677,,POINT (-45.8512923 -23.2164465)
1454021656,-23.2162393,-45.8516256,3,0.006410256410256411,0.05117176730079956,0.02273409675680772,0.00444135960167105,0.04505059050539232,0.08935100791500677,,POINT (-45.8516256 -23.2162393)
1454021673,-23.2165742,-45.8552113,3,0.006410256410256411,0.04985739547352206,0.05330225350230871,0.0062713994228992915,0.0499879969135914,0.08935100791500677,,POINT (-45.8552113 -23.2165742)
1454036969,-23.2206477,-45.8550799,4,0.010683760683760684,0.04707676913980639,0.016787459506945587,0.0019548469003574623,0.05668710418099084,0.08935100791500677,,POINT (-45.8550799 -23.2206477)
1454044923,-23.2102514,-45.8572045,3,0.006410256410256411,0.0459207614328397,0.08216446889803644,0.02775957921448615,0.043064218999168256,0.08935100791500677,,POINT (-45.8572045 -23.2102514)
1454044940,-23.210246,-45.8569939,3,0.006410256410256411,0.06335686379757445,0.0871058090139183,0.00964277975447682,0.045316870890479026,0.08935100791500677,,POINT (-45.8569939 -23.210246)
1454044963,-23.2153668,-45.8561979,3,0.008547008547008548,0.06312214435156258,0.06295874426993235,0.004003803271769874,0.053569352613752785,0.08935100791500677,,POINT (-45.8561979 -23.2153668)
1454044968,-23.2143757,-45.8567663,3,0.006410256410256411,0.0593745725392602,0.0030403017555051814,0.0008824566100637528,0.054014508224989675,0.08935100791500677,,POINT (-45.8567663 -23.2143757)
1454044977,-23.2136871,-45.8565488,4,0.01495726495726496,0.06379617085483123,0.011210145333022833,0.0008489312319156538,0.08031273577847377,0.08935100791500677,,POINT (-45.8565488 -23.2136871)
1454044978,-23.2107636,-45.8564079,4,0.017094017094017096,0.06361971899241986,0.060780863283534235,0.006005781532812155,0.07019355382828449,0.08935100791500677,,POINT (-45.8564079 -23.2107636)
1454044981,-23.2136478,-45.8571112,3,0.008547008547008548,0.06200757353203775,0.008595432381376314,0.0006936721832859619,0.0599339639154584,0.08935100791500677,,POINT (-45.8571112 -23.2136478)
1454044982,-23.2137576,-45.8547733,3,0.012820512820512822,0.06264082081075545,0.0,-1.4795248987541372e-06,0.029393995184818406,0.08935100791500677,,POINT (-45.8547733 -23.2137576)
1454044989,-23.2122034,-45.8570548,3,0.008547008547008548,0.0624791780570675,0.007175496353049343,0.0007572010490291717,0.05737485390584192,0.08935100791500677,,POINT (-45.8570548 -23.2122034)
1454044991,-23.2122635,-45.8555472,3,0.012820512820512822,0.06870283572792533,0.058215056881692005,0.008482537592069532,0.05368623524977532,0.08935100791500677,,POINT (-45.8555472 -23.2122635)
1454045008,-23.2122748,-45.8553104,3,0.012820512820512822,0.06537362342392895,0.005507903457170464,0.0008775301023663561,0.041718435691949426,0.08935100791500677,,POINT (-45.8553104 -23.2122748)
1454045031,-23.2112148,-45.85539,3,0.012820512820512822,0.0714338801295323,0.05842985599459957,0.008696615371736233,0.054663835223832904,0.08935100791500677,,POINT (-45.85539 -23.2112148)
1454047338,-23.2117146,-45.8445979,3,0.008547008547008548,0.06209126576247645,0.31511832207763685,0.17199804311796738,0.040763429719640594,0.08935100791500677,,POINT (-45.8445979 -23.2117146)
1454047376,-23.2126211,-45.8433694,3,0.006410256410256411,0.05028795234304635,0.16149636706381887,0.003782557808034106,0.04069930246874513,0.08935100791500677,,POINT (-45.8433694 -23.2126211)
1454047425,-23.2124044,-45.8438039,3,0.008547008547008548,0.04629973712099316,0.19098995223192225,0.04600994832119947,0.04061926087008898,0.08935100791500677,,POINT (-45.8438039 -23.2124044)
1454052675,-23.2127277,-45.8435389,3,0.006410256410256411,0.05624577430421666,0.1624709456615238,0.00985209250180594,0.04315792771251711,0.08935100791500677,,POINT (-45.8435389 -23.2127277)
1454052681,-23.2129258,-45.8435948,3,0.008547008547008548,0.055579822161917126,0.16755215400825685,0.01074848706769884,0.044677602733501943,0.08935100791500677,,POINT (-45.8435948 -23.2129258)
1454052692,-23.212761,-45.8434583,3,0.006410256410256411,0.05520631081653523,0.1208501645867813,0.0003734766984993643,0.043321796652508925,0.08935100791500677,,POINT (-45.8434583 -23.212761)
1454052710,-23.2139327,-45.8441808,3,0.008547008547008548,0.0485472971754103,0.015904325272633642,0.0013529690529239698,0.04486120654462392,0.08935100791500677,,POINT (-45.8441808 -23.2139327)
1454052711,-23.214108,-45.8442696,3,0.006410256410256411,0.04634171331058608,0.008084274358364285,5.2384309048246425e-05,0.04335866149095137,0.08935100791500677,,POINT (-45.8442696 -23.214108)
1454052712,-23.2141586,-45.8442871,3,0.006410256410256411,0.04429368265301252,0.008070547899241678,-0.00040676820284962014,0.04319387426812434,0.08935100791500677,,POINT (-45.8442871 -23.2141586)
1454052716,-23.214463,-45.844248,3,0.008547008547008548,0.04288563326504969,0.0021839885865581827,-0.00048095831824352726,0.043875951706413834,0.08935100791500677,,POINT (-45.844248 -23.214463)
1454052731,-23.214113,-45.8442183,3,0.006410256410256411,0.04120693192710391,0.0042496463802673655,-0.0004620255848456788,0.04355023619616916,0.08935100791500677,,POINT (-45.8442183 -23.214113)
1454052732,-23.2141227,-45.8442099,3,0.006410256410256411,0.04297376814891995,0.00426337283938997,-0.000656130848058396,0.04436939691410128,0.08935100791500677,,POINT (-45.8442099 -23.2141227)
1454052733,-23.2141769,-45.8442263,3,0.006410256410256411,0.040950168064285926,0.004603592933357386,-0.000726920418035417,0.044345603504603835,0.08935100791500677,,POINT (-45.8442263 -23.2141769)
1454052750,-23.2142172,-45.8440351,3,0.008547008547008548,0.044868252027132356,0.008769791157371459,-0.00015213448621114023,0.04810614659261934,0.08935100791500677,,POINT (-45.8440351 -23.2142172)
1454052757,-23.2141809,-45.8442382,3,0.006410256410256411,0.042694588216629976,0.004617319392479991,-0.0008199471470856428,0.04336165556384478,0.08935100791500677,,POINT (-45.8442382 -23.2141809)
1454052767,-23.215828,-45.8437834,3,0.008547008547008548,0.041329097837947,0.016638756199784034,-0.0005943206701516832,0.04375343426962025,0.08935100791500677,,POINT (-45.8437834 -23.215828)
1454052772,-23.2160525,-45.8437499,3,0.006410256410256411,0.03972318349315155,0.010544208349347535,-0.001007979190080333,0.042581210565456384,0.08935100791500677,,POINT (-45.8437499 -23.2160525)
1454052778,-23.2161252,-45.8437246,3,0.006410256410256411,0.03820881960416844,0.01053048189022493,-0.0012166336921326313,0.04026341306053751,0.08935100791500677,,POINT (-45.8437246 -23.2161252)
1454052784,-23.21634,-45.84366,3,0.008547008547008548,0.0368292521042501,0.0042231739233880555,0.0010168007575385096,0.03384416054530736,0.08935100791500677,,POINT (-45.84366 -23.21634)
1454052794,-23.2160183,-45.8436683,3,0.006410256410256411,0.03967522104650177,0.002225974121049068,-0.0011193769097613275,0.0431829497711895,0.08935100791500677,,POINT (-45.8436683 -23.2160183)
1454052801,-23.2160971,-45.8436301,3,0.006410256410256411,0.03553485153979515,0.010475576053734512,-0.0004099097300324795,0.043479112045764566,0.08935100791500677,,POINT (-45.8436301 -23.2160971)
1454052817,-23.2161129,-45.8436404,3,0.006410256410256411,0.036841049734458876,0.010489302512857115,-0.0008819798118149295,0.040415725950718615,0.08935100791500677,,POINT (-45.8436404 -23.2161129)
1454052828,-23.216044,-45.8434693,3,0.008547008547008548,0.043062266033341574,0.016583850363293618,0.0005884925464908241,0.04675166128740864,0.08935100791500677,,POINT (-45.8434693 -23.216044)
1454052866,-23.2153889,-45.8409662,3,0.008547008547008548,0.04909649818934771,0.05544332541120547,0.005462391644294899,0.05040915438468108,0.08935100791500677,,POINT (-45.8409662 -23.2153889)
1454060955,-23.2133262,-45.841706,3,0.008547008547008548,0.04421704998406267,0.05892311352696791,0.00039050833892136566,0.03882963424109701,0.08935100791500677,,POINT (-45.841706 -23.2133262)
1454060964,-23.2151818,-45.8407967,4,0.010683760683760684,0.04145199027159741,0.04873108690025176,0.004939563948617913,0.05094790760779448,0.08935100791500677,,POINT (-45.8407967 -23.2151818)
1454060966,-23.2155301,-45.8407074,3,0.006410256410256411,0.043215987603023774,0.04663551414086746,0.0011476962272999897,0.047802742340698326,0.08935100791500677,,POINT (-45.8407074 -23.2155301)
1454060972,-23.2158608,-45.8406355,4,0.012820512820512822,0.043215987603023774,0.03118193964018375,0.0003727052255512711,0.058982434004790654,0.08935100791500677,,POINT (-45.8406355 -23.2158608)
1454061025,-23.2151731,-45.8409228,3,0.006410256410256411,0.04844504928750928,0.005769688317868189,0.002317950846779286,0.047675183225627214,0.08935100791500677,,POINT (-45.8409228 -23.2151731)
1454061043,-23.2155342,-45.8408437,3,0.008547008547008548,0.04702383604560851,0.04908339935106528,0.0017779150778018493,0.044886002635446794,0.08935100791500677,,POINT (-45.8408437 -23.2155342)
1454061047,-23.2155607,-45.8407947,3,0.006410256410256411,0.04490767161598868,0.02963987000389569,-0.0005117679431322718,0.04860082777088837,0.08935100791500677,,POINT (-45.8407947 -23.2155607)
1454061059,-23.2173386,-45.8394695,3,0.006410256410256411,0.04153432539131348,0.025105693735244055,0.0009482232245444294,0.04642553112065332,0.08935100791500677,,POINT (-45.8394695 -23.2173386)
1454061077,-23.2150077,-45.8396493,1,0.004273504273504274,0.03979190277953361,0.0,-0.0008510088615272598,0.018125228603942705,0.08935100791500677,,POINT (-45.8396493 -23.2150077)
1454061088,-23.2159366,-45.840835,3,0.012820512820512822,0.045048392874479835,0.019704332070499094,0.002475422098008207,0.039699303512488626,0.08935100791500677,,POINT (-45.840835 -23.2159366)
1454061106,-23.2169198,-45.8403945,1,0.004273504273504274,0.04309453752076703,0.0,-0.0010873412640321084,0.014889751327243036,0.08935100791500677,turning_circle,POINT (-45.8403945 -23.2169198)
1454061109,-23.2171993,-45.8409181,1,0.004273504273504274,0.0445726371508757,0.0,-0.0010896487119006865,0.0143153259863303,0.08935100791500677,turning_circle,POINT (-45.8409181 -23.2171993)
1454061111,-23.216665,-45.8414412,3,0.012820512820512822,0.04666607709821344,0.0042231739233880555,0.002435095587466286,0.037610151794768065,0.08935100791500677,,POINT (-45.8414412 -23.216665)
1454061125,-23.2164974,-45.841635,3,0.012820512820512822,0.04678472368902553,0.0005877974828724293,-0.00034792551489271236,0.049537485913656726,0.08935100791500677,,POINT (-45.841635 -23.2164974)
1454061142,-23.2136448,-45.8440208,3,0.012820512820512822,0.050962023710445115,0.0581655219235525,0.002453917211428059,0.05170630241252627,0.08935100791500677,,POINT (-45.8440208 -23.2136448)
1454061151,-23.2131636,-45.8437309,3,0.012820512820512822,0.05338062056558227,0.16504204218336982,0.010351406587771748,0.05113004864939807,0.08935100791500677,,POINT (-45.8437309 -23.2131636)
1454061177,-23.2154606,-45.8414461,4,0.017094017094017096,0.05130302085805599,0.10859753498939884,0.005702164234998763,0.06780032677874676,0.08935100791500677,,POINT (-45.8414461 -23.2154606)
1454061179,-23.2164272,-45.8414689,3,0.012820512820512822,0.04881517275405221,0.009300743669051958,3.4590589487911486e-05,0.048987416887934856,0.08935100791500677,,POINT (-45.8414689 -23.2164272)
1454061211,-23.2147707,-45.8441401,3,0.012820512820512822,0.043082430046280956,0.024957709433084174,0.0003646367015198479,0.046783337311422216,0.08935100791500677,,POINT (-45.8441401 -23.2147707)
1454061244,-23.2175782,-45.8421511,1,0.004273504273504274,0.043013949325309775,0.0,-0.0010168947390497166,0.01926998014991144,0.08935100791500677,turning_circle,POINT (-45.8421511 -23.2175782)
1454061261,-23.2156652,-45.842574,4,0.017094017094017096,0.04694705460089683,0.0734640745882715,0.008295045454981269,0.06135591217110217,0.08935100791500677,,POINT (-45.842574 -23.2156652)
1454061284,-23.2173881,-45.8415126,1,0.004273504273504274,0.04482890158197116,0.0,-0.0008433219775013383,0.02041771747104672,0.08935100791500677,turning_circle,POINT (-45.8415126 -23.2173881)
1454061305,-23.2178307,-45.8426844,1,0.004273504273504274,0.03551290628641254,0.0,-0.0017396968881160124,0.013638315813744624,0.08935100791500677,turning_circle,POINT (-45.8426844 -23.2178307)
1454067830,-23.2146425,-45.8408859,3,0.008547008547008548,0.039847049634836554,0.044661322498581596,0.0030258423021864832,0.03973244339268025,0.08935100791500677,,POINT (-45.8408859 -23.2146425)
1454067832,-23.2144831,-45.8399018,1,0.004273504273504274,0.03831064190824351,0.0,-0.0009615150311219073,0.015060710765112036,0.08935100791500677,turning_circle,POINT (-45.8399018 -23.2144831)
1454067838,-23.2139775,-45.8412058,4,0.012820512820512822,0.048333072918069764,0.06230897344387708,0.004290720248572324,0.04961973796924597,0.08935100791500677,,POINT (-45.8412058 -23.2139775)
1454067843,-23.214043,-45.8400556,1,0.004273504273504274,0.046090991687625295,0.0,-0.000823310991426744,0.017908603970992077,0.08935100791500677,turning_circle,POINT (-45.8400556 -23.214043)
1454067867,-23.2134736,-45.8402262,1,0.004273504273504274,0.04233703184559066,0.0,-0.001084129606753463,0.013719978459639987,0.08935100791500677,turning_circle,POINT (-45.8402262 -23.2134736)
1454067877,-23.2128593,-45.8405741,1,0.004273504273504274,0.04067499452114837,0.0,-0.000763382652660482,0.013602205674264572,0.08935100791500677,,POINT (-45.8405741 -23.2128593)
1454067932,-23.210621,-45.8425219,3,0.012820512820512822,0.04436630225037979,0.06192005710206994,0.0435325579446599,0.03486472074381754,0.08935100791500677,,POINT (-45.8425219 -23.210621)
1454067970,-23.2132189,-45.837389,3,0.012820512820512822,0.03923867178729001,0.012632917879170555,0.007757075574528837,0.025144852495778438,0.08935100791500677,,POINT (-45.837389 -23.2132189)
1454067981,-23.2157407,-45.8355624,3,0.008547008547008548,0.03775413935446763,0.0042231739233880555,0.001638452176077509,0.01629662059794706,0.08935100791500677,,POINT (-45.8355624 -23.2157407)
1454139110,-23.2199371,-45.850275,3,0.012820512820512822,0.05827643628505042,0.048393271101036237,0.00924659555998409,0.038529558473367684,0.08935100791500677,,POINT (-45.850275 -23.2199371)
1454185783,-23.2106983,-45.8478145,3,0.008547008547008548,0.06396470912599946,0.005452222393418245,0.00109611221331625,0.04826299577254671,0.08935100791500677,,POINT (-45.8478145 -23.2106983)
1454203444,-23.215559,-45.8420206,4,0.017094017094017096,0.049065079781803335,0.08011713680878549,0.00623354710391481,0.07049543005347989,0.08935100791500677,,POINT (-45.8420206 -23.215559)
1454203501,-23.2158977,-45.843138,4,0.017094017094017096,0.04496033894001056,0.053322674628884445,0.006807274454041937,0.056139910469678526,0.08935100791500677,,POINT (-45.843138 -23.2158977)
1454248242,-23.2055891,-45.8563362,4,0.017094017094017096,0.06264082081075545,0.057445705934871735,0.0031936077710129616,0.07583292826682367,0.08935100791500677,,POINT (-45.8563362 -23.2055891)
1454889053,-23.1974399,-45.8611533,1,0.004273504273504274,0.040297318503345135,0.0,-0.0013180705548783579,0.012851224791792626,0.08935100791500677,turning_circle,POINT (-45.8611533 -23.1974399)
1455087455,-23.201609,-45.8625557,3,0.006410256410256411,0.04246208122892635,0.03798909506439842,0.0038209802282885676,0.05304259566506697,0.08935100791500677,,POINT (-45.8625557 -23.201609)
1455087457,-23.2005619,-45.8636349,3,0.004273504273504274,0.0,0.0,-0.0006007317868190559,0.036910447332814206,0.08935100791500677,,POINT (-45.8636349 -23.2005619)
1455133624,-23.2057939,-45.860633,3,0.006410256410256411,0.04808552190176524,0.08217819535715903,0.021357562182643664,0.035662472243182516,0.08935100791500677,,POINT (-45.860633 -23.2057939)
2024367581,-23.2010985,-45.8597549,4,0.017094017094017096,0.054733395363972405,0.07950280312706808,0.006320081060180353,0.06453688247205432,0.08935100791500677,,POINT (-45.8597549 -23.2010985)
2024367591,-23.2042631,-45.8575499,4,0.017094017094017096,0.05556639546251819,0.020772705329244436,0.0018377104890711852,0.07597888840683911,0.08935100791500677,,POINT (-45.8575499 -23.2042631)
2024367592,-23.2045128,-45.8580922,4,0.017094017094017096,0.058180623249549514,0.034681668262432526,0.002147898422572225,0.07326146110918716,0.08935100791500677,,POINT (-45.8580922 -23.2045128)
2024367597,-23.2057838,-45.8580931,4,0.017094017094017096,0.06352308589259709,0.11794720769574517,0.004572819332145687,0.06822917611927869,0.08935100791500677,,POINT (-45.8580931 -23.2057838)
2061113646,-23.2015928,-45.8555553,4,0.017094017094017096,0.047265405120126176,0.011261568408320738,0.0037773404546365026,0.06361946298985942,0.08935100791500677,,POINT (-45.8555553 -23.2015928)
2061113647,-23.2019377,-45.855893,4,0.017094017094017096,0.04905984728955829,0.011861370244012799,0.0006927186134321248,0.0690516247327059,0.08935100791500677,,POINT (-45.855893 -23.2019377)
2061113648,-23.2055854,-45.8548991,4,0.017094017094017096,0.06123175669295728,0.06693506434040887,0.003068027254390986,0.08239756009933473,0.08935100791500677,,POINT (-45.8548991 -23.2055854)
2061113649,-23.2061036,-45.8546189,4,0.017094017094017096,0.05782229613300503,0.013902320818882501,0.0011722245995526982,0.07203071247903933,0.08935100791500677,,POINT (-45.8546189 -23.2061036)
2061113650,-23.2061022,-45.8560564,4,0.017094017094017096,0.06447570960535222,0.09522579024984852,0.00464538891210353,0.08324156031825108,0.08935100791500677,,POINT (-45.8560564 -23.2061022)
2061113651,-23.2066469,-45.8557642,4,0.017094017094017096,0.060706543683582484,0.009380764500292533,0.0015909271860564027,0.07234753478024313,0.08935100791500677,,POINT (-45.8557642 -23.2066469)
2061113653,-23.2122203,-45.8564832,4,0.017094017094017096,0.06452997447526834,0.009622237213189763,0.0008528421217194083,0.08311286815885029,0.08935100791500677,,POINT (-45.8564832 -23.2122203)
2061113654,-23.2122506,-45.8558771,4,0.017094017094017096,0.0669140637140637,0.0952433518074931,0.004811576741186162,0.0819332515581445,0.08935100791500677,,POINT (-45.8558771 -23.2122506)
2061113655,-23.2137145,-45.8559729,4,0.017094017094017096,0.06584144669159697,0.07197120044374654,0.004015708512647595,0.0767053218463022,0.08935100791500677,,POINT (-45.8559729 -23.2137145)
2061113656,-23.2137419,-45.8553726,4,0.017094017094017096,0.06418783145447023,0.0018800045175032668,0.0007156044957808212,0.046408060171449626,0.08935100791500677,,POINT (-45.8553726 -23.2137419)
2061117199,-23.2111054,-45.8491996,4,0.017094017094017096,0.07267522717759685,0.08611391271102942,0.00340618036122586,0.07337438462501988,0.08935100791500677,,POINT (-45.8491996 -23.2111054)
2061127780,-23.2036987,-45.8531043,4,0.017094017094017096,0.050014588827374216,0.012025196738322957,0.003890656343161331,0.05979089200606311,0.08935100791500677,,POINT (-45.8531043 -23.2036987)
2061127781,-23.2048574,-45.8524548,4,0.017094017094017096,0.0511888492304649,0.007160756253723603,0.00034323702828481994,0.07485849406195381,0.08935100791500677,,POINT (-45.8524548 -23.2048574)
2143249771,-23.2222912,-45.8561112,4,0.006410256410256411,0.047159255973178604,0.0021276011640037336,0.003628228281304353,0.03392366879056369,0.08935100791500677,,POINT (-45.8561112 -23.2222912)
3160449691,-23.2012844,-45.8629964,4,0.008547008547008548,0.042411190931519134,0.003050705539998902,0.0001741348497339712,0.05354959344563935,0.08935100791500677,traffic_signals,POINT (-45.8629964 -23.2012844)
3160449692,-23.2012514,-45.8629228,4,0.008547008547008548,0.04430648059657017,0.03433183254739286,0.0013011659824680548,0.07481047865633961,0.08935100791500677,traffic_signals,POINT (-45.8629228 -23.2012514)
3160449693,-23.2011882,-45.8628435,4,0.008547008547008548,0.05077640044527462,0.021241542976018348,0.001101158937982665,0.07567258490379825,0.08935100791500677,traffic_signals,POINT (-45.8628435 -23.2011882)
3160449694,-23.20071,-45.8635392,4,0.008547008547008548,0.04428515479728418,0.0030644319991215063,-0.0002995987776565789,0.049224214742254024,0.08935100791500677,traffic_signals,POINT (-45.8635392 -23.20071)
3160449699,-23.2015212,-45.8625016,3,0.006410256410256411,0.053121730719883145,0.026590823985542043,0.00122504531653051,0.05356506598798498,0.08935100791500677,,POINT (-45.8625016 -23.2015212)
3160449701,-23.2011355,-45.8628001,3,0.006410256410256411,0.050765194000682856,0.005171133820312977,0.0003423329097355732,0.053412256875966804,0.08935100791500677,traffic_signals,POINT (-45.8628001 -23.2011355)
3160449702,-23.2010268,-45.8629129,3,0.006410256410256411,0.04832291891115421,0.005157407361190374,-7.21515511975015e-05,0.04693342227054684,0.08935100791500677,,POINT (-45.8629129 -23.2010268)
3160449707,-23.2006707,-45.8627757,3,0.008547008547008548,0.04903892847608869,0.01958631621372523,0.00046569835965100013,0.04895982913105618,0.08935100791500677,,POINT (-45.8627757 -23.2006707)
3160449708,-23.2006359,-45.8634179,4,0.008547008547008548,0.04856267159655738,0.04255474414289546,0.0017204929216725177,0.07438952620078713,0.08935100791500677,traffic_signals,POINT (-45.8634179 -23.2006359)
3160449709,-23.2006892,-45.8635071,4,0.008547008547008548,0.04632771279296959,0.03817981658809639,0.00024466792479082086,0.07030601545490227,0.08935100791500677,traffic_signals,POINT (-45.8635071 -23.2006892)
3161589327,-23.2054477,-45.8606704,3,0.006410256410256411,0.062141589630445505,0.11542512478984807,0.002054502112845528,0.0488646769037538,0.08935100791500677,,POINT (-45.8606704 -23.2054477)
3161589328,-23.2053315,-45.8607453,3,0.006410256410256411,0.058498752293258904,0.11541139833072549,0.003944259150022646,0.046206156111571285,0.08935100791500677,,POINT (-45.8607453 -23.2053315)
3161589330,-23.2053982,-45.861035,3,0.006410256410256411,0.056033396837294525,0.08603712524214174,0.004951321518880548,0.04596052109153028,0.08935100791500677,,POINT (-45.861035 -23.2053982)
3161589339,-23.2056101,-45.86093,3,0.006410256410256411,0.05305434067975874,0.08602339878301914,0.0029901529092355096,0.04546675024404481,0.08935100791500677,,POINT (-45.86093 -23.2056101)
3178886311,-23.2222758,-45.8559812,4,0.006410256410256411,0.002136752136752137,9.150972748403155e-06,-0.00036009530943853345,0.03505220695047004,0.08935100791500677,,POINT (-45.8559812 -23.2222758)
3178886345,-23.2204448,-45.8551065,3,0.006410256410256411,0.04920678019405156,0.010509892201541023,0.002875316501756533,0.046332967877883525,0.08935100791500677,,POINT (-45.8551065 -23.2204448)
3178886355,-23.2186819,-45.8537872,3,0.006410256410256411,0.04708158714913397,0.027809958488678416,0.0006613885727682607,0.05354927320501157,0.08935100791500677,,POINT (-45.8537872 -23.2186819)
3178886356,-23.2185834,-45.8535374,3,0.008547008547008548,0.052780425428429104,0.05997260687149768,0.014719400329727992,0.05144481297826868,0.08935100791500677,,POINT (-45.8535374 -23.2185834)
3178889265,-23.2140118,-45.85673,3,0.006410256410256411,0.060730585879100726,0.004239997110343823,0.0005550099979699623,0.05929557732883278,0.08935100791500677,,POINT (-45.85673 -23.2140118)
3178889269,-23.2139815,-45.8570928,3,0.006410256410256411,0.04396351185342011,0.05555075295526978,0.022666270118573945,0.050464576512315916,0.08935100791500677,,POINT (-45.8570928 -23.2139815)
3178889276,-23.2186643,-45.8507251,3,0.006410256410256411,0.05211080516925556,0.03084251459939298,0.003922228889799971,0.04318910736848531,0.08935100791500677,,POINT (-45.8507251 -23.2186643)
3178889277,-23.2186967,-45.8507113,3,0.006410256410256411,0.04953528459504555,0.03082878814027039,0.003739925505293356,0.042631912334349285,0.08935100791500677,,POINT (-45.8507113 -23.2186967)
3178889278,-23.2186986,-45.8505144,3,0.006410256410256411,0.0525273108054565,0.028934845433859057,0.0003159204245270901,0.04279900698034601,0.08935100791500677,,POINT (-45.8505144 -23.2186986)
3178889279,-23.2187417,-45.8505718,3,0.006410256410256411,0.05543248439982987,0.028948571892981667,0.00045511824694338985,0.04257878556141663,0.08935100791500677,,POINT (-45.8505718 -23.2187417)
3178889289,-23.2185378,-45.8506307,3,0.006410256410256411,0.04862426678302379,0.034581326738328415,0.0024652224470023245,0.04322562749515388,0.08935100791500677,,POINT (-45.8506307 -23.2185378)
3178889293,-23.2184375,-45.8503378,3,0.006410256410256411,0.04890858898938848,0.014157615300833686,0.0009569542150398098,0.042837641782151305,0.08935100791500677,,POINT (-45.8503378 -23.2184375)
3178889295,-23.218475,-45.85036,3,0.006410256410256411,0.04663296381492023,0.014143888841711083,0.0013032107541817313,0.04284159636091051,0.08935100791500677,,POINT (-45.85036 -23.218475)
3178889305,-23.2184308,-45.8502465,3,0.006410256410256411,0.04929641963503944,0.0071031664591588274,0.00014620255005364294,0.042872912456533345,0.08935100791500677,,POINT (-45.8502465 -23.2184308)
3178889308,-23.2185313,-45.8502319,3,0.006410256410256411,0.04862426678302379,0.008442501700751302,0.000343820080727978,0.04308305900375013,0.08935100791500677,,POINT (-45.8502319 -23.2185313)
3178889309,-23.2184464,-45.8502286,3,0.006410256410256411,0.05184652181158436,0.007116892918281432,0.0002055403465503497,0.04308381648822655,0.08935100791500677,,POINT (-45.8502286 -23.2184464)
3178889313,-23.2184169,-45.8499718,3,0.008547008547008548,0.05374231168623692,0.01093012092044808,0.0012919061613371828,0.043890642057318255,0.08935100791500677,,POINT (-45.8499718 -23.2184169)
3179135092,-23.2111445,-45.855078,3,0.012820512820512822,0.07158950949800623,0.03516446709611647,0.002534625243924791,0.05476145239317923,0.08935100791500677,,POINT (-45.855078 -23.2111445)
3179135096,-23.2104304,-45.8556307,4,0.008547008547008548,0.0707200903972618,0.010689748740475237,0.0010317981383599207,0.07594322669012148,0.08935100791500677,,POINT (-45.8556307 -23.2104304)
3179135102,-23.209979,-45.8558133,3,0.006410256410256411,0.06828472436309753,0.17407260961453572,0.012147930732802376,0.0515504383595146,0.08935100791500677,,POINT (-45.8558133 -23.209979)
3179135113,-23.2116926,-45.849041,3,0.012820512820512822,0.06648853707677237,0.0012231941367380332,0.0004867475355906758,0.04770238167797921,0.08935100791500677,,POINT (-45.849041 -23.2116926)
3179135115,-23.2116847,-45.8520066,3,0.008547008547008548,0.05709745414350106,0.009138452249142413,0.0007598089276422514,0.04437182793028587,0.08935100791500677,,POINT (-45.8520066 -23.2116847)
3179135118,-23.2113226,-45.8524109,3,0.006410256410256411,0.051308742809969665,0.009243496457299783,0.0005304812441619168,0.04331312177283052,0.08935100791500677,,POINT (-45.8524109 -23.2113226)
3179135121,-23.211374,-45.8524543,3,0.006410256410256411,0.05990808543224222,0.00910563629864404,0.0006715472369158583,0.04350811877114559,0.08935100791500677,,POINT (-45.8524543 -23.211374)
3179135123,-23.2114268,-45.8523221,3,0.006410256410256411,0.05582939175172185,0.007687602315752538,6.36561772362788e-05,0.04310569177725611,0.08935100791500677,,POINT (-45.8523221 -23.2114268)
3179135131,-23.2113627,-45.8523108,3,0.006410256410256411,0.05408349259748272,0.009257222916422388,0.00016234943800705763,0.04295766957553781,0.08935100791500677,,POINT (-45.8523108 -23.2113627)
3179135137,-23.2114432,-45.852053,3,0.006410256410256411,0.053893414718156986,0.005181280770145866,3.301357177988016e-05,0.04293117202752321,0.08935100791500677,,POINT (-45.852053 -23.2114432)
3179135142,-23.211551,-45.8519945,3,0.006410256410256411,0.0541025741543206,0.003248402509232685,-4.306402541891841e-05,0.04324201232823433,0.08935100791500677,,POINT (-45.8519945 -23.211551)
3179135143,-23.2115411,-45.8519745,3,0.006410256410256411,0.05133164338698818,0.00323467605011008,3.704118845745966e-05,0.04334141230514685,0.08935100791500677,,POINT (-45.8519745 -23.2115411)
3179135146,-23.2115097,-45.8520793,3,0.006410256410256411,0.05408985162071582,0.003584207251230805,-0.00016577379464284854,0.042940523708605315,0.08935100791500677,,POINT (-45.8520793 -23.2115097)
3179135147,-23.2115268,-45.8520708,3,0.006410256410256411,0.051320190543751455,0.0035704807921082002,-0.0001499230102682924,0.043187646977724155,0.08935100791500677,,POINT (-45.8520708 -23.2115268)
3179135150,-23.2114852,-45.8519499,3,0.006410256410256411,0.0569560713178393,0.005195007229268471,0.00012915206736159102,0.04329778761557609,0.08935100791500677,,POINT (-45.8519499 -23.2114852)
3179135157,-23.2114355,-45.8524311,3,0.008547008547008548,0.059130358359150134,0.012040201580845627,0.0013131880309847747,0.044153118973873605,0.08935100791500677,,POINT (-45.8524311 -23.2114355)
3179135172,-23.212476,-45.8477925,3,0.012820512820512822,0.06453902750199046,0.11989825518707647,0.011192696902074018,0.043490851741133145,0.08935100791500677,,POINT (-45.8477925 -23.212476)
3179135174,-23.2113307,-45.8479926,3,0.012820512820512822,0.06914687930770902,0.09644998438988278,0.0052340437460736185,0.04974869056918632,0.08935100791500677,,POINT (-45.8479926 -23.2113307)
3179135178,-23.2124547,-45.8475721,3,0.012820512820512822,0.06169159018830469,0.013862198551706045,0.0014493902947237329,0.043741924933387,0.08935100791500677,,POINT (-45.8475721 -23.2124547)
3179135182,-23.2129073,-45.8471384,3,0.012820512820512822,0.05506094410941808,0.004285705570502144,0.0031176095099437863,0.03347212940490891,0.08935100791500677,,POINT (-45.8471384 -23.2129073)
3179135184,-23.2129814,-45.8454223,3,0.012820512820512822,0.05557310800123074,0.0035420365184819142,0.0002073694221144952,0.03802098379274981,0.08935100791500677,,POINT (-45.8454223 -23.2129814)
3179135189,-23.2102489,-45.856374,1,0.004273504273504274,0.05979129036056512,0.0,0.00011394677393264633,0.021992489871383265,0.08935100791500677,,POINT (-45.856374 -23.2102489)
3359546072,-23.2160297,-45.8436484,3,0.006410256410256411,0.04131054131054131,0.0022397005801716723,-0.0009660685866784777,0.04392853836131659,0.08935100791500677,,POINT (-45.8436484 -23.2160297)
3359546085,-23.2126738,-45.8435632,3,0.006410256410256411,0.05958992072981711,0.1624846721206464,0.010546524581017284,0.04233302460808744,0.08935100791500677,,POINT (-45.8435632 -23.2126738)
3370554246,-23.2140071,-45.841297,3,0.008547008547008548,0.05051435028375843,0.019416207157106503,0.0027990389425937893,0.04623418879128302,0.08935100791500677,,POINT (-45.841297 -23.2140071)
3370554247,-23.2133554,-45.841437,3,0.010683760683760684,0.04422130039740345,0.0042231739233880555,0.002431299220990927,0.03413304806221463,0.08935100791500677,,POINT (-45.841437 -23.2133554)
3370554248,-23.2135024,-45.8415592,3,0.006410256410256411,0.046132590055574414,0.058955141931587324,0.0001775895520800153,0.04230419462218492,0.08935100791500677,,POINT (-45.8415592 -23.2135024)
3370572767,-23.2127348,-45.8433906,3,0.006410256410256411,0.05232417971271475,0.1208364381276587,0.003015800657911675,0.04331748462550914,0.08935100791500677,,POINT (-45.8433906 -23.2127348)
3370572769,-23.2125714,-45.8434655,3,0.006410256410256411,0.04788531154722474,0.16148264060469628,0.0031692687603677053,0.04193987220689414,0.08935100791500677,,POINT (-45.8434655 -23.2125714)
4453703041,-23.1997108,-45.8640778,3,0.004273504273504274,0.04389314371738844,0.0,-0.0007474847753164816,0.02691909187213441,0.08935100791500677,,POINT (-45.8640778 -23.1997108)
4453703042,-23.1995818,-45.8639296,3,0.008547008547008548,0.04566096159148268,0.00698943672712409,0.0005718533060695514,0.036518008033498965,0.08935100791500677,,POINT (-45.8639296 -23.1995818)
5241897980,-23.2057391,-45.8607551,3,0.006410256410256411,0.050387096170228705,0.08445461702151794,0.017673873960770435,0.046520680955889654,0.08935100791500677,,POINT (-45.8607551 -23.2057391)
5306968296,-23.2178138,-45.8381695,3,0.004273504273504274,0.035675392635454675,0.0,-0.0016416516594474357,0.026373908246067133,0.08935100791500677,,POINT (-45.8381695 -23.2178138)
5327748850,-23.2138704,-45.8469002,1,0.004273504273504274,0.0521699011152402,0.0,-0.0007860629657927488,0.01357461183997785,0.08935100791500677,,POINT (-45.8469002 -23.2138704)
5327748855,-23.2118652,-45.8470656,3,0.012820512820512822,0.060467164568110944,0.011987850558514368,0.0009683432256330489,0.04381523063773881,0.08935100791500677,,POINT (-45.8470656 -23.2118652)
5327748865,-23.2117292,-45.8478302,3,0.012820512820512822,0.06425058492097599,0.026560426051860736,0.0030731619653646502,0.048141913193217006,0.08935100791500677,,POINT (-45.8478302 -23.2117292)
5327748868,-23.2126168,-45.8473936,3,0.012820512820512822,0.05819534320483088,0.008357888443541548,0.0005535834122437367,0.04083469529178504,0.08935100791500677,,POINT (-45.8473936 -23.2126168)
5327748873,-23.2115878,-45.8478917,4,0.017094017094017096,0.06772180009335906,0.18235403469080938,0.01672493331116399,0.0622792547677271,0.08935100791500677,,POINT (-45.8478917 -23.2115878)
5327748879,-23.2106547,-45.8475228,3,0.012820512820512822,0.067148472928651,0.3558951735424406,0.18114044399714624,0.05101814196336406,0.08935100791500677,,POINT (-45.8475228 -23.2106547)
5327748882,-23.2114987,-45.8448339,3,0.012820512820512822,0.06453902750199046,0.3153013415326049,0.17689562001564121,0.03633647869660007,0.08935100791500677,,POINT (-45.8448339 -23.2114987)
5327748890,-23.2104534,-45.8437057,1,0.004273504273504274,0.060602580428690295,0.0,4.626350259291379e-05,0.01410887552061359,0.08935100791500677,,POINT (-45.8437057 -23.2104534)
5327748891,-23.2105086,-45.8410992,3,0.012820512820512822,0.04253274667475851,0.03333699372243269,0.02302472516279263,0.030375622378647823,0.08935100791500677,,POINT (-45.8410992 -23.2105086)
5327748900,-23.2098615,-45.8403347,1,0.004273504273504274,0.040786788548114905,0.0,-0.0007493004068249302,0.013002260567120477,0.08935100791500677,,POINT (-45.8403347 -23.2098615)
5327749325,-23.2047869,-45.8401322,3,0.008547008547008548,0.042509165406966185,0.020932850161972216,0.014456242575981968,0.023636453131642202,0.08935100791500677,,POINT (-45.8401322 -23.2047869)
5327749329,-23.2057576,-45.8395837,3,0.012820512820512822,0.04079402217204824,0.016810336938816596,0.01121662527491478,0.024846335409641197,0.08935100791500677,,POINT (-45.8395837 -23.2057576)
5327749330,-23.206515,-45.8407009,1,0.004273504273504274,0.03918519489217956,0.0,-0.001017170219710416,0.011732992983516584,0.08935100791500677,,POINT (-45.8407009 -23.206515)
5327749346,-23.2049268,-45.8380964,1,0.004273504273504274,0.03771081138078433,0.0,-0.0012379339299858857,0.010970073058691156,0.08935100791500677,,POINT (-45.8380964 -23.2049268)
5327749347,-23.2050642,-45.8382842,3,0.012820512820512822,0.03919855044599421,0.008437196874027709,0.00495278708053851,0.021783491829325798,0.08935100791500677,,POINT (-45.8382842 -23.2050642)
5327749362,-23.2065988,-45.8368941,1,0.004273504273504274,0.03771081138078433,0.0,-0.0012379339299858857,0.010970073058691156,0.08935100791500677,,POINT (-45.8368941 -23.2065988)
5327749439,-23.2112937,-45.839738,3,0.012820512820512822,0.04083022881283288,0.025137722139863466,0.01675700528463897,0.029860131122940954,0.08935100791500677,,POINT (-45.839738 -23.2112937)
5327749445,-23.2109317,-45.8387491,3,0.008547008547008548,0.03922528888422477,0.0042231739233880555,0.002044214017065782,0.01757405922537656,0.08935100791500677,,POINT (-45.8387491 -23.2109317)
5327749486,-23.2115686,-45.8375774,1,0.004273504273504274,0.03773555803742007,0.0,-0.0012330976189164342,0.009311680142299874,0.08935100791500677,,POINT (-45.8375774 -23.2115686)
5327749494,-23.2134144,-45.8360117,1,0.004273504273504274,0.03774794354920719,0.0,-0.0011938381525865931,0.01181058273761442,0.08935100791500677,,POINT (-45.8360117 -23.2134144)
5327789960,-23.2161924,-45.8362732,1,0.004273504273504274,0.03637208950301929,0.0,-0.0014162262512276006,0.009037836730451686,0.08935100791500677,,POINT (-45.8362732 -23.2161924)
5327789969,-23.2145198,-45.8474371,3,0.012820512820512822,0.062242482483315924,0.12045741230404942,0.02000346625496651,0.03808169621374101,0.08935100791500677,,POINT (-45.8474371 -23.2145198)
5333797419,-23.2162735,-45.8515306,3,0.006410256410256411,0.04868601841826522,0.02272037029768511,0.0038433484713241857,0.046418217609565326,0.08935100791500677,,POINT (-45.8515306 -23.2162735)
5333797527,-23.2162877,-45.8554647,3,0.006410256410256411,0.05126300290106842,0.057472207252346086,0.003617850983044191,0.04653331805181124,0.08935100791500677,,POINT (-45.8554647 -23.2162877)
5333797537,-23.2161464,-45.8516113,3,0.006410256410256411,0.045670027601924755,0.026931503425090236,0.001592554013014061,0.043450867448158875,0.08935100791500677,,POINT (-45.8516113 -23.2161464)
5333797538,-23.2153578,-45.8518915,1,0.004273504273504274,0.04563378514375439,0.0,-0.000735900355430779,0.013689239187461896,0.08935100791500677,turning_circle,POINT (-45.8518915 -23.2153578)
5333797539,-23.2161368,-45.8515113,3,0.006410256410256411,0.05018372292289605,0.02698640926158065,0.0004899447866930583,0.04179987477521623,0.08935100791500677,,POINT (-45.8515113 -23.2161368)
5333797540,-23.2161323,-45.8515886,3,0.006410256410256411,0.04785044601978241,0.02694522988421284,0.0007964493347674955,0.04070036107704413,0.08935100791500677,,POINT (-45.8515886 -23.2161323)
5333797550,-23.2162177,-45.8514685,3,0.006410256410256411,0.05282891456524897,0.027000135720703256,0.0010532814468614381,0.0494608445468702,0.08935100791500677,,POINT (-45.8514685 -23.2162177)
5333797555,-23.2149111,-45.8474444,3,0.012820512820512822,0.060786758461177065,0.1087825849306139,0.02123322192738719,0.032414674631794406,0.08935100791500677,,POINT (-45.8474444 -23.2149111)
5333797556,-23.2149798,-45.8468125,1,0.004273504273504274,0.057282304574049064,0.0,-0.0002221240850117257,0.013366847214587745,0.08935100791500677,,POINT (-45.8468125 -23.2149798)
5355099049,-23.2125343,-45.8469062,3,0.012820512820512822,0.05761951252933217,3.660389099361262e-05,-8.976378089649403e-05,0.04250438960115211,0.08935100791500677,,POINT (-45.8469062 -23.2125343)
5355099061,-23.2124417,-45.845538,3,0.012820512820512822,0.057633949891529444,0.005257310102063849,0.0001629011379974148,0.04204902740815802,0.08935100791500677,,POINT (-45.845538 -23.2124417)
5355099062,-23.2088956,-45.853314,1,0.004273504273504274,0.06407161393233818,0.0,1.988105766098884e-05,0.013851437862824723,0.08935100791500677,,POINT (-45.853314 -23.2088956)
5355099068,-23.209345,-45.8533508,3,0.012820512820512822,0.06848804347687777,0.21138358691073975,0.01514035583782266,0.035022294342267175,0.08935100791500677,,POINT (-45.8533508 -23.209345)
5355173610,-23.2222842,-45.8480662,3,0.004273504273504274,0.05504776690608927,0.0,-0.0002275603397020955,0.014700974617903522,0.08935100791500677,,POINT (-45.8480662 -23.2222842)
5357599328,-23.2096195,-45.8563265,1,0.004273504273504274,0.06333069769193117,0.0,-7.510798839075074e-05,0.014455030977617396,0.08935100791500677,,POINT (-45.8563265 -23.2096195)
5357599329,-23.2090376,-45.856665,3,0.012820512820512822,0.0676421391022185,0.018104395745580554,0.005144129488360241,0.038308320178242185,0.08935100791500677,,POINT (-45.856665 -23.2090376)
6206829294,-23.1960733,-45.8540422,3,0.004273504273504274,0.0,0.0,-0.0017511855230305869,0.021165042703322805,0.08935100791500677,,POINT (-45.8540422 -23.1960733)
6206829295,-23.1960178,-45.8536385,3,0.004273504273504274,0.03141278425137549,0.0,-0.0017511855230305869,0.021165042703322805,0.08935100791500677,,POINT (-45.8536385 -23.1960178)
6308115793,-23.2122452,-45.8540843,3,0.012820512820512822,0.06350554776838598,0.04139251785322042,0.0026521026891409166,0.04399779662379643,0.08935100791500677,,POINT (-45.8540843 -23.2122452)
7041067215,-23.2195743,-45.840107,3,0.004273504273504274,0.03837135607925499,0.0,-0.001424240938546073,0.026655224991442867,0.08935100791500677,,POINT (-45.840107 -23.2195743)
7041067218,-23.2164936,-45.8392188,3,0.006410256410256411,0.03231711893461103,0.024940976225772796,0.002054336096472372,0.044879133121092214,0.08935100791500677,,POINT (-45.8392188 -23.2164936)
7041067220,-23.2161659,-45.839164,3,0.006410256410256411,0.033389039630874445,0.024954702684895403,0.00126561164252133,0.042320366715343505,0.08935100791500677,,POINT (-45.839164 -23.2161659)
7041067223,-23.2137896,-45.8392243,3,0.008547008547008548,0.03337692723167584,0.008428045901279305,0.005755640110959686,0.039832168622948735,0.08935100791500677,,POINT (-45.8392243 -23.2137896)
7041084011,-23.1974514,-45.8533555,3,0.008547008547008548,0.03229669952500618,0.0042231739233880555,0.0031551283615243965,0.03119790300116441,0.08935100791500677,,POINT (-45.8533555 -23.1974514)
7352696580,-23.2161985,-45.8387435,3,0.006410256410256411,0.03447240075190618,0.025009608521385823,-0.0008293306099893832,0.04084402291559425,0.08935100791500677,,POINT (-45.8387435 -23.2161985)
7352696583,-23.2175953,-45.8391207,3,0.006410256410256411,0.03698321312277419,0.025050787898753635,-0.0012415628743040778,0.03562616698936317,0.08935100791500677,,POINT (-45.8391207 -23.2175953)
7352719588,-23.2169071,-45.8388791,3,0.006410256410256411,0.03569476940054221,0.025023334980508426,-0.0011740958064615924,0.03657797610079238,0.08935100791500677,,POINT (-45.8388791 -23.2169071)
7352719593,-23.2178187,-45.8396843,3,0.006410256410256411,0.039888510191120094,0.02509196727612145,3.3729024734817454e-05,0.03786981989876701,0.08935100791500677,,POINT (-45.8396843 -23.2178187)
7352719596,-23.2179672,-45.8392901,3,0.006410256410256411,0.038393772995675854,0.025064514357876242,-0.000990454898693575,0.03587238166902439,0.08935100791500677,,POINT (-45.8392901 -23.2179672)
7650927101,-23.2027241,-45.8582515,3,0.008547008547008548,0.05167762166189486,0.0073219691369167395,0.001084731515361388,0.04866605419032405,0.08935100791500677,,POINT (-45.8582515 -23.2027241)
7808796936,-23.2136861,-45.8454849,3,0.012820512820512822,0.05553285707800435,0.006604485806841266,0.0036093071996823544,0.031237119119855137,0.08935100791500677,,POINT (-45.8454849 -23.2136861)
7808796942,-23.2140016,-45.8461726,1,0.004273504273504274,0.05541912878378365,0.0,-0.00046862798910538635,0.01314264065524663,0.08935100791500677,,POINT (-45.8461726 -23.2140016)
7808796943,-23.2141027,-45.8453257,3,0.012820512820512822,0.05869280276016688,0.01289059402014434,0.004821985987762831,0.031244674373729395,0.08935100791500677,,POINT (-45.8453257 -23.2141027)
7808956270,-23.2208284,-45.8548807,3,0.006410256410256411,0.04496473346048167,0.0,-0.0004225882031474311,0.03281482304592522,0.08935100791500677,,POINT (-45.8548807 -23.2208284)
7808956271,-23.2209407,-45.8552864,3,0.006410256410256411,0.003846153846153846,0.00632332216914658,-1.25672028323925e-05,0.04219881727891359,0.08935100791500677,,POINT (-45.8552864 -23.2209407)
7809794211,-23.2060648,-45.8609005,1,0.002136752136752137,0.0,0.0,0.00028196405590499477,0.013958888877561179,0.08935100791500677,,POINT (-45.8609005 -23.2060648)
7809899485,-23.2116053,-45.8479582,3,0.012820512820512822,0.06728597162998216,0.11818092263462614,0.004896968293767372,0.04936008710349941,0.08935100791500677,,POINT (-45.8479582 -23.2116053)
7812391869,-23.2163541,-45.8509913,3,0.008547008547008548,0.05356085551684574,0.01725760502694961,0.0027363699623242452,0.05383547549871242,0.08935100791500677,,POINT (-45.8509913 -23.2163541)
7812391870,-23.2164876,-45.8513687,3,0.006410256410256411,0.05281678393044639,0.019412903713987247,0.001046270050406595,0.05166371180680861,0.08935100791500677,,POINT (-45.8513687 -23.2164876)
7812391871,-23.2165762,-45.8513155,3,0.006410256410256411,0.05016183491813194,0.019399177254864636,0.0007470356731603713,0.05266124078750173,0.08935100791500677,,POINT (-45.8513155 -23.2165762)
7812391872,-23.2168556,-45.8511255,3,0.008547008547008548,0.053511014078653954,0.022823289879563936,0.0019073584988422631,0.051428526800747415,0.08935100791500677,,POINT (-45.8511255 -23.2168556)
7812477972,-23.2075479,-45.851883,1,0.004273504273504274,0.05942826353625992,0.0,-0.00033344630209945455,0.012327218046192847,0.08935100791500677,,POINT (-45.851883 -23.2075479)
7812477973,-23.2079863,-45.8514247,3,0.012820512820512822,0.06320887442074581,0.012083877005860269,0.004843074425188367,0.02788806243944686,0.08935100791500677,,POINT (-45.8514247 -23.2079863)
7812611868,-23.2159188,-45.8516095,3,0.008547008547008548,0.04783054564713954,0.0042231739233880555,0.0031711202559824452,0.034170708800381006,0.08935100791500677,,POINT (-45.8516095 -23.2159188)
8113824080,-23.213043,-45.8421503,3,0.008547008547008548,0.042411190931519134,0.061009535313603834,0.004297570488626416,0.033624167951168286,0.08935100791500677,,POINT (-45.8421503 -23.213043)
8113975279,-23.2158366,-45.840541,3,0.008547008547008548,0.04151183793847573,0.030701513570892583,0.0003851529703019223,0.04864069256539012,0.08935100791500677,,POINT (-45.840541 -23.2158366)
8163558861,-23.2015999,-45.8586582,3,0.012820512820512822,0.05220542306334409,0.01722336020987936,0.0016650627374295754,0.04505417790930118,0.08935100791500677,,POINT (-45.8586582 -23.2015999)
8167145017,-23.2026058,-45.8580286,3,0.006410256410256411,0.0492594697541694,0.0018735177241048632,-0.0002174927592844327,0.04463016356205453,0.08935100791500677,,POINT (-45.8580286 -23.2026058)
8167145019,-23.2025115,-45.8580834,3,0.006410256410256411,0.04417883300049823,0.0021667941604331573,-3.594516120435775e-05,0.04477458276365729,0.08935100791500677,,POINT (-45.8580834 -23.2025115)
8167145022,-23.2012372,-45.8583722,3,0.010683760683760684,0.047930213381349035,0.00260235318859517,-0.00024808912831664995,0.04911160022240448,0.08935100791500677,,POINT (-45.8583722 -23.2012372)
8167145023,-23.2013742,-45.8582849,3,0.010683760683760684,0.04795519525009779,0.0001323133772572658,-0.0002454536983025975,0.050367314014983025,0.08935100791500677,,POINT (-45.8582849 -23.2013742)
8863783287,-23.2119048,-45.8490605,3,0.012820512820512822,0.06465694842363852,0.027206475869296545,0.0014738491480965784,0.04712616795262443,0.08935100791500677,,POINT (-45.8490605 -23.2119048)
8866552518,-23.2021984,-45.8610226,3,0.010683760683760684,0.05432619131249268,0.014292982573155805,0.0009662350983914323,0.049922511990700094,0.08935100791500677,,POINT (-45.8610226 -23.2021984)
8866552519,-23.2019441,-45.8608966,3,0.008547008547008548,0.051631222001592376,0.002166638292888192,0.00019858009400469198,0.04525313327859193,0.08935100791500677,,POINT (-45.8608966 -23.2019441)
8962304382,-23.1997062,-45.8598454,3,0.012820512820512822,0.049599373372958284,0.0026635642421543627,-0.00015734389556879526,0.044597923300504196,0.08935100791500677,,POINT (-45.8598454 -23.1997062)
8962304383,-23.1995802,-45.8599591,3,0.012820512820512822,0.04753401405602274,0.0015345078287330445,-0.00038444858699681933,0.043582031517265404,0.08935100791500677,,POINT (-45.8599591 -23.1995802)
8982529158,-23.2071148,-45.8501601,3,0.012820512820512822,0.062259329819216135,0.021240915419574534,0.003748801041617586,0.03950276767863314,0.08935100791500677,,POINT (-45.8501601 -23.2071148)
8982529159,-23.2065458,-45.8502777,3,0.012820512820512822,0.05863295794470916,0.007767258516723171,0.0034621364679816627,0.03136775075813152,0.08935100791500677,,POINT (-45.8502777 -23.2065458)
8982529165,-23.2065902,-45.8504413,3,0.012820512820512822,0.055445846454644815,0.004262828138631136,0.0029326525173976954,0.030321944159696527,0.08935100791500677,,POINT (-45.8504413 -23.2065902)
8982529166,-23.2071328,-45.8502404,3,0.012820512820512822,0.05867783010640154,0.0075284060834035745,0.00036631316531026174,0.03406811973450695,0.08935100791500677,,POINT (-45.8502404 -23.2071328)
8982529168,-23.2074685,-45.8508306,3,0.012820512820512822,0.05880534168914586,0.0029324956590670143,-0.00010216870901890739,0.021751297436562286,0.08935100791500677,,POINT (-45.8508306 -23.2074685)
8982529174,-23.2076701,-45.851062,3,0.012820512820512822,0.05953593736691964,0.004453268646255805,0.0001316317737878045,0.020485220246646237,0.08935100791500677,,POINT (-45.851062 -23.2076701)
8982881549,-23.2066407,-45.8506626,1,0.004273504273504274,0.05251531826874293,0.0,-0.0008382312768266578,0.0129602598066046,0.08935100791500677,,POINT (-45.8506626 -23.2066407)
8982881550,-23.2064879,-45.8500631,1,0.004273504273504274,0.05536577061429631,0.0,-0.0005995565941549589,0.013165928920727897,0.08935100791500677,,POINT (-45.8500631 -23.2064879)
8992284788,-23.2136133,-45.8461055,1,0.004273504273504274,0.052593367787148515,0.0,-0.00071284434741759,0.013141695098215707,0.08935100791500677,,POINT (-45.8461055 -23.2136133)
11294568358,-23.2107468,-45.8482138,3,0.010683760683760684,0.07036313674429306,0.030334100030418296,0.0032364277355594597,0.04628706933442108,0.08935100791500677,,POINT (-45.8482138 -23.2107468)
