osmid,y,x,street_count,dc,cc,nbc,com,highway,geometry
1446670989,-23.2140414,-45.8569489,4,0.012048192771084338,0.05758889852558543,0.004391477639490127,28.336573528475792,,POINT (-45.8569489 -23.2140414)
1446671007,-23.208997,-45.8575321,3,0.009036144578313254,0.07952095808383233,0.05893741448982297,23.33912572314443,,POINT (-45.8575321 -23.208997)
1446671022,-23.2107427,-45.8569899,3,0.012048192771084338,0.06293838862559242,0.04449103591232265,23.92758777837147,,POINT (-45.8569899 -23.2107427)
1446671028,-23.2098454,-45.8570945,3,0.009036144578313254,0.05615696887686062,0.0456985851424759,21.125538741578666,,POINT (-45.8570945 -23.2098454)
1453969591,-23.2012756,-45.8593589,3,0.012048192771084338,0.046420581655480984,0.005996796855094092,8.349102926537004,,POINT (-45.8593589 -23.2012756)
1453969592,-23.2016957,-45.8587385,3,0.01807228915662651,0.048658947676974935,0.01202089324063626,15.039902243329902,,POINT (-45.8587385 -23.2016957)
1453977246,-23.2043934,-45.8595671,4,0.012048192771084338,0.06334668956306048,0.022020200167272602,13.2388274941086,,POINT (-45.8595671 -23.2043934)
1453977252,-23.2060502,-45.8586613,3,0.01807228915662651,0.0667068515169781,0.03411229311946513,18.150915801597662,,POINT (-45.8586613 -23.2060502)
1453977291,-23.202825,-45.8583367,4,0.024096385542168676,0.056043214044564485,0.09262958954848867,29.080464744613355,,POINT (-45.8583367 -23.202825)
1453977294,-23.2018654,-45.8575353,3,0.012048192771084338,0.0476053914539719,0.004908771650594453,21.129209263843673,,POINT (-45.8575353 -23.2018654)
1453977295,-23.2014554,-45.8572117,3,0.01807228915662651,0.04782483434168827,0.004760232091948289,23.870426968907854,,POINT (-45.8572117 -23.2014554)
1453977296,-23.2006962,-45.856577,3,0.01807228915662651,0.047408253605597604,0.005443069166611197,25.38887628455526,,POINT (-45.856577 -23.2006962)
1453977301,-23.2036041,-45.8596371,3,0.012048192771084338,0.050873429359485134,0.01619165241266941,12.744415270940372,,POINT (-45.8596371 -23.2036041)
1453977303,-23.2025477,-45.8587901,3,0.01807228915662651,0.05351386202450032,0.06370000706824192,20.967202159624154,,POINT (-45.8587901 -23.2025477)
1453977304,-23.2018751,-45.8582457,3,0.01807228915662651,0.051329622758194186,0.03883558579689417,22.78823472724781,,POINT (-45.8582457 -23.2018751)
1453977306,-23.2013042,-45.8578124,4,0.024096385542168676,0.04947101773208166,0.02345034826895857,30.47552996155649,,POINT (-45.8578124 -23.2013042)
1453977308,-23.200408,-45.8571012,4,0.024096385542168676,0.047571285284424704,0.011715217938225428,27.66636332037716,,POINT (-45.8571012 -23.200408)
1453977314,-23.2015216,-45.8585927,3,0.01807228915662651,0.04703882119580618,0.002700573844247522,21.35560970415098,,POINT (-45.8585927 -23.2015216)
1453977323,-23.2045148,-45.8521257,3,0.01807228915662651,0.053035143769968054,0.006866468184626015,21.950805162580938,,POINT (-45.8521257 -23.2045148)
1453977329,-23.2000149,-45.8567843,1,0.006024096385542169,0.0454172366621067,0.0,9.283530324535738,,POINT (-45.8567843 -23.2000149)
1453977330,-23.2052802,-45.8570057,3,0.01807228915662651,0.0610967979389032,0.0072202287117148186,23.453146948634554,,POINT (-45.8570057 -23.2052802)
1453977331,-23.2022029,-45.8571401,3,0.012048192771084338,0.04936802973977695,0.009002683078752233,20.740543340389642,,POINT (-45.8571401 -23.2022029)
1453977333,-23.2064313,-45.8522207,3,0.01807228915662651,0.0574792243767313,0.004880937959974234,25.774751367280043,,POINT (-45.8522207 -23.2064313)
1453979232,-23.2032541,-45.8580947,3,0.01807228915662651,0.05377389050858439,0.010220915750550544,23.75574631691391,,POINT (-45.8580947 -23.2032541)
1453979234,-23.2025939,-45.8566703,3,0.01807228915662651,0.05176984250740683,0.012682111302905155,21.94972587535922,,POINT (-45.8566703 -23.2025939)
1453979238,-23.2037534,-45.8578272,3,0.01807228915662651,0.055826467126282156,0.009758394115900017,25.460320848945898,,POINT (-45.8578272 -23.2037534)
1453979239,-23.2029973,-45.8562027,3,0.01807228915662651,0.053695617014394306,0.01119747816814713,25.213627453038367,,POINT (-45.8562027 -23.2029973)
1453979243,-23.2033994,-45.8557231,4,0.024096385542168676,0.05638586956521739,0.01878447208532969,36.183652973418816,,POINT (-45.8557231 -23.2033994)
1453979249,-23.204768,-45.858645,3,0.01807228915662651,0.06377257011140991,0.06784964518425626,25.70653311683691,,POINT (-45.858645 -23.204768)
1453979250,-23.2023909,-45.8546211,4,0.024096385542168676,0.05148883374689826,0.01714436846003877,29.697979663216213,,POINT (-45.8546211 -23.2023909)
1453979257,-23.2047751,-45.8572779,3,0.01807228915662651,0.05838902567710166,0.0014664705254992321,25.45058853317865,,POINT (-45.8572779 -23.2047751)
1453979262,-23.2038243,-45.8552445,3,0.01807228915662651,0.05857445306986592,0.00906418671283896,26.003454727261225,,POINT (-45.8552445 -23.2038243)
1453987112,-23.2033421,-45.8587304,3,0.01807228915662651,0.058781869688385266,0.09480989281870165,25.57712320052922,,POINT (-45.8587304 -23.2033421)
1453987113,-23.2055327,-45.8575443,3,0.01807228915662651,0.06390760346487007,0.043965289505979804,26.3147352958328,,POINT (-45.8575443 -23.2055327)
1453987117,-23.2038477,-45.8591431,3,0.01807228915662651,0.061108043438247744,0.04653932302922196,20.544215035101235,,POINT (-45.8591431 -23.2038477)
1453987119,-23.2062838,-45.857816,3,0.01807228915662651,0.07030919102075392,0.16862190255889065,26.673208337027013,,POINT (-45.857816 -23.2062838)
1453987128,-23.2042407,-45.8547653,3,0.01807228915662651,0.061164333087693444,0.014103140874513816,26.014887187827956,,POINT (-45.8547653 -23.2042407)
1453987130,-23.2065026,-45.8596293,3,0.009036144578313254,0.07183037646040676,0.02858900918055489,10.985465416278785,,POINT (-45.8596293 -23.2065026)
1453987131,-23.2063243,-45.8592457,3,0.012048192771084338,0.06899418121363259,0.029787978558281643,10.838315251702996,,POINT (-45.8592457 -23.2063243)
1453987149,-23.2018734,-45.8540935,1,0.006024096385542169,0.04897477504056646,0.0,9.716737310659287,,POINT (-45.8540935 -23.2018734)
1453987150,-23.2027198,-45.8549598,3,0.01807228915662651,0.05391360831438779,0.02332532129238937,29.34519165332517,,POINT (-45.8549598 -23.2027198)
1453987151,-23.2010765,-45.8569075,3,0.01807228915662651,0.0494047619047619,0.009466371870010846,24.954019222803055,,POINT (-45.8569075 -23.2010765)
1453987165,-23.2030571,-45.8553072,4,0.024096385542168676,0.05649140718053429,0.056664236703700646,37.38581084762201,,POINT (-45.8553072 -23.2030571)
1453987174,-23.2022622,-45.8562382,3,0.01807228915662651,0.05382619974059663,0.018902504953459503,23.50804347105479,,POINT (-45.8562382 -23.2022622)
1453987175,-23.2020314,-45.8565086,1,0.006024096385542169,0.05108478227419603,0.0,7.958248039657271,,POINT (-45.8565086 -23.2020314)
1453987179,-23.2011453,-45.8551151,1,0.006024096385542169,0.04703882119580618,0.0,9.75463559974256,,POINT (-45.8551151 -23.2011453)
1453987183,-23.2069501,-45.8592497,3,0.012048192771084338,0.07518115942028986,0.03485886127330967,19.017109129232146,,POINT (-45.8592497 -23.2069501)
1453987185,-23.20465,-45.8542826,4,0.024096385542168676,0.061367837338262475,0.08063507978693937,36.893900921518025,,POINT (-45.8542826 -23.20465)
1453987188,-23.2043493,-45.8538015,4,0.024096385542168676,0.05887568717857776,0.0810777940676785,40.726785352369824,,POINT (-45.8538015 -23.2043493)
1453987190,-23.2040333,-45.8534374,3,0.01807228915662651,0.05597706963412578,0.02061209410877793,30.135760470907407,,POINT (-45.8534374 -23.2040333)
1453987194,-23.203213,-45.8526019,1,0.006024096385542169,0.05075676502063905,0.0,9.3179289303068,,POINT (-45.8526019 -23.203213)
1453987200,-23.2042336,-45.8518151,1,0.006024096385542169,0.05037171901077227,0.0,7.655180113525002,,POINT (-45.8518151 -23.2042336)
1453987203,-23.2052127,-45.8528025,4,0.024096385542168676,0.0583377262344052,0.02175754158727816,39.8205004196698,,POINT (-45.8528025 -23.2052127)
1453987206,-23.2054979,-45.8532924,4,0.024096385542168676,0.06066142883245021,0.035196973385767216,35.2799361767671,,POINT (-45.8532924 -23.2054979)
1453987210,-23.2073818,-45.8573253,4,0.024096385542168676,0.07590306355738455,0.1651978135354013,32.33532284698663,,POINT (-45.8573253 -23.2073818)
1453987212,-23.2077105,-45.8578184,4,0.024096385542168676,0.07929304991640793,0.3370337162877744,31.76585381222419,,POINT (-45.8578184 -23.2077105)
1453987215,-23.2080552,-45.8582902,3,0.012048192771084338,0.07844990548204159,0.059920576746098825,23.327822702858814,,POINT (-45.8582902 -23.2080552)
1453987228,-23.2060541,-45.8518351,3,0.01807228915662651,0.05538872205538872,0.0017590241892283893,29.101535281262176,,POINT (-45.8518351 -23.2060541)
1453987252,-23.209305,-45.8571516,4,0.015060240963855422,0.08205635195254572,0.37249605593227636,29.734901863724744,,POINT (-45.8571516 -23.209305)
1453990675,-23.2051016,-45.8566103,3,0.01807228915662651,0.06405556627435847,0.024999945086503834,25.342240388144976,,POINT (-45.8566103 -23.2051016)
1453990676,-23.2081686,-45.8549599,3,0.01807228915662651,0.06431615652847733,0.009952390679913301,24.23053052133184,,POINT (-45.8549599 -23.2081686)
1453990678,-23.205063,-45.8551821,3,0.01807228915662651,0.06403085824493732,0.06301176258898593,31.556103582846923,,POINT (-45.8551821 -23.205063)
1453990679,-23.2074872,-45.8538537,3,0.01807228915662651,0.05928571428571429,0.005608685781165967,24.205058748286124,,POINT (-45.8538537 -23.2074872)
1453990680,-23.2066779,-45.8586438,3,0.01807228915662651,0.07592042076377772,0.16992567631342362,23.310993823189232,,POINT (-45.8586438 -23.2066779)
1453990681,-23.2090675,-45.8567195,3,0.01807228915662651,0.08064124362399806,0.3491893751055103,24.76157562804116,,POINT (-45.8567195 -23.2090675)
1453990682,-23.2064096,-45.8580812,3,0.01807228915662651,0.07319223985890652,0.1674147141558646,23.73433914838967,,POINT (-45.8580812 -23.2064096)
1453990683,-23.2087967,-45.8561702,3,0.01807228915662651,0.07385984427141268,0.023262925719696976,22.767619410510044,,POINT (-45.8561702 -23.2087967)
1453990684,-23.2068817,-45.8577039,3,0.01807228915662651,0.0731116494164281,0.14796107788604276,28.041807031221346,,POINT (-45.8577039 -23.2068817)
1453990686,-23.207151,-45.8568478,3,0.01807228915662651,0.07086446104589114,0.010566271733091138,24.23650190044465,,POINT (-45.8568478 -23.207151)
1453990687,-23.2087069,-45.8560003,3,0.01807228915662651,0.06915225994584462,0.016868710129795152,21.832354221197956,,POINT (-45.8560003 -23.2087069)
1453990688,-23.2069008,-45.856314,3,0.01807228915662651,0.06804673088747694,0.0065084646928505385,24.51791764603291,,POINT (-45.856314 -23.2069008)
1453990689,-23.2084417,-45.8554694,3,0.01807228915662651,0.06646646646646646,0.013168790406857625,22.101536366766982,,POINT (-45.8554694 -23.2084417)
1453990690,-23.2050771,-45.8538011,3,0.01807228915662651,0.06378482228626321,0.05789609041105689,31.505903974118098,,POINT (-45.8538011 -23.2050771)
1453990692,-23.206372,-45.8551915,3,0.01807228915662651,0.06228893058161351,0.0011294950171301518,27.079795613314175,,POINT (-45.8551915 -23.206372)
1453990693,-23.2078389,-45.854415,3,0.01807228915662651,0.06101819518470869,0.004659576111748715,23.163395438971385,,POINT (-45.854415 -23.2078389)
1453990694,-23.2058613,-45.8540883,3,0.01807228915662651,0.05962643678160919,0.006241685457123345,24.586604958601914,,POINT (-45.8540883 -23.2058613)
1453990695,-23.2071701,-45.8533629,3,0.01807228915662651,0.056606990622335894,0.0030494871660347164,22.203624635055355,,POINT (-45.8533629 -23.2071701)
1453990699,-23.2056103,-45.8535393,3,0.01807228915662651,0.05739972337482711,0.0031501103998910996,24.85741161672762,,POINT (-45.8535393 -23.2056103)
1453990700,-23.2068494,-45.8528467,3,0.01807228915662651,0.054596283506002305,0.0012940550149810152,22.485295945612457,,POINT (-45.8528467 -23.2068494)
1454006732,-23.209641,-45.8569025,3,0.009036144578313254,0.07957813998082454,0.21299642685658582,23.658626932791485,,POINT (-45.8569025 -23.209641)
1454006734,-23.2101369,-45.8561957,3,0.009036144578313254,0.08060208788540908,0.2274033599664272,25.126700353189552,,POINT (-45.8561957 -23.2101369)
1454006735,-23.2103783,-45.8558198,4,0.012048192771084338,0.07467386414754835,0.22737606043597913,35.15882269880781,,POINT (-45.8558198 -23.2103783)
1454006737,-23.2106256,-45.8555415,3,0.012048192771084338,0.08320802005012531,0.13370743199856205,30.548546224129826,,POINT (-45.8555415 -23.2106256)
1454006738,-23.2117353,-45.8545376,3,0.01807228915662651,0.07576449109995435,0.08469090987704099,22.119654757573215,,POINT (-45.8545376 -23.2117353)
1454006744,-23.2099786,-45.8560786,3,0.009036144578313254,0.07309555261999119,0.1814135798325052,24.309513091318045,,POINT (-45.8560786 -23.2099786)
1454006745,-23.2099582,-45.855503,3,0.012048192771084338,0.08087697929354445,0.20619393066646607,22.753240400640557,,POINT (-45.855503 -23.2099582)
1454006760,-23.2101163,-45.8556745,4,0.012048192771084338,0.07699443413729128,0.17086566224831554,31.387479360014108,,POINT (-45.8556745 -23.2101163)
1454006763,-23.2103103,-45.8556773,3,0.009036144578313254,0.07678075855689177,0.0953662496151944,29.7717493849702,,POINT (-45.8556773 -23.2103103)
1454006767,-23.210222,-45.8553087,3,0.012048192771084338,0.08075893943079543,0.08137304382888694,27.730756069448145,,POINT (-45.8553087 -23.210222)
1454006785,-23.2112599,-45.8526658,3,0.012048192771084338,0.07175275556516102,0.027487585698374468,21.063684706335945,,POINT (-45.8526658 -23.2112599)
1454006787,-23.2115503,-45.8518511,3,0.012048192771084338,0.06866597724922441,0.016621523958272766,21.10178858299101,,POINT (-45.8518511 -23.2115503)
1454006788,-23.2121613,-45.8496187,3,0.01807228915662651,0.076007326007326,0.04431582498604517,26.641553471032307,,POINT (-45.8496187 -23.2121613)
1454008398,-23.210729,-45.848026,3,0.009036144578313254,0.0707436607713616,0.01504862811202816,20.998562947899142,,POINT (-45.848026 -23.210729)
1454008399,-23.2107629,-45.8481288,3,0.012048192771084338,0.07841284837033538,0.02289766217132801,21.2947353863681,,POINT (-45.8481288 -23.2107629)
1454008400,-23.2108527,-45.8480851,3,0.012048192771084338,0.07679851954661115,0.0110890777066632,20.715740567410375,,POINT (-45.8480851 -23.2108527)
1454008401,-23.2107849,-45.8479871,3,0.009036144578313254,0.07136715391229578,0.007343828993627955,20.907124623992665,,POINT (-45.8479871 -23.2107849)
1454008402,-23.2106263,-45.847635,4,0.024096385542168676,0.07706592386258125,0.21891966133083868,29.024514073865593,,POINT (-45.847635 -23.2106263)
1454008412,-23.2093152,-45.8530138,3,0.01807228915662651,0.0779159821638113,0.21180216300760313,18.234334086288708,,POINT (-45.8530138 -23.2093152)
1454008413,-23.2112141,-45.8529603,3,0.01807228915662651,0.07683406618838232,0.043443576487329785,24.578709734953335,,POINT (-45.8529603 -23.2112141)
1454008414,-23.2096016,-45.8527484,3,0.01807228915662651,0.08281366924420056,0.08102562260765708,27.436874214592816,,POINT (-45.8527484 -23.2096016)
1454011088,-23.2081667,-45.8486362,3,0.01807228915662651,0.07440609592111161,0.03507935511994039,22.664061940355744,,POINT (-45.8486362 -23.2081667)
1454011089,-23.2099513,-45.8506892,3,0.01807228915662651,0.07713754646840149,0.19713423378083456,22.583814677553143,,POINT (-45.8506892 -23.2099513)
1454011096,-23.2112869,-45.8481896,3,0.01807228915662651,0.08189442525900345,0.15345017306289319,23.934018377427122,,POINT (-45.8481896 -23.2112869)
1454012659,-23.2108463,-45.8503877,4,0.024096385542168676,0.08525937339496661,0.1418844337819498,40.16079299381983,,POINT (-45.8503877 -23.2108463)
1454012664,-23.2101303,-45.8528205,4,0.024096385542168676,0.08517188301693177,0.17466580760740993,39.84077465925385,,POINT (-45.8528205 -23.2101303)
1454012686,-23.210898,-45.8552934,4,0.024096385542168676,0.08517188301693177,0.19107064123216844,35.24116129849508,,POINT (-45.8552934 -23.210898)
1454012689,-23.2113075,-45.8549289,3,0.01807228915662651,0.0798076923076923,0.0809104092151099,25.493156840589698,,POINT (-45.8549289 -23.2113075)
1454012726,-23.2106666,-45.8528867,4,0.024096385542168676,0.08119344583027635,0.0884118545896185,37.46476394492865,,POINT (-45.8528867 -23.2106666)
1454012743,-23.2113665,-45.8505721,4,0.024096385542168676,0.08133268005879471,0.09929077067037713,40.3281232963728,,POINT (-45.8505721 -23.2113665)
1454012745,-23.2116363,-45.8493341,3,0.01807228915662651,0.07948288245152023,0.01988551002398571,28.38668535239632,,POINT (-45.8493341 -23.2116363)
1454012747,-23.2117717,-45.8487518,3,0.01807228915662651,0.07786116322701689,0.04668791585274894,21.60423595307882,,POINT (-45.8487518 -23.2117717)
1454012796,-23.2118831,-45.8507258,4,0.024096385542168676,0.07726320688852688,0.08006657945645004,35.87254518100844,,POINT (-45.8507258 -23.2118831)
1454012811,-23.2103089,-45.850216,3,0.01807228915662651,0.08293779665251062,0.03367315561154534,26.99502973630087,,POINT (-45.850216 -23.2103089)
1454012823,-23.2105823,-45.8490845,3,0.01807228915662651,0.08115375213884136,0.026507633386574848,24.936092906801477,,POINT (-45.8490845 -23.2105823)
1454017530,-23.2120341,-45.8535937,3,0.01807228915662651,0.06804673088747694,0.006762548684162637,20.517997363941504,,POINT (-45.8535937 -23.2120341)
1454017531,-23.2136079,-45.8527623,3,0.01807228915662651,0.06880829015544042,0.06477128749454589,20.791875391490535,,POINT (-45.8527623 -23.2136079)
1454017532,-23.2118068,-45.8530963,3,0.01807228915662651,0.06548323471400394,0.0035365458380782603,21.258647874961795,,POINT (-45.8530963 -23.2118068)
1454017533,-23.2133955,-45.8522986,3,0.01807228915662651,0.0674522551808208,0.06431638483641554,22.62032683497682,,POINT (-45.8522986 -23.2133955)
1454017534,-23.2116016,-45.8526369,3,0.01807228915662651,0.06572955850326669,0.010225270110202574,22.608701817326857,,POINT (-45.8526369 -23.2116016)
1454017536,-23.2131735,-45.8518077,4,0.024096385542168676,0.06796315250767657,0.12379170065558232,28.523342755507688,,POINT (-45.8518077 -23.2131735)
1454017537,-23.2129576,-45.8513332,3,0.01807228915662651,0.06869439271673909,0.06986799638324317,23.24416233605192,,POINT (-45.8513332 -23.2129576)
1454017538,-23.2117188,-45.8513896,3,0.01807228915662651,0.07346758132330161,0.03992131782838412,24.787978096004444,,POINT (-45.8513896 -23.2117188)
1454017540,-23.2127462,-45.8508729,3,0.01807228915662651,0.07170626349892009,0.06895504572235822,24.220413144453577,,POINT (-45.8508729 -23.2127462)
1454017543,-23.2125256,-45.8503858,4,0.024096385542168676,0.07509613209681068,0.07636839358620899,30.509817672725273,,POINT (-45.8503858 -23.2125256)
1454017553,-23.2129178,-45.8499691,3,0.01807228915662651,0.0699831365935919,0.02376879117679176,13.60175600917234,,POINT (-45.8499691 -23.2129178)
1454017557,-23.2132917,-45.8497379,3,0.01807228915662651,0.06549615308739397,0.01788119244348997,9.760048129700662,,POINT (-45.8497379 -23.2132917)
1454017559,-23.2137124,-45.8495151,3,0.01807228915662651,0.061527057079318014,0.0119753940232228,10.632937903499093,,POINT (-45.8495151 -23.2137124)
1454017561,-23.214089,-45.8493069,3,0.01807228915662651,0.057971014492753624,0.0,8.769722866663633,,POINT (-45.8493069 -23.214089)
1454017575,-23.2131911,-45.8484467,1,0.006024096385542169,0.057971014492753624,0.0,5.228021731259752,turning_circle,POINT (-45.8484467 -23.2131911)
1454017582,-23.2159663,-45.85022,3,0.01807228915662651,0.06498336269328636,0.11350567904245862,21.28965177350206,,POINT (-45.85022 -23.2159663)
1454017584,-23.2165405,-45.8512413,4,0.012048192771084338,0.05098280098280098,0.018530560618456794,32.081496313623205,,POINT (-45.8512413 -23.2165405)
1454017585,-23.2170402,-45.8510206,3,0.01807228915662651,0.056309362279511534,0.025999337449612966,18.60192159433192,,POINT (-45.8510206 -23.2170402)
1454017586,-23.2175102,-45.8507534,3,0.012048192771084338,0.05437274811660662,0.002743180090029724,12.261019835909982,,POINT (-45.8507534 -23.2175102)
1454017590,-23.2146357,-45.8489594,1,0.006024096385542169,0.054578333059345716,0.0,6.193428571896135,turning_circle,POINT (-45.8489594 -23.2146357)
1454017591,-23.2151793,-45.8486543,3,0.01807228915662651,0.057719054242002785,0.010134770126398268,14.822139176938165,,POINT (-45.8486543 -23.2151793)
1454017592,-23.2156703,-45.8483879,3,0.01807228915662651,0.05920114122681883,0.018039651879072204,18.609604624329336,,POINT (-45.8483879 -23.2156703)
1454017594,-23.216338,-45.8483853,3,0.01807228915662651,0.0585951288386869,0.034659605066076384,19.02106983950324,,POINT (-45.8483853 -23.216338)
1454017595,-23.2170215,-45.8484751,3,0.01807228915662651,0.05913786961168507,0.07022433805307862,16.655275159332312,,POINT (-45.8484751 -23.2170215)
1454017596,-23.2177004,-45.8485504,4,0.012048192771084338,0.06108555657773689,0.0727190742345254,10.332014437674502,,POINT (-45.8485504 -23.2177004)
1454017599,-23.2162348,-45.850754,3,0.01807228915662651,0.05888612983327421,0.04746233147264504,17.387824551194278,,POINT (-45.850754 -23.2162348)
1454017600,-23.2156987,-45.8496876,3,0.01807228915662651,0.06173298624023801,0.03246518937304778,16.211089096155224,,POINT (-45.8496876 -23.2156987)
1454017601,-23.2154306,-45.8491543,3,0.01807228915662651,0.05840957072484166,0.01275747501587417,14.689754469132236,,POINT (-45.8491543 -23.2154306)
1454017604,-23.2152054,-45.8512914,1,0.006024096385542169,0.05562070698609482,0.0,6.673277115636409,turning_circle,POINT (-45.8512914 -23.2152054)
1454017605,-23.2148857,-45.8501256,1,0.006024096385542169,0.0581537922578385,0.0,6.466297754074069,turning_circle,POINT (-45.8501256 -23.2148857)
1454017606,-23.2147478,-45.8495084,1,0.006024096385542169,0.05519534497090607,0.0,6.169544090174977,turning_circle,POINT (-45.8495084 -23.2147478)
1454021527,-23.2156402,-45.8495713,3,0.01807228915662651,0.06069469835466179,0.025791892032549914,17.8786635730422,,POINT (-45.8495713 -23.2156402)
1454021529,-23.2161387,-45.8492883,3,0.01807228915662651,0.06010137581462708,0.011886247876296033,19.358161751506678,,POINT (-45.8492883 -23.2161387)
1454021533,-23.2160473,-45.8503811,3,0.01807228915662651,0.06218392957482675,0.0864094991489768,19.659808529963428,,POINT (-45.8503811 -23.2160473)
1454021539,-23.2165566,-45.8500914,3,0.01807228915662651,0.06132249722940525,0.04507245657213419,19.84142481392126,,POINT (-45.8500914 -23.2165566)
1454021548,-23.2175643,-45.849561,3,0.012048192771084338,0.054010086220920774,0.004686908930620939,10.43431830708408,,POINT (-45.849561 -23.2175643)
1454021550,-23.217082,-45.8498884,3,0.01807228915662651,0.05838902567710166,0.027170969964723648,18.678333325129834,,POINT (-45.8498884 -23.217082)
1454021551,-23.2171159,-45.8499569,3,0.01807228915662651,0.05536101384025346,0.006549274473691185,15.185856229236048,,POINT (-45.8499569 -23.2171159)
1454021553,-23.2176163,-45.849665,3,0.012048192771084338,0.05455142951035163,0.0031388393452965913,10.131496964525498,,POINT (-45.849665 -23.2176163)
1454021561,-23.2165992,-45.8501732,3,0.01807228915662651,0.0593174915133107,0.036460558353737973,19.416353453831977,,POINT (-45.8501732 -23.2165992)
1454021562,-23.2168068,-45.8493325,3,0.01807228915662651,0.05764889737801702,0.024050679896339085,19.03315791268389,,POINT (-45.8493325 -23.2168068)
1454021563,-23.2172949,-45.8490372,3,0.01807228915662651,0.0568882796435915,0.032473559568263234,16.67162172675295,,POINT (-45.8490372 -23.2172949)
1454021572,-23.2162609,-45.8495231,3,0.01807228915662651,0.060330728693439944,0.02189416618116474,19.8638498153385,,POINT (-45.8495231 -23.2162609)
1454021582,-23.2167481,-45.8492139,3,0.01807228915662651,0.05942366207266869,0.018781620026310977,19.678508018567534,,POINT (-45.8492139 -23.2167481)
1454021591,-23.2173348,-45.8477721,3,0.012048192771084338,0.06331045003813883,0.07614581529457908,9.618680460583112,,POINT (-45.8477721 -23.2173348)
1454021600,-23.2110361,-45.8481239,3,0.01807228915662651,0.0803096274794388,0.15366422390142073,21.641059817157323,,POINT (-45.8481239 -23.2110361)
1454021651,-23.2164465,-45.8512923,4,0.012048192771084338,0.0532051282051282,0.04669720016238622,31.931771814647675,,POINT (-45.8512923 -23.2164465)
1454021656,-23.2162393,-45.8516256,3,0.009036144578313254,0.042449814601713334,0.006835499096082213,18.100059229537294,,POINT (-45.8516256 -23.2162393)
1454021673,-23.2165742,-45.8552113,3,0.006024096385542169,0.0,0.0,12.915961491228424,,POINT (-45.8552113 -23.2165742)
1454044923,-23.2102514,-45.8572045,3,0.006024096385542169,0.0,0.0,11.47724565326771,,POINT (-45.8572045 -23.2102514)
1454044940,-23.210246,-45.8569939,3,0.009036144578313254,0.05938114827401181,0.045725884672923975,18.704199834535096,,POINT (-45.8569939 -23.210246)
1454044963,-23.2153668,-45.8561979,3,0.012048192771084338,0.06481843030066381,0.045538238581373895,24.267711741584982,,POINT (-45.8561979 -23.2153668)
1454044968,-23.2143757,-45.8567663,3,0.009036144578313254,0.06091743119266055,0.006239293896266195,24.369679073544855,,POINT (-45.8567663 -23.2143757)
1454044977,-23.2136871,-45.8565488,4,0.021084337349397592,0.06395684839144673,0.012397191928726636,37.32273825929131,,POINT (-45.8565488 -23.2136871)
1454044978,-23.2107636,-45.8564079,4,0.024096385542168676,0.06700302724520686,0.04581715604126202,32.769369373712465,,POINT (-45.8564079 -23.2107636)
1454044981,-23.2136478,-45.8571112,3,0.012048192771084338,0.060199456029011784,0.006327055711183658,27.358882470860564,,POINT (-45.8571112 -23.2136478)
1454044982,-23.2137576,-45.8547733,3,0.01807228915662651,0.0667470848411741,0.0,13.780292933137673,,POINT (-45.8547733 -23.2137576)
1454044989,-23.2122034,-45.8570548,3,0.012048192771084338,0.06298615063555303,0.00742377790816793,26.635185147111862,,POINT (-45.8570548 -23.2122034)
1454044991,-23.2122635,-45.8555472,3,0.01807228915662651,0.07571265678449259,0.09250069933496063,25.167660251960335,,POINT (-45.8555472 -23.2122635)
1454045008,-23.2122748,-45.8553104,3,0.01807228915662651,0.07094017094017094,0.009534512673048692,19.55925157914525,,POINT (-45.8553104 -23.2122748)
1454045031,-23.2112148,-45.85539,3,0.01807228915662651,0.08050436469447139,0.0942450634985637,25.635950066357903,,POINT (-45.85539 -23.2112148)
1454047338,-23.2117146,-45.8445979,3,0.012048192771084338,0.07122934992490881,0.30508135260073527,18.5819140639211,,POINT (-45.8445979 -23.2117146)
1454047376,-23.2126211,-45.8433694,3,0.009036144578313254,0.05657805044308112,0.1552251301277618,18.851619987272713,,POINT (-45.8433694 -23.2126211)
1454047425,-23.2124044,-45.8438039,3,0.012048192771084338,0.05110837438423645,0.15932915953845594,16.966771425557557,,POINT (-45.8438039 -23.2124044)
1454052675,-23.2127277,-45.8435389,3,0.009036144578313254,0.06385843431429121,0.156726604302406,20.18102103722112,,POINT (-45.8435389 -23.2127277)
1454052681,-23.2129258,-45.8435948,3,0.012048192771084338,0.06337087230387478,0.1976898097352725,20.921550885797267,,POINT (-45.8435948 -23.2129258)
1454052692,-23.212761,-45.8434583,3,0.009036144578313254,0.06289069899602197,0.13653886153158162,20.198575065741988,,POINT (-45.8434583 -23.212761)
1454052710,-23.2139327,-45.8441808,3,0.012048192771084338,0.05465920316101416,0.02232967259629801,21.03886473003231,,POINT (-45.8441808 -23.2139327)
1454052711,-23.214108,-45.8442696,3,0.009036144578313254,0.051931800406694824,0.011516155255462941,20.33508249128858,,POINT (-45.8442696 -23.214108)
1454052712,-23.2141586,-45.8442871,3,0.009036144578313254,0.0494047619047619,0.011488855725014865,20.25791264963814,,POINT (-45.8442871 -23.2141586)
1454052716,-23.214463,-45.844248,3,0.012048192771084338,0.047804175665946726,0.0032582639578599285,20.57781348788842,,POINT (-45.844248 -23.214463)
1454052731,-23.214113,-45.8442183,3,0.009036144578313254,0.04569226534544454,0.006114964822605053,20.424925371554963,,POINT (-45.8442183 -23.214113)
1454052732,-23.2141227,-45.8442099,3,0.009036144578313254,0.04784551088053034,0.006142264353053129,20.809170967171685,,POINT (-45.8442099 -23.2141227)
1454052733,-23.2141769,-45.8442263,3,0.009036144578313254,0.045454545454545456,0.0065404475043029245,20.798023476949552,,POINT (-45.8442263 -23.2141769)
1454052750,-23.2142172,-45.8440351,3,0.012048192771084338,0.05015863423477867,0.012358410768668114,22.56127194206669,,POINT (-45.8440351 -23.2142172)
1454052757,-23.2141809,-45.8442382,3,0.009036144578313254,0.047584921886197507,0.006567747034751001,20.33660803968239,,POINT (-45.8442382 -23.2141809)
1454052767,-23.215828,-45.8437834,3,0.012048192771084338,0.04590073275266141,0.023482146107086956,20.520354711968697,,POINT (-45.8437834 -23.215828)
1454052772,-23.2160525,-45.8437499,3,0.009036144578313254,0.04396768639915243,0.014964692607287155,19.97058709971746,,POINT (-45.8437499 -23.2160525)
1454052778,-23.2161252,-45.8437246,3,0.009036144578313254,0.04214267580604214,0.014937393076839079,18.883540615522477,,POINT (-45.8437246 -23.2161252)
1454052784,-23.21634,-45.84366,3,0.012048192771084338,0.04050262291082103,0.005996796855094092,15.872911236365928,,POINT (-45.84366 -23.21634)
1454052794,-23.2160183,-45.8436683,3,0.009036144578313254,0.04388631857237277,0.003225894514614349,20.252802249880496,,POINT (-45.8436683 -23.2160183)
1454052801,-23.2160971,-45.8436301,3,0.009036144578313254,0.03896713615023474,0.014828194955046774,20.391697107739393,,POINT (-45.8436301 -23.2160971)
1454052817,-23.2161129,-45.8436404,3,0.009036144578313254,0.04052239716831441,0.01485549448549485,18.95497486992317,,POINT (-45.8436404 -23.2161129)
1454052828,-23.216044,-45.8434693,3,0.012048192771084338,0.04799768685846465,0.023372947985294653,21.926471301299305,,POINT (-45.8434693 -23.216044)
1454052866,-23.2153889,-45.8409662,3,0.012048192771084338,0.055039787798408485,0.03371921002958749,22.781428314186666,,POINT (-45.8409662 -23.2153889)
1454060955,-23.2133262,-45.841706,3,0.012048192771084338,0.04876615746180964,0.042496269064172094,17.66846426795685,,POINT (-45.841706 -23.2133262)
1454060964,-23.2151818,-45.8407967,4,0.009036144578313254,0.045379989065062874,0.023736681729074272,17.435174465060197,,POINT (-45.8407967 -23.2151818)
1454060966,-23.2155301,-45.8407074,3,0.009036144578313254,0.0475032193446845,0.023763981259522348,17.18231268769108,,POINT (-45.8407074 -23.2155301)
1454060972,-23.2158608,-45.8406355,4,0.015060240963855422,0.0475032193446845,0.006024096385542169,16.719168765407098,,POINT (-45.8406355 -23.2158608)
1454061025,-23.2151731,-45.8409228,3,0.009036144578313254,0.05377389050858439,0.004722818767517198,19.97914776894482,,POINT (-45.8409228 -23.2151731)
1454061043,-23.2155342,-45.8408437,3,0.012048192771084338,0.05237419151285692,0.02695802632194726,19.35530067783078,,POINT (-45.8408437 -23.2155342)
1454061047,-23.2155607,-45.8407947,3,0.009036144578313254,0.04979004199160168,0.01797648080453016,18.600292184137064,,POINT (-45.8407947 -23.2155607)
1454061088,-23.2159366,-45.840835,3,0.01807228915662651,0.04983488441909337,0.00902704473483056,15.44876110918331,,POINT (-45.840835 -23.2159366)
1454061106,-23.2169198,-45.8403945,1,0.006024096385542169,0.04747604747604747,0.0,6.311964680604356,turning_circle,POINT (-45.8403945 -23.2169198)
1454061109,-23.2171993,-45.8409181,1,0.006024096385542169,0.049648571855839686,0.0,6.713299473383379,turning_circle,POINT (-45.8409181 -23.2171993)
1454061111,-23.216665,-45.8414412,3,0.01807228915662651,0.05223410950283197,0.005996796855094092,17.634287521598466,,POINT (-45.8414412 -23.216665)
1454061125,-23.2164974,-45.841635,3,0.01807228915662651,0.05244037276891486,0.0011690265594098447,23.22479885235317,,POINT (-45.841635 -23.2164974)
1454061142,-23.2136448,-45.8440208,3,0.01807228915662651,0.05766892478721557,0.08209900456378827,24.24197003968063,,POINT (-45.8440208 -23.2136448)
1454061151,-23.2131636,-45.8437309,3,0.01807228915662651,0.060583941605839416,0.19387454869109577,23.948583235834725,,POINT (-45.8437309 -23.2131636)
1454061177,-23.2154606,-45.8414461,4,0.024096385542168676,0.057950776749869086,0.11031475925280684,31.631929813244874,,POINT (-45.8414461 -23.2154606)
1454061179,-23.2164272,-45.8414689,3,0.01807228915662651,0.0548397753551371,0.012845035732051993,22.94750963853413,,POINT (-45.8414689 -23.2164272)
1454061211,-23.2147707,-45.8441401,3,0.01807228915662651,0.048032407407407406,0.03519264801978738,21.941327283139966,,POINT (-45.8441401 -23.2147707)
1454061244,-23.2175782,-45.8421511,1,0.006024096385542169,0.047914561985856544,0.0,9.037564027147639,turning_circle,POINT (-45.8421511 -23.2175782)
1454061261,-23.2156652,-45.842574,4,0.024096385542168676,0.052723519136096554,0.10255657936016833,28.7718563481052,,POINT (-45.842574 -23.2156652)
1454061284,-23.2173881,-45.8415126,1,0.006024096385542169,0.05009052504526252,0.0,9.575412576928649,turning_circle,POINT (-45.8415126 -23.2173881)
1454061305,-23.2178307,-45.8426844,1,0.006024096385542169,0.038930581613508444,0.0,6.396370112060731,turning_circle,POINT (-45.8426844 -23.2178307)
1454067830,-23.2146425,-45.8408859,3,0.006024096385542169,0.043455497382198956,0.020802242201434135,12.59034762065717,,POINT (-45.8408859 -23.2146425)
1454067838,-23.2139775,-45.8412058,4,0.012048192771084338,0.05366957646298093,0.04350635169075092,17.585234159756517,,POINT (-45.8412058 -23.2139775)
1454067867,-23.2134736,-45.8402262,1,0.006024096385542169,0.046511627906976744,0.0,6.331370803447462,turning_circle,POINT (-45.8402262 -23.2134736)
1454067877,-23.2128593,-45.8405741,1,0.006024096385542169,0.04456375838926174,0.0,6.355981887550504,,POINT (-45.8405741 -23.2128593)
1454067932,-23.210621,-45.8425219,3,0.012048192771084338,0.048658947676974935,0.011957194336257417,9.681337460026462,,POINT (-45.8425219 -23.210621)
1454185783,-23.2106983,-45.8478145,3,0.012048192771084338,0.07435610302351624,0.021474506783290517,22.68049160768649,,POINT (-45.8478145 -23.2106983)
1454203444,-23.215559,-45.8420206,4,0.024096385542168676,0.05527805527805528,0.11117018787276796,33.03384453906192,,POINT (-45.8420206 -23.215559)
1454203501,-23.2158977,-45.843138,4,0.024096385542168676,0.050318278266141256,0.07478910029414164,26.329103787940653,,POINT (-45.843138 -23.2158977)
1454248242,-23.2055891,-45.8563362,4,0.024096385542168676,0.06720647773279352,0.07704638262124801,35.489387684322296,,POINT (-45.8563362 -23.2055891)
2024367581,-23.2010985,-45.8597549,4,0.006024096385542169,0.0443672323934251,0.0,4.368769878646906,,POINT (-45.8597549 -23.2010985)
2024367591,-23.2042631,-45.8575499,4,0.024096385542168676,0.05864688217629394,0.024475220506635177,35.523487258263806,,POINT (-45.8575499 -23.2042631)
2024367592,-23.2045128,-45.8580922,4,0.024096385542168676,0.06124331304187419,0.07818476168241766,33.72580808709846,,POINT (-45.8580922 -23.2045128)
2024367597,-23.2057838,-45.8580931,4,0.024096385542168676,0.06684115160056373,0.12985810574097392,29.825132726897923,,POINT (-45.8580931 -23.2057838)
2061113646,-23.2015928,-45.8555553,4,0.024096385542168676,0.04935335216292552,0.013972864624090808,29.83678118465042,,POINT (-45.8555553 -23.2015928)
2061113647,-23.2019377,-45.855893,4,0.024096385542168676,0.051568810189499846,0.022235365482580746,32.384511638206696,,POINT (-45.855893 -23.2019377)
2061113648,-23.2055854,-45.8548991,4,0.024096385542168676,0.06666666666666667,0.10446867799460684,38.640897011880675,,POINT (-45.8548991 -23.2055854)
2061113649,-23.2061036,-45.8546189,4,0.024096385542168676,0.06274806274806274,0.018469335075047548,33.781973072613525,,POINT (-45.8546189 -23.2061036)
2061113650,-23.2061022,-45.8560564,4,0.024096385542168676,0.07011615628299894,0.14991289599480698,39.023248119491264,,POINT (-45.8560564 -23.2061022)
2061113651,-23.2066469,-45.8557642,4,0.024096385542168676,0.06579468886246533,0.01109997283863709,33.928714594590936,,POINT (-45.8557642 -23.2066469)
2061113653,-23.2122203,-45.8564832,4,0.024096385542168676,0.0670842594463528,0.014735790412497597,38.849032741974895,,POINT (-45.8564832 -23.2122203)
2061113654,-23.2122506,-45.8558771,4,0.024096385542168676,0.07159801595859391,0.10111164109614287,38.35006017820757,,POINT (-45.8558771 -23.2122506)
2061113655,-23.2137145,-45.8559729,4,0.024096385542168676,0.06804673088747694,0.058392228633564934,35.75305452887241,,POINT (-45.8559729 -23.2137145)
2061113656,-23.2137419,-45.8553726,4,0.024096385542168676,0.06739748274462039,0.0013071925162887199,21.730395666744393,,POINT (-45.8553726 -23.2137419)
2061117199,-23.2111054,-45.8491996,4,0.024096385542168676,0.08335425558624153,0.1183948563899223,34.39648650413527,,POINT (-45.8491996 -23.2111054)
2061127780,-23.2036987,-45.8531043,4,0.024096385542168676,0.053462157809983896,0.017650334889123393,28.041912786756168,,POINT (-45.8531043 -23.2036987)
2061127781,-23.2048574,-45.8524548,4,0.024096385542168676,0.05550911218859723,0.011877420120138643,35.108624043206525,,POINT (-45.8524548 -23.2048574)
3178889265,-23.2140118,-45.85673,3,0.009036144578313254,0.05760888426166927,0.0035163690728191492,26.931950780587293,,POINT (-45.85673 -23.2140118)
3178889269,-23.2139815,-45.8570928,3,0.006024096385542169,0.0030120481927710845,0.0001622805421080091,13.431665018487148,,POINT (-45.8570928 -23.2139815)
3179135092,-23.2111445,-45.855078,3,0.01807228915662651,0.08127294981640147,0.06998421858025868,25.68293272002467,,POINT (-45.855078 -23.2111445)
3179135096,-23.2104304,-45.8556307,4,0.012048192771084338,0.07919847328244274,0.014158813537830054,35.616871027094774,,POINT (-45.8556307 -23.2104304)
3179135102,-23.209979,-45.8558133,3,0.009036144578313254,0.07876631079478054,0.18144087936295325,24.17820572151265,,POINT (-45.8558133 -23.209979)
3179135113,-23.2116926,-45.849041,3,0.01807228915662651,0.07614678899082569,0.0016627147346398976,22.372087535528788,,POINT (-45.849041 -23.2116926)
3179135115,-23.2116847,-45.8520066,3,0.012048192771084338,0.06441598758246023,0.012688313579188254,20.81038141056344,,POINT (-45.8520066 -23.2116847)
3179135118,-23.2113226,-45.8524109,3,0.009036144578313254,0.057251250215554404,0.01310884452787412,20.3138538214516,,POINT (-45.8524109 -23.2113226)
3179135121,-23.211374,-45.8524543,3,0.009036144578313254,0.06771364470732205,0.012609753263759025,20.40530691750039,,POINT (-45.8524543 -23.211374)
3179135123,-23.2114268,-45.8523221,3,0.009036144578313254,0.06259426847662142,0.010287438056065435,20.21656888626644,,POINT (-45.8523221 -23.2114268)
3179135131,-23.2113627,-45.8523108,3,0.009036144578313254,0.060683604459879366,0.0131361440583222,20.147146959197773,,POINT (-45.8523108 -23.2113627)
3179135137,-23.2114432,-45.852053,3,0.009036144578313254,0.06059499908742471,0.007902304080369817,20.134719657647366,,POINT (-45.852053 -23.2114432)
3179135142,-23.211551,-45.8519945,3,0.009036144578313254,0.06071689831748354,0.004672302818209708,20.280503177041123,,POINT (-45.8519945 -23.211551)
3179135143,-23.2115411,-45.8519745,3,0.009036144578313254,0.05729076790336497,0.004645003287761632,20.32712219882443,,POINT (-45.8519745 -23.2115411)
3179135146,-23.2115097,-45.8520793,3,0.009036144578313254,0.06069469835466179,0.004998999017216904,20.13910552016673,,POINT (-45.8520793 -23.2115097)
3179135147,-23.2115268,-45.8520708,3,0.009036144578313254,0.05727100224253925,0.004971699486768827,20.25500583310518,,POINT (-45.8520708 -23.2115268)
3179135150,-23.2114852,-45.8519499,3,0.009036144578313254,0.06444099378881987,0.007929603610817895,20.306662264948837,,POINT (-45.8519499 -23.2114852)
3179135157,-23.2114355,-45.8524311,3,0.012048192771084338,0.06672025723472669,0.016371346897681854,20.707806870557302,,POINT (-45.8524311 -23.2114355)
3179135172,-23.212476,-45.8477925,3,0.01807228915662651,0.07244163211869954,0.1069651796459567,20.288897428495225,,POINT (-45.8477925 -23.212476)
3179135174,-23.2113307,-45.8479926,3,0.01807228915662651,0.07895362663495838,0.14882234780557554,23.332155469298097,,POINT (-45.8479926 -23.2113307)
3179135178,-23.2124547,-45.8475721,3,0.01807228915662651,0.06902286902286903,0.019136970844101483,20.49622588448285,,POINT (-45.8475721 -23.2124547)
3179135182,-23.2129073,-45.8471384,3,0.01807228915662651,0.06098457016899339,0.006121161382690884,15.697692294206023,,POINT (-45.8471384 -23.2129073)
3179135184,-23.2129814,-45.8454223,3,0.01807228915662651,0.06144734406811031,0.004618170567466239,17.828994527393856,,POINT (-45.8454223 -23.2129814)
3179135189,-23.2102489,-45.856374,1,0.006024096385542169,0.06280741581536133,0.0,10.290847657082072,,POINT (-45.856374 -23.2102489)
3359546072,-23.2160297,-45.8436484,3,0.009036144578313254,0.04586902459242885,0.0032531940450624248,20.60247800350176,,POINT (-45.8436484 -23.2160297)
3359546085,-23.2126738,-45.8435632,3,0.009036144578313254,0.06814449917898194,0.15675390383285406,19.635432923529898,,POINT (-45.8435632 -23.2126738)
3370554246,-23.2140071,-45.841297,3,0.012048192771084338,0.05651063829787234,0.024574387320538096,19.46717695262169,,POINT (-45.841297 -23.2140071)
3370554247,-23.2133554,-45.841437,3,0.015060240963855422,0.048773321580725726,0.005996796855094092,15.471193197034921,,POINT (-45.841437 -23.2133554)
3370554248,-23.2135024,-45.8415592,3,0.009036144578313254,0.051014136447449294,0.04255996796855094,18.049472726443017,,POINT (-45.8415592 -23.2135024)
3370572767,-23.2127348,-45.8433906,3,0.009036144578313254,0.059222261862290404,0.13651156200113357,19.75729314483552,,POINT (-45.8433906 -23.2127348)
3370572769,-23.2125714,-45.8434655,3,0.009036144578313254,0.053591606133979015,0.15519783059731374,19.112535160419604,,POINT (-45.8434655 -23.2125714)
5327748850,-23.2138704,-45.8469002,1,0.006024096385542169,0.05748917748917749,0.0,6.366408560832802,,POINT (-45.8469002 -23.2138704)
5327748855,-23.2118652,-45.8470656,3,0.01807228915662651,0.06787977918626048,0.01748686589257331,20.548846027593004,,POINT (-45.8470656 -23.2118652)
5327748865,-23.2117292,-45.8478302,3,0.01807228915662651,0.07256830601092897,0.03883166098431996,22.575441689554953,,POINT (-45.8478302 -23.2117292)
5327748868,-23.2126168,-45.8473936,3,0.01807228915662651,0.0647678501755755,0.011829796527499726,19.148620821400257,,POINT (-45.8473936 -23.2126168)
5327748873,-23.2115878,-45.8478917,4,0.024096385542168676,0.07710171853228054,0.22334888222238658,29.20597544345343,,POINT (-45.8478917 -23.2115878)
5327748879,-23.2106547,-45.8475228,3,0.01807228915662651,0.07809927075982122,0.36359405222768465,23.92565784207682,,POINT (-45.8475228 -23.2106547)
5327748882,-23.2114987,-45.8448339,3,0.01807228915662651,0.07453973955994611,0.31156044116041204,16.935721424704205,,POINT (-45.8448339 -23.2114987)
5327748890,-23.2104534,-45.8437057,1,0.006024096385542169,0.06938349007314525,0.0,6.599369171863835,,POINT (-45.8437057 -23.2104534)
5327748891,-23.2105086,-45.8410992,3,0.012048192771084338,0.046420581655480984,0.005996796855094092,6.755795784822972,,POINT (-45.8410992 -23.2105086)
5327748900,-23.2098615,-45.8403347,1,0.006024096385542169,0.0443672323934251,0.0,3.9861762414116018,,POINT (-45.8403347 -23.2098615)
5327789969,-23.2145198,-45.8474371,3,0.01807228915662651,0.06899418121363259,0.10471104730592183,17.32632303039849,,POINT (-45.8474371 -23.2145198)
5333797419,-23.2162735,-45.8515306,3,0.009036144578313254,0.040746195385370644,0.006808199565634136,21.073028940744173,,POINT (-45.8515306 -23.2162735)
5333797527,-23.2162877,-45.8554647,3,0.009036144578313254,0.04253683536194747,0.03523170070231027,18.77037934508104,,POINT (-45.8554647 -23.2162877)
5333797537,-23.2161464,-45.8516113,3,0.009036144578313254,0.04426666666666667,0.042112699015805936,19.03592278152453,,POINT (-45.8516113 -23.2161464)
5333797538,-23.2153578,-45.8518915,1,0.006024096385542169,0.04421949920085243,0.0,6.412712223313872,turning_circle,POINT (-45.8518915 -23.2153578)
5333797539,-23.2161368,-45.8515113,3,0.009036144578313254,0.0484106153397492,0.04222189713759823,19.530098327803806,,POINT (-45.8515113 -23.2161368)
5333797540,-23.2161323,-45.8515886,3,0.009036144578313254,0.04628467865607138,0.042139998546254005,18.82088408289458,,POINT (-45.8515886 -23.2161323)
5333797550,-23.2162177,-45.8514685,3,0.009036144578313254,0.050834481702648905,0.04224919666804631,23.047650262038122,,POINT (-45.8514685 -23.2162177)
5333797555,-23.2149111,-45.8474444,3,0.01807228915662651,0.06595152959872864,0.08483152923363266,13.007425068163657,,POINT (-45.8474444 -23.2149111)
5333797556,-23.2149798,-45.8468125,1,0.006024096385542169,0.06188257222739981,0.0,5.771017405294717,,POINT (-45.8468125 -23.2149798)
5355099049,-23.2125343,-45.8469062,3,0.01807228915662651,0.06422905784484427,7.279874786153678e-05,19.934086841418967,,POINT (-45.8469062 -23.2125343)
5355099061,-23.2124417,-45.845538,3,0.01807228915662651,0.06425391910199342,0.007656001650104952,19.72052232500867,,POINT (-45.845538 -23.2124417)
5355099062,-23.2088956,-45.853314,1,0.006024096385542169,0.07335395492708793,0.0,6.5124446838624275,,POINT (-45.853314 -23.2088956)
5355099068,-23.209345,-45.8533508,3,0.01807228915662651,0.07914183551847437,0.20746674900869055,16.521497943038305,,POINT (-45.8533508 -23.209345)
5357599328,-23.2096195,-45.8563265,1,0.006024096385542169,0.07044345427540845,0.0,6.778243097564154,,POINT (-45.8563265 -23.2096195)
5357599329,-23.2090376,-45.856665,3,0.01807228915662651,0.07576449109995435,0.029643050108117193,17.957003729230962,,POINT (-45.856665 -23.2090376)
6308115793,-23.2122452,-45.8540843,3,0.01807228915662651,0.07197051810101886,0.07952280543510402,20.63496534789717,,POINT (-45.8540843 -23.2122452)
7650927101,-23.2027241,-45.8582515,3,0.012048192771084338,0.05328197721072059,0.010545689330568271,22.660430006341123,,POINT (-45.8582515 -23.2027241)
7808796936,-23.2136861,-45.8454849,3,0.01807228915662651,0.06101819518470869,0.008704000291194992,14.631518398126039,,POINT (-45.8454849 -23.2136861)
7808796942,-23.2140016,-45.8461726,1,0.006024096385542169,0.060828142176621476,0.0,6.145921120014172,,POINT (-45.8461726 -23.2140016)
7808796943,-23.2141027,-45.8453257,3,0.01807228915662651,0.06475521747610688,0.017565731202756646,14.545481121356985,,POINT (-45.8453257 -23.2141027)
7809899485,-23.2116053,-45.8479582,3,0.01807228915662651,0.07625172255397336,0.10617652654412342,23.131554668012512,,POINT (-45.8479582 -23.2116053)
7812391869,-23.2163541,-45.8509913,3,0.012048192771084338,0.05594876980114594,0.03939515053118752,25.213802065437047,,POINT (-45.8509913 -23.2163541)
7812391870,-23.2164876,-45.8513687,3,0.009036144578313254,0.05081891933261901,0.011201603999077884,24.066416703992637,,POINT (-45.8513687 -23.2164876)
7812391871,-23.2165762,-45.8513155,3,0.009036144578313254,0.04838239580297289,0.011174304468629805,24.541200344532893,,POINT (-45.8513155 -23.2165762)
7812391872,-23.2168556,-45.8511255,3,0.012048192771084338,0.05355702532666559,0.02051565578854538,23.54825280272944,,POINT (-45.8511255 -23.2168556)
7812477972,-23.2075479,-45.851883,1,0.006024096385542169,0.06760333944206882,0.0,5.797586954163764,,POINT (-45.851883 -23.2075479)
7812477973,-23.2079863,-45.8514247,3,0.01807228915662651,0.07248908296943231,0.017633004894133993,13.175558167421569,,POINT (-45.8514247 -23.2079863)
7812611868,-23.2159188,-45.8516095,3,0.012048192771084338,0.04625888254145186,0.005996796855094092,15.971731837779362,,POINT (-45.8516095 -23.2159188)
8113824080,-23.213043,-45.8421503,3,0.012048192771084338,0.04663576344992274,0.04544461835256434,15.623579495486968,,POINT (-45.8421503 -23.213043)
8113975279,-23.2158366,-45.840541,3,0.009036144578313254,0.0453551912568306,0.005896698576784479,12.37444491901901,,POINT (-45.840541 -23.2158366)
8163558861,-23.2015999,-45.8586582,3,0.01807228915662651,0.04891704729630175,0.00879130516403779,19.77515462179843,,POINT (-45.8586582 -23.2015999)
8167145017,-23.2026058,-45.8580286,3,0.009036144578313254,0.05079559363525092,0.00280653426221727,20.900604570426182,,POINT (-45.8580286 -23.2026058)
8167145019,-23.2025115,-45.8580834,3,0.009036144578313254,0.045460769546761606,0.003614870475742969,20.968334614524387,,POINT (-45.8580834 -23.2025115)
8167145022,-23.2012372,-45.8583722,3,0.015060240963855422,0.04549814992462656,0.0011650678418168709,22.974209116565785,,POINT (-45.8583722 -23.2012372)
8167145023,-23.2013742,-45.8582849,3,0.015060240963855422,0.04719260838663824,0.0010388665287289034,23.54403753681138,,POINT (-45.8582849 -23.2013742)
8863783287,-23.2119048,-45.8490605,3,0.01807228915662651,0.07435610302351624,0.04431275920544328,22.102135407721335,,POINT (-45.8490605 -23.2119048)
8982529158,-23.2071148,-45.8501601,3,0.01807228915662651,0.06947060054404687,0.0294253190360277,18.623399042038834,,POINT (-45.8501601 -23.2071148)
8982529159,-23.2065458,-45.8502777,3,0.01807228915662651,0.06504702194357367,0.011048856626332695,14.728680622055975,,POINT (-45.8502777 -23.2065458)
8982529165,-23.2065902,-45.8504413,3,0.01807228915662651,0.06122072653512816,0.006075662165277424,14.226120004819213,,POINT (-45.8504413 -23.2065902)
8982529166,-23.2071328,-45.8502404,3,0.01807228915662651,0.06512357787367595,0.009936097583970033,15.995476713935025,,POINT (-45.8502404 -23.2071328)
8982529168,-23.2074685,-45.8508306,3,0.01807228915662651,0.06526439944957735,0.0031558690523856296,10.206357095660755,,POINT (-45.8508306 -23.2074685)
8982529174,-23.2076701,-45.851062,3,0.01807228915662651,0.06779661016949153,0.006006438204414404,9.624337889527622,,POINT (-45.851062 -23.2076701)
8982881549,-23.2066407,-45.8506626,1,0.006024096385542169,0.05769899200556135,0.0,6.079023549282613,,POINT (-45.8506626 -23.2066407)
8982881550,-23.2064879,-45.8500631,1,0.006024096385542169,0.06108555657773689,0.0,6.17732766278806,,POINT (-45.8500631 -23.2064879)
8992284788,-23.2136133,-45.8461055,1,0.006024096385542169,0.05751905751905752,0.0,6.160745230613381,,POINT (-45.8461055 -23.2136133)
