osmid,y,x,street_count,dc,cc,nbc,vulnerability,com,highway,geometry
1446670988,-23.2182371,-45.8540288,4,0.008130081300813009,0.052946525993414435,0.08293398737761894,0.9875256454132618,0.06476131495929346,,POINT (-45.8540288 -23.2182371)
1446670989,-23.2140414,-45.8569489,4,0.008130081300813009,0.061624969072016776,0.009891307238746656,0.9975622652487454,0.06370776976124698,,POINT (-45.8569489 -23.2140414)
1446671002,-23.2230937,-45.8560897,3,0.006097560975609756,0.04006963872906649,0.0040402033348235725,1.0007207845158894,0.044992466131437765,,POINT (-45.8560897 -23.2230937)
1446671007,-23.208997,-45.8575321,3,0.006097560975609756,0.07010603793726489,0.1599005741491508,0.9955493608799586,0.047904605600942396,,POINT (-45.8575321 -23.208997)
1446671010,-23.2000514,-45.8639063,3,0.006097560975609756,0.043850132993198024,0.00437874974472759,0.999543010652209,0.03727670063752656,,POINT (-45.8639063 -23.2000514)
1446671013,-23.2192006,-45.854189,3,0.006097560975609756,0.04551465492271039,0.02973854585796367,0.9987665695959028,0.052926935719996064,,POINT (-45.854189 -23.2192006)
1446671015,-23.203508,-45.8612975,3,0.008130081300813009,0.05735873649286564,0.07803555537650476,0.9944952824602726,0.04797402758307929,,POINT (-45.8612975 -23.203508)
1446671018,-23.2055917,-45.8605262,4,0.010162601626016262,0.06438951445854345,0.14383030399976063,0.9912302255228189,0.05942224809987446,,POINT (-45.8605262 -23.2055917)
1446671019,-23.2003589,-45.8636959,3,0.006097560975609756,0.04583527097598392,0.00437874974472759,0.9991728901028528,0.048918280755412984,,POINT (-45.8636959 -23.2003589)
1446671022,-23.2107427,-45.8569899,3,0.008130081300813009,0.06086407209794223,0.06543225660189723,0.9965566719893809,0.0498268035436405,,POINT (-45.8569899 -23.2107427)
1446671028,-23.2098454,-45.8570945,3,0.006097560975609756,0.05896666627371929,0.08880020665319638,0.9930313439484408,0.04414061870700176,,POINT (-45.8570945 -23.2098454)
1446674016,-23.2227214,-45.8558953,3,0.006097560975609756,0.041767214145951796,0.00501092841885649,1.0007009744735647,0.05037431183448124,,POINT (-45.8558953 -23.2227214)
1446674017,-23.2227145,-45.8561454,5,0.008130081300813009,0.0454934399255431,0.022034838474657658,0.9994181500109779,0.06192178004032145,,POINT (-45.8561454 -23.2227145)
1446674039,-23.2220035,-45.8558943,3,0.006097560975609756,0.040142151030788914,0.021852698160382825,1.0001350722188935,0.05062661265232973,,POINT (-45.8558943 -23.2220035)
1446748353,-23.218797,-45.8540412,4,0.008130081300813009,0.04987818173357531,0.06657006474711312,0.9988791441720294,0.06626357016616614,,POINT (-45.8540412 -23.218797)
1446748354,-23.2185508,-45.8543345,3,0.006097560975609756,0.05213205107160569,0.07847983353930207,0.9955798337911501,0.05136748575213252,,POINT (-45.8543345 -23.2185508)
1446748371,-23.2182562,-45.8543399,3,0.006097560975609756,0.05499302795597259,0.07847983353930207,0.9809233707517369,0.050193897971057444,,POINT (-45.8543399 -23.2182562)
1446748375,-23.2223495,-45.8558256,3,0.006097560975609756,0.04010256636381796,0.00501092841885649,1.0004285960038655,0.0517772173551945,,POINT (-45.8558256 -23.2223495)
1446748386,-23.2223571,-45.8562105,3,0.0040650406504065045,0.0454807204176422,0.0,1.0004041499169916,0.03926382209105283,,POINT (-45.8562105 -23.2223571)
1453950122,-23.1948681,-45.8642372,3,0.008130081300813009,0.03710806251093459,0.0024685531987702763,1.0011524118641113,0.02339849984820229,,POINT (-45.8642372 -23.1948681)
1453950123,-23.1958164,-45.864265,4,0.014227642276422765,0.04000394541202565,0.014382599528642853,0.9992650679331878,0.051391172101500626,,POINT (-45.864265 -23.1958164)
1453950293,-23.198817,-45.8639126,3,0.012195121951219513,0.04710048548222188,0.09468433151744958,0.949527614904527,0.040953196185097754,,POINT (-45.8639126 -23.198817)
1453950300,-23.1973561,-45.8639127,4,0.016260162601626018,0.04163891894891645,0.04263752973578683,0.9989225150976768,0.05799009650516307,,POINT (-45.8639127 -23.1973561)
1453957511,-23.1959281,-45.8649342,3,0.008130081300813009,0.04154675039003072,0.005985793055486591,1.000839626749505,0.031292962456322564,,POINT (-45.8649342 -23.1959281)
1453957515,-23.196521,-45.8648213,3,0.012195121951219513,0.04331304962113259,0.032873842995049744,1.000170506280339,0.04280490541222506,,POINT (-45.8648213 -23.196521)
1453957518,-23.1983083,-45.8634198,3,0.012195121951219513,0.043336127349374025,0.041350266863157285,0.9987115878553505,0.043437384912800914,,POINT (-45.8634198 -23.1983083)
1453958821,-23.1971269,-45.8633836,3,0.012195121951219513,0.040040050055899314,0.02689577710441033,0.99890851342569,0.04083309154226034,,POINT (-45.8633836 -23.1971269)
1453958828,-23.1979287,-45.8625623,3,0.012195121951219513,0.04156798382293874,0.014506648121470926,0.9973726476459208,0.031071191680691137,,POINT (-45.8625623 -23.1979287)
1453960044,-23.1960891,-45.863782,3,0.012195121951219513,0.035830259183649106,0.004159560434708217,0.9989426454607292,0.025410603117260427,,POINT (-45.863782 -23.1960891)
1453960046,-23.1955296,-45.8622353,1,0.0040650406504065045,0.0345884279595507,0.0,1.0016627193302765,0.011513139573786243,turning_circle,POINT (-45.8622353 -23.1955296)
1453960056,-23.196516,-45.8636128,3,0.012195121951219513,0.03713064978173178,0.00973415793221076,0.9986084051105709,0.027216779917772896,,POINT (-45.8636128 -23.196516)
1453960060,-23.195913,-45.862102,1,0.0040650406504065045,0.03579871846253674,0.0,1.0015406940527953,0.01199859356407476,turning_circle,POINT (-45.862102 -23.195913)
1453960064,-23.1969251,-45.863447,3,0.012195121951219513,0.03853507028437309,0.017650362348837673,0.9977904130685118,0.030313541168921574,,POINT (-45.863447 -23.1969251)
1453960077,-23.1962916,-45.8619327,1,0.0040650406504065045,0.03710241998641381,0.0,1.0013975189965016,0.012631133319693877,turning_circle,POINT (-45.8619327 -23.1962916)
1453960082,-23.1973073,-45.8631433,3,0.012195121951219513,0.03852594379737119,0.004278641564419717,0.9983564570153082,0.03056830851725029,,POINT (-45.8631433 -23.1973073)
1453960083,-23.1967154,-45.861713,1,0.0040650406504065045,0.03709395941633482,0.0,1.0014054329721782,0.012672784194101198,turning_circle,POINT (-45.861713 -23.1967154)
1453960087,-23.1976844,-45.8628366,3,0.012195121951219513,0.039974453643619005,0.006739191628168925,0.9982226984731477,0.02854140229095437,,POINT (-45.8628366 -23.1976844)
1453960093,-23.1970962,-45.8615041,1,0.0040650406504065045,0.038434916128321714,0.0,1.0013139576229024,0.01224735402895698,turning_circle,POINT (-45.8615041 -23.1970962)
1453961350,-23.1985889,-45.8640501,3,0.012195121951219513,0.04515249168035722,0.08157043586729146,0.9529202939700661,0.04186951350578656,,POINT (-45.8640501 -23.1985889)
1453969481,-23.2000549,-45.863017,3,0.012195121951219513,0.04912503826065038,0.09825666684801844,0.9914702999953611,0.04578314498827264,,POINT (-45.863017 -23.2000549)
1453969483,-23.2005558,-45.8624817,4,0.016260162601626018,0.0506758182846626,0.06581997075135204,0.9961829943755035,0.05833212639737844,,POINT (-45.8624817 -23.2005558)
1453969491,-23.2015007,-45.8613897,3,0.012195121951219513,0.052769045207753114,0.04957323929549069,0.9970423600380223,0.04666329680935732,,POINT (-45.8613897 -23.2015007)
1453969497,-23.2020445,-45.8610896,3,0.010162601626016262,0.05113245285847661,0.007329763397862746,0.9995911679499925,0.04379711057783605,,POINT (-45.8610896 -23.2020445)
1453969499,-23.2029493,-45.8606957,4,0.016260162601626018,0.05595781792011247,0.09806156490482783,0.9921376020551477,0.06431613678822598,mini_roundabout,POINT (-45.8606957 -23.2029493)
1453969511,-23.1994463,-45.8614324,3,0.012195121951219513,0.04939353543333005,0.05127114959362984,0.9973945338470339,0.043448560511949695,,POINT (-45.8614324 -23.1994463)
1453969527,-23.2005985,-45.8633634,3,0.006097560975609756,0.04414765063156331,0.02440628959679181,1.0000432537669137,0.05020847918018279,traffic_signals,POINT (-45.8633634 -23.2005985)
1453969529,-23.2006684,-45.863259,3,0.006097560975609756,0.046164802769965076,0.02440628959679181,1.0000801950438172,0.04457095313492716,,POINT (-45.863259 -23.2006684)
1453969532,-23.2002814,-45.8617754,3,0.012195121951219513,0.04844714882173144,0.0033179911410537192,0.9997131740485753,0.04584081705987104,,POINT (-45.8617754 -23.2002814)
1453969533,-23.1999856,-45.861014,3,0.012195121951219513,0.04718701702584615,0.0020222485428715194,1.000070024501027,0.042465401982912994,,POINT (-45.861014 -23.1999856)
1453969534,-23.1998786,-45.8607385,3,0.012195121951219513,0.045123266766648254,0.0003743535398694109,1.000350926922566,0.041445373660818116,,POINT (-45.8607385 -23.1998786)
1453969535,-23.1994979,-45.8597444,3,0.012195121951219513,0.04897713067857294,0.002869080281074809,1.0000276908448547,0.0424524471735868,,POINT (-45.8597444 -23.1994979)
1453969544,-23.1993769,-45.8594474,3,0.012195121951219513,0.0514450906684905,0.059853709361843956,0.9969886935984532,0.04678429516494708,,POINT (-45.8594474 -23.1993769)
1453969558,-23.2008418,-45.8603998,3,0.012195121951219513,0.05107358765895351,0.012429757423087964,0.9993300128663578,0.04662327789400701,,POINT (-45.8603998 -23.2008418)
1453969560,-23.2012966,-45.8606107,3,0.012195121951219513,0.04891821672827795,0.004868563185202412,0.9996618079267847,0.04269290206836573,,POINT (-45.8606107 -23.2012966)
1453969565,-23.2008329,-45.8611533,3,0.012195121951219513,0.047068685385927934,0.0025407399692854967,1.000014054535386,0.04230819214158464,,POINT (-45.8611533 -23.2008329)
1453969576,-23.2020581,-45.8619612,3,0.008130081300813009,0.05506128061393443,0.07140676521503285,0.9959008296149527,0.045503683275724766,,POINT (-45.8619612 -23.2020581)
1453969591,-23.2012756,-45.8593589,3,0.012195121951219513,0.05143424642509495,0.015420313750164855,0.9951342856916842,0.038631046952150555,,POINT (-45.8593589 -23.2012756)
1453969592,-23.2016957,-45.8587385,3,0.012195121951219513,0.05344520097265369,0.02507226519911265,0.9977955673487618,0.041255101489805344,,POINT (-45.8587385 -23.2016957)
1453977234,-23.1999246,-45.8587521,1,0.0040650406504065045,0.04891331362947788,0.0,1.0003195212674143,0.014331104670214126,,POINT (-45.8587521 -23.1999246)
1453977242,-23.204063,-45.859968,3,0.012195121951219513,0.05834626136792215,0.13025467398758678,0.9925516753453585,0.052697117755540916,,POINT (-45.859968 -23.204063)
1453977246,-23.2043934,-45.8595671,4,0.016260162601626018,0.060705079000037424,0.1491896383468061,0.9907405787256015,0.06337563381354162,,POINT (-45.8595671 -23.2043934)
1453977252,-23.2060502,-45.8586613,3,0.012195121951219513,0.06291196726586319,0.09456654175459181,0.9974329450694407,0.05300803874084563,,POINT (-45.8586613 -23.2060502)
1453977291,-23.202825,-45.8583367,4,0.016260162601626018,0.05321789859119965,0.02696519947915048,0.9960291580287004,0.0607563533597397,,POINT (-45.8583367 -23.202825)
1453977294,-23.2018654,-45.8575353,3,0.008130081300813009,0.04538343997780162,0.0029507749462013865,0.9997025237938738,0.042877101964481815,,POINT (-45.8575353 -23.2018654)
1453977295,-23.2014554,-45.8572117,3,0.012195121951219513,0.04729219208075403,0.006247813226563812,0.9989825657249942,0.04847624512715225,,POINT (-45.8572117 -23.2014554)
1453977296,-23.2006962,-45.856577,3,0.012195121951219513,0.04548919929915183,0.0074804837646504935,0.9992760789408621,0.051509826866897285,,POINT (-45.856577 -23.2006962)
1453977301,-23.2036041,-45.8596371,3,0.012195121951219513,0.05566421011535312,0.041319803688699724,0.9964387208624957,0.04480526316424589,,POINT (-45.8596371 -23.2036041)
1453977303,-23.2025477,-45.8587901,3,0.012195121951219513,0.05334005138062092,0.027550586029668273,0.9972099462739658,0.04792324166003946,,POINT (-45.8587901 -23.2025477)
1453977304,-23.2018751,-45.8582457,3,0.012195121951219513,0.051212942604816965,0.025372245454463194,0.9980046448858696,0.047946827775571535,,POINT (-45.8582457 -23.2018751)
1453977306,-23.2013042,-45.8578124,4,0.016260162601626018,0.04914482679569998,0.02229025670915346,0.9981445267052743,0.06216596675023641,,POINT (-45.8578124 -23.2013042)
1453977308,-23.200408,-45.8571012,4,0.016260162601626018,0.047123226156942914,0.012263638021335972,0.9959313030131561,0.05619150745673582,,POINT (-45.8571012 -23.200408)
1453977314,-23.2015216,-45.8585927,3,0.012195121951219513,0.048982046580477855,0.007517159402981399,0.9997941610012819,0.04386670215804135,,POINT (-45.8585927 -23.2015216)
1453977323,-23.2045148,-45.8521257,3,0.012195121951219513,0.04842311272884509,0.004503040176724221,0.9972624444795676,0.04452496416102829,,POINT (-45.8521257 -23.2045148)
1453977329,-23.2000149,-45.8567843,1,0.0040650406504065045,0.04499844445194106,0.0,1.0006418020924284,0.018840492343352704,,POINT (-45.8567843 -23.2000149)
1453977330,-23.2052802,-45.8570057,3,0.012195121951219513,0.056306464760736225,0.00498289838690378,0.9992716618249726,0.047745951262929,,POINT (-45.8570057 -23.2052802)
1453977331,-23.2022029,-45.8571401,3,0.008130081300813009,0.046721697470684616,0.005022078524829202,0.9999527852981366,0.0420886901055221,,POINT (-45.8571401 -23.2022029)
1453977333,-23.2064313,-45.8522207,3,0.012195121951219513,0.05167935296847409,0.0027751394737755585,1.0000708556397124,0.052281456525756144,,POINT (-45.8522207 -23.2064313)
1453979232,-23.2032541,-45.8580947,3,0.012195121951219513,0.05095094279403851,0.008895909678412991,0.9992772509114499,0.048520775418618205,,POINT (-45.8580947 -23.2032541)
1453979234,-23.2025939,-45.8566703,3,0.012195121951219513,0.04892312081015547,0.007691068860810319,0.999592296369649,0.044580026655790236,,POINT (-45.8566703 -23.2025939)
1453979238,-23.2037534,-45.8578272,3,0.012195121951219513,0.05207086321823526,0.0048766795524770165,0.9997866643238424,0.05172948316565444,,POINT (-45.8578272 -23.2037534)
1453979239,-23.2029973,-45.8562027,3,0.012195121951219513,0.04997011366796036,0.004926569635304522,0.999578416278515,0.0511667592129206,,POINT (-45.8562027 -23.2029973)
1453979243,-23.2033994,-45.8557231,4,0.016260162601626018,0.05209309672089035,0.015008799328434096,0.9975275130402237,0.07343027965244182,,POINT (-45.8557231 -23.2033994)
1453979249,-23.204768,-45.858645,3,0.012195121951219513,0.059455181540119494,0.024183639405718826,0.9991799651502382,0.05540183950495344,,POINT (-45.858645 -23.204768)
1453979250,-23.2023909,-45.8546211,4,0.016260162601626018,0.04776432710984642,0.011895243166158417,0.9959555495994046,0.06023954264317148,,POINT (-45.8546211 -23.2023909)
1453979257,-23.2047751,-45.8572779,3,0.012195121951219513,0.05376315193139813,0.0012049545117731122,0.9996354381437057,0.05167989367479414,,POINT (-45.8572779 -23.2047751)
1453979262,-23.2038243,-45.8552445,3,0.012195121951219513,0.053462766222754254,0.004321322123260895,0.9996018951011789,0.05275733611413312,,POINT (-45.8552445 -23.2038243)
1453987112,-23.2033421,-45.8587304,3,0.012195121951219513,0.055512243212524265,0.030490138649912367,0.9981112519322348,0.054649232745335,,POINT (-45.8587304 -23.2033421)
1453987113,-23.2055327,-45.8575443,3,0.012195121951219513,0.05900944741007265,0.01700554983973944,0.999013163842332,0.05440796040001216,,POINT (-45.8575443 -23.2055327)
1453987117,-23.2038477,-45.8591431,3,0.012195121951219513,0.05799954006195636,0.028857589775343275,0.9975011725460238,0.05203998376434783,,POINT (-45.8591431 -23.2038477)
1453987119,-23.2062838,-45.857816,3,0.012195121951219513,0.0641440759833466,0.13337192010834895,0.9965156928178855,0.05499972207658787,,POINT (-45.857816 -23.2062838)
1453987128,-23.2042407,-45.8547653,3,0.012195121951219513,0.055461771801488896,0.007083859107454456,0.9992183366543178,0.05277595538429474,,POINT (-45.8547653 -23.2042407)
1453987130,-23.2065026,-45.8596293,3,0.008130081300813009,0.0665677438386715,0.14723699078873093,0.9951466946555044,0.047466725493836265,,POINT (-45.8596293 -23.2065026)
1453987131,-23.2063243,-45.8592457,3,0.012195121951219513,0.06471398091517051,0.03937174284422267,0.9990010376954573,0.04707182794254921,,POINT (-45.8592457 -23.2063243)
1453987139,-23.204905,-45.8599962,3,0.012195121951219513,0.06238120031718022,0.06286590814826136,0.9958753343164176,0.05203607567437749,,POINT (-45.8599962 -23.204905)
1453987149,-23.2018734,-45.8540935,1,0.0040650406504065045,0.04558267607708769,0.0,1.0006737004099626,0.01970942862286215,,POINT (-45.8540935 -23.2018734)
1453987150,-23.2027198,-45.8549598,3,0.012195121951219513,0.04966498372494411,0.012503836575639917,0.999702908453841,0.05952438246841317,,POINT (-45.8549598 -23.2027198)
1453987151,-23.2010765,-45.8569075,3,0.012195121951219513,0.046712752951210954,0.005309941270309425,0.9995296995200015,0.05062601603539501,,POINT (-45.8569075 -23.2010765)
1453987165,-23.2030571,-45.8553072,4,0.016260162601626018,0.05177255782742424,0.0330456881427031,0.9963684031949593,0.07583780680914623,,POINT (-45.8553072 -23.2030571)
1453987174,-23.2022622,-45.8562382,3,0.012195121951219513,0.04961449065486995,0.010218456392333312,0.9966134894393439,0.04768430888576687,,POINT (-45.8562382 -23.2022622)
1453987175,-23.2020314,-45.8565086,1,0.0040650406504065045,0.04726470993523495,0.0,1.0005746295187568,0.0161425555307408,,POINT (-45.8565086 -23.2020314)
1453987179,-23.2011453,-45.8551151,1,0.0040650406504065045,0.04430396096970502,0.0,1.0007275652996603,0.019786441318319557,,POINT (-45.8551151 -23.2011453)
1453987183,-23.2069501,-45.8592497,3,0.008130081300813009,0.06719098582972612,0.14970182185699,0.9951213398322647,0.04543082720004464,,POINT (-45.8592497 -23.2069501)
1453987185,-23.20465,-45.8542826,4,0.016260162601626018,0.05560078957289516,0.04507980620281863,0.9976467113883853,0.07483931048092646,,POINT (-45.8542826 -23.20465)
1453987188,-23.2043493,-45.8538015,4,0.016260162601626018,0.05322950808042112,0.045449572028499814,0.9970415607764883,0.08261103531641172,,POINT (-45.8538015 -23.2043493)
1453987190,-23.2040333,-45.8534374,3,0.012195121951219513,0.05073904450834901,0.012195003922868635,0.999746113174872,0.06112739902068581,,POINT (-45.8534374 -23.2040333)
1453987194,-23.203213,-45.8526019,1,0.0040650406504065045,0.046708281975622205,0.0,1.000710753976515,0.01890046710553711,,POINT (-45.8526019 -23.203213)
1453987200,-23.2042336,-45.8518151,1,0.0040650406504065045,0.04618227785381857,0.0,1.000856240933931,0.015527749058147243,,POINT (-45.8518151 -23.2042336)
1453987203,-23.2052127,-45.8528025,4,0.016260162601626018,0.052536131992819556,0.012957099553118596,0.9990652871596681,0.0807719124661047,,POINT (-45.8528025 -23.2052127)
1453987206,-23.2054979,-45.8532924,4,0.016260162601626018,0.05433178914287473,0.021360030159255392,0.9986796255394335,0.07156187123134133,,POINT (-45.8532924 -23.2054979)
1453987210,-23.2073818,-45.8573253,4,0.016260162601626018,0.06707093596499462,0.09546770227985182,0.9960890398513421,0.06570436910745901,,POINT (-45.8573253 -23.2073818)
1453987212,-23.2077105,-45.8578184,4,0.016260162601626018,0.06985515746941037,0.2142533256892396,0.994335741764054,0.06506165045177904,,POINT (-45.8578184 -23.2077105)
1453987215,-23.2080552,-45.8582902,3,0.008130081300813009,0.06944757792533099,0.16248670492613268,0.9956979364307698,0.048968911684061166,,POINT (-45.8582902 -23.2080552)
1453987228,-23.2060541,-45.8518351,3,0.012195121951219513,0.05005211590577444,0.0007804674892749018,1.0001179931850117,0.059029495661438766,,POINT (-45.8518351 -23.2060541)
1453987252,-23.209305,-45.8571516,4,0.010162601626016262,0.07023720928055567,0.3070019663217409,0.986838589485337,0.060468781526811934,,POINT (-45.8571516 -23.209305)
1453990675,-23.2051016,-45.8566103,3,0.012195121951219513,0.05812388400206061,0.013767279819787504,0.9988378325081321,0.05145020586287706,,POINT (-45.8566103 -23.2051016)
1453990676,-23.2081686,-45.8549599,3,0.012195121951219513,0.057738775447385336,0.006027981530532104,0.9997408908754021,0.04914974870638924,,POINT (-45.8549599 -23.2081686)
1453990678,-23.205063,-45.8551821,3,0.012195121951219513,0.05817238408407448,0.03951825912184985,0.9991902573114831,0.06403096182915995,,POINT (-45.8551821 -23.205063)
1453990679,-23.2074872,-45.8538537,3,0.012195121951219513,0.05362726704190119,0.0035804126087942484,1.0000389366736797,0.04909758248948264,,POINT (-45.8538537 -23.2074872)
1453990680,-23.2066779,-45.8586438,3,0.012195121951219513,0.06760051670332466,0.12394165250802952,0.9980215730030088,0.04891302005462096,,POINT (-45.8586438 -23.2066779)
1453990681,-23.2090675,-45.8567195,3,0.012195121951219513,0.07000546981513425,0.21282166006841197,0.9939607978280723,0.05034961581676283,,POINT (-45.8567195 -23.2090675)
1453990682,-23.2064096,-45.8580812,3,0.012195121951219513,0.0659292258958796,0.12232542585709455,0.997688357796502,0.0485922758799222,,POINT (-45.8580812 -23.2064096)
1453990683,-23.2087967,-45.8561702,3,0.012195121951219513,0.06503306637543987,0.013459789210217704,0.9988843313286853,0.0462005048950297,,POINT (-45.8561702 -23.2087967)
1453990684,-23.2068817,-45.8577039,3,0.012195121951219513,0.06527663591242654,0.08696034693734063,0.9963981019325183,0.05696885924632532,,POINT (-45.8577039 -23.2068817)
1453990686,-23.207151,-45.8568478,3,0.012195121951219513,0.06300944223128481,0.007101698896292541,0.9993495187972794,0.049177900890676446,,POINT (-45.8568478 -23.207151)
1453990687,-23.2087069,-45.8560003,3,0.012195121951219513,0.06124600026120743,0.009669878072659807,0.999527917373785,0.044289084878554784,,POINT (-45.8560003 -23.2087069)
1453990688,-23.2069008,-45.856314,3,0.012195121951219513,0.06068243348436966,0.00399375115939211,0.9996757110528346,0.049734710644169296,,POINT (-45.856314 -23.2069008)
1453990689,-23.2084417,-45.8554694,3,0.012195121951219513,0.05904514580536006,0.007322391458415104,0.9997199188280154,0.04483152948329706,,POINT (-45.8554694 -23.2084417)
1453990690,-23.2050771,-45.8538011,3,0.012195121951219513,0.05706362606189205,0.034437788672904195,0.9984563011449595,0.06390772015067259,,POINT (-45.8538011 -23.2050771)
1453990692,-23.206372,-45.8551915,3,0.012195121951219513,0.05628049014892179,0.0009429779510749137,0.9998793078243615,0.05492919622482382,,POINT (-45.8551915 -23.206372)
1453990693,-23.2078389,-45.854415,3,0.012195121951219513,0.05490022838129158,0.002495515793918701,1.0000596245516489,0.04698470259387529,,POINT (-45.854415 -23.2078389)
1453990694,-23.2058613,-45.8540883,3,0.012195121951219513,0.05381057780144457,0.004528527485342263,1.0000674554479667,0.04987150013536732,,POINT (-45.8540883 -23.2058613)
1453990695,-23.2071701,-45.8533629,3,0.012195121951219513,0.05123982886195935,0.0019212195425334247,1.000257846045026,0.04503779583327678,,POINT (-45.8533629 -23.2071701)
1453990699,-23.2056103,-45.8535393,3,0.012195121951219513,0.05163560788078519,0.0019196381320138898,1.000119425524201,0.05042073405030648,,POINT (-45.8535393 -23.2056103)
1453990700,-23.2068494,-45.8528467,3,0.012195121951219513,0.04926389360804571,0.000570591100743602,1.0003430185013387,0.04560912392717698,,POINT (-45.8528467 -23.2068494)
1454006732,-23.209641,-45.8569025,3,0.006097560975609756,0.07013626474292912,0.165050955673455,0.9981946305087389,0.04826010616163198,,POINT (-45.8569025 -23.209641)
1454006734,-23.2101369,-45.8561957,3,0.006097560975609756,0.0700758371742247,0.1712619699584597,0.997120338329542,0.05101485450102093,,POINT (-45.8561957 -23.2101369)
1454006735,-23.2103783,-45.8558198,4,0.008130081300813009,0.06551324071436446,0.1712619699584597,0.9972674913696566,0.07132302912399334,,POINT (-45.8558198 -23.2103783)
1454006737,-23.2106256,-45.8555415,3,0.008130081300813009,0.07220123244286149,0.07854208849449616,0.9978310563584486,0.06196564563880924,,POINT (-45.8555415 -23.2106256)
1454006738,-23.2117353,-45.8545376,3,0.012195121951219513,0.06544295696410095,0.041462566177745575,0.9966020379119219,0.04486746730475549,,POINT (-45.8545376 -23.2117353)
1454006744,-23.2099786,-45.8560786,3,0.006097560975609756,0.06268569429432252,0.17110102553331707,0.9878927020683443,0.049337328830783476,,POINT (-45.8560786 -23.2099786)
1454006745,-23.2099582,-45.855503,3,0.008130081300813009,0.06839637422302744,0.20811663487275217,0.987987037211928,0.046118906107268307,,POINT (-45.855503 -23.2099582)
1454006760,-23.2101163,-45.8556745,4,0.008130081300813009,0.06819565820029358,0.1512086361354805,0.9977625108944711,0.06366104755002908,,POINT (-45.8556745 -23.2101163)
1454006763,-23.2103103,-45.8556773,3,0.006097560975609756,0.06653144241053863,0.0944918285737266,0.9993751455179319,0.06038923863515095,,POINT (-45.8556773 -23.2103103)
1454006767,-23.210222,-45.8553087,3,0.008130081300813009,0.07110711497614758,0.06075942563559258,0.9977925332719151,0.056249085963934506,,POINT (-45.8553087 -23.210222)
1454006785,-23.2112599,-45.8526658,3,0.008130081300813009,0.062016537054428875,0.01819906406383729,0.997505642164578,0.0427255319323064,,POINT (-45.8526658 -23.2112599)
1454006787,-23.2115503,-45.8518511,3,0.008130081300813009,0.05934672626551147,0.010924223131142807,0.9988853768781013,0.04280281921824734,,POINT (-45.8518511 -23.2115503)
1454006788,-23.2121613,-45.8496187,3,0.012195121951219513,0.06468824629921803,0.025448309339712052,0.9983689020394076,0.0540396986552314,,POINT (-45.8496187 -23.2121613)
1454008396,-23.2104728,-45.8485276,3,0.008130081300813009,0.06517202591897714,0.07702779855287484,0.9973641704631779,0.04619452859881352,,POINT (-45.8485276 -23.2104728)
1454008398,-23.210729,-45.848026,3,0.006097560975609756,0.060121735873019694,0.001043373840738601,0.9997379482235814,0.04230902866344835,,POINT (-45.848026 -23.210729)
1454008399,-23.2107629,-45.8481288,3,0.008130081300813009,0.06469682223005446,0.004953954970844353,0.9992420769470501,0.04176615137708011,,POINT (-45.8481288 -23.2107629)
1454008400,-23.2108527,-45.8480851,3,0.008130081300813009,0.06495516173050724,0.007413735121888172,0.9990066285320831,0.04174267997167014,,POINT (-45.8480851 -23.2108527)
1454008401,-23.2107849,-45.8479871,3,0.006097560975609756,0.061001016260162605,0.003878659121195504,0.9996120281484898,0.042306290983893505,,POINT (-45.8479871 -23.2107849)
1454008402,-23.2106214,-45.8476122,4,0.014227642276422765,0.06567193245610292,0.2276415731146202,0.9816419811434659,0.05870884641458074,,POINT (-45.8476122 -23.2106214)
1454008412,-23.2093152,-45.8530138,3,0.012195121951219513,0.06615265420649327,0.21206295362639327,0.9875297688198813,0.0360383783662841,,POINT (-45.8530138 -23.2093152)
1454008413,-23.2112141,-45.8529603,3,0.012195121951219513,0.06590251587863617,0.02842412797018672,0.9964019811113436,0.049855447630033356,,POINT (-45.8529603 -23.2112141)
1454008414,-23.2096016,-45.8527484,3,0.012195121951219513,0.07241551121550688,0.06305419453636549,0.9976171398782054,0.055657981348281524,,POINT (-45.8527484 -23.2096016)
1454011088,-23.2081667,-45.8486362,3,0.012195121951219513,0.06529410356988237,0.16076669707154229,0.9949998352451023,0.04502329178602846,,POINT (-45.8486362 -23.2081667)
1454011089,-23.2099513,-45.8506892,3,0.012195121951219513,0.06532032259152734,0.20404232325355776,0.9909815965563016,0.04197257742224894,,POINT (-45.8506892 -23.2099513)
1454011096,-23.2112869,-45.8481896,3,0.012195121951219513,0.07018670071642469,0.09883510734165558,0.9947051242229346,0.048546383576733125,,POINT (-45.8481896 -23.2112869)
1454012659,-23.2108463,-45.8503877,4,0.016260162601626018,0.07267433061523468,0.10438614804820186,0.9977763852929571,0.0814722065235919,,POINT (-45.8503877 -23.2108463)
1454012664,-23.2101303,-45.8528205,4,0.016260162601626018,0.0730441745369407,0.1303466684245658,0.9953131677913916,0.08081502721330731,,POINT (-45.8528205 -23.2101303)
1454012686,-23.210898,-45.8552934,4,0.016260162601626018,0.07347306987071678,0.11803474290643919,0.9946275665978772,0.07148378318092338,,POINT (-45.8552934 -23.210898)
1454012689,-23.2113075,-45.8549289,3,0.012195121951219513,0.06855009553045384,0.03906976479542773,0.9977067697139572,0.051710346643960556,,POINT (-45.8549289 -23.2113075)
1454012726,-23.2106666,-45.8528867,4,0.016260162601626018,0.06948713229122894,0.05923853669581617,0.996248508756058,0.07599392759972594,,POINT (-45.8528867 -23.2106666)
1454012743,-23.2113665,-45.8505721,4,0.016260162601626018,0.06918175929703727,0.06658060015272103,0.994567941358017,0.08180352548618142,,POINT (-45.8505721 -23.2113665)
1454012745,-23.2116363,-45.8493341,3,0.012195121951219513,0.06791095603691913,0.012395438444818269,0.9989954785769282,0.05758462843557406,,POINT (-45.8493341 -23.2116363)
1454012747,-23.2117717,-45.8487518,3,0.012195121951219513,0.06664956706928446,0.02795368305242767,0.998296710321761,0.043821922529775306,,POINT (-45.8487518 -23.2117717)
1454012796,-23.2118831,-45.8507258,4,0.016260162601626018,0.06577815474879374,0.05358813258953055,0.9950510590003633,0.07276402968415097,,POINT (-45.8507258 -23.2118831)
1454012811,-23.2103089,-45.850216,3,0.012195121951219513,0.07206262995884537,0.032679126296868005,0.9985255795148235,0.05478944629049349,,POINT (-45.850216 -23.2103089)
1454012823,-23.2105823,-45.8490845,3,0.012195121951219513,0.0708079120837639,0.03223181000821814,0.9971188865809414,0.050759976447800226,,POINT (-45.8490845 -23.2105823)
1454017530,-23.2120341,-45.8535937,3,0.012195121951219513,0.059513186595280584,0.004428434231971063,0.9997647043320727,0.04161865944069306,,POINT (-45.8535937 -23.2120341)
1454017531,-23.2136079,-45.8527623,3,0.012195121951219513,0.060099523409027196,0.02868948383534243,0.9992169274010835,0.04217420174243931,,POINT (-45.8527623 -23.2136079)
1454017532,-23.2118068,-45.8530963,3,0.012195121951219513,0.0574465132526546,0.0022692238851396403,0.9998337990743871,0.04312101350099223,,POINT (-45.8530963 -23.2118068)
1454017533,-23.2133955,-45.8522986,3,0.012195121951219513,0.05906658558234094,0.028531853398965485,0.9989662924667744,0.04588313366748336,,POINT (-45.8522986 -23.2133955)
1454017534,-23.2116016,-45.8526369,3,0.012195121951219513,0.05769781627823373,0.007843686809274688,0.9983699855315026,0.045859553488455385,,POINT (-45.8526369 -23.2116016)
1454017536,-23.2131735,-45.8518077,4,0.016260162601626018,0.05949142144109482,0.07107588318210858,0.986297615870555,0.05785771716558357,,POINT (-45.8518077 -23.2131735)
1454017537,-23.2129576,-45.8513332,3,0.012195121951219513,0.05977561612950769,0.04644702566213386,0.9946907846067092,0.04714851940671781,,POINT (-45.8513332 -23.2129576)
1454017538,-23.2117188,-45.8513896,3,0.012195121951219513,0.06297691703204296,0.026525623089200846,0.9978538227231444,0.050279901785714703,,POINT (-45.8513896 -23.2117188)
1454017540,-23.2127462,-45.8508729,3,0.012195121951219513,0.061734108802188596,0.04443089689000689,0.9961605640124356,0.049128644253232635,,POINT (-45.8508729 -23.2127462)
1454017543,-23.2125256,-45.8503858,4,0.016260162601626018,0.06407669775227164,0.04848663553126613,0.9827527600080715,0.06188607071588519,,POINT (-45.8503858 -23.2125256)
1454017553,-23.2129178,-45.8499691,3,0.012195121951219513,0.06027023960495256,0.016094580497739805,0.9875877063229952,0.02758977167291478,,POINT (-45.8499691 -23.2129178)
1454017557,-23.2132917,-45.8497379,3,0.012195121951219513,0.056877404438380054,0.012095772688887785,0.9912969695422414,0.019797258119093268,,POINT (-45.8497379 -23.2132917)
1454017559,-23.2137124,-45.8495151,3,0.012195121951219513,0.053834322127005056,0.008088685774841455,0.9946082326182012,0.02156782538208322,,POINT (-45.8495151 -23.2137124)
1454017561,-23.214089,-45.8493069,3,0.012195121951219513,0.051078933439533264,0.0,1.0009581513268688,0.017788484518144285,,POINT (-45.8493069 -23.214089)
1454017575,-23.2131911,-45.8484467,1,0.0040650406504065045,0.051078933439533264,0.0,1.0009581513268688,0.010604506555755816,turning_circle,POINT (-45.8484467 -23.2131911)
1454017582,-23.2159663,-45.85022,3,0.012195121951219513,0.05753455907584306,0.06561792157884588,0.986643070445706,0.04319207773353121,,POINT (-45.85022 -23.2159663)
1454017584,-23.2165405,-45.8512413,4,0.008130081300813009,0.05185507704614822,0.017787467092580656,0.9994688602790222,0.06537455123283595,,POINT (-45.8512413 -23.2165405)
1454017585,-23.2170402,-45.8510206,3,0.012195121951219513,0.05459314577484068,0.03379635377545197,0.9975278503379975,0.04251719970021905,,POINT (-45.8510206 -23.2170402)
1454017586,-23.2175102,-45.8507534,3,0.012195121951219513,0.053786854412134995,0.02355759802935574,0.998909717480709,0.04108804704544191,,POINT (-45.8507534 -23.2175102)
1454017587,-23.2180168,-45.8504653,3,0.012195121951219513,0.053090527641568845,0.020398422949729055,0.9986068201399455,0.04084187377919206,,POINT (-45.8504653 -23.2180168)
1454017590,-23.2146357,-45.8489594,1,0.0040650406504065045,0.0503724329150806,0.0,1.0006389517829826,0.012575462752765968,turning_circle,POINT (-45.8489594 -23.2146357)
1454017591,-23.2151793,-45.8486543,3,0.012195121951219513,0.05305012828365049,0.007625253005512306,0.9966127476946204,0.030154931462764246,,POINT (-45.8486543 -23.2151793)
1454017592,-23.2156703,-45.8483879,3,0.012195121951219513,0.05496825074130444,0.016430796319531687,0.9982723029782233,0.0382818739495521,,POINT (-45.8483879 -23.2156703)
1454017594,-23.216338,-45.8483853,3,0.012195121951219513,0.05598349547795122,0.029902003297078133,0.9966776055714156,0.041292602237583985,,POINT (-45.8483853 -23.216338)
1454017595,-23.2170215,-45.8484751,3,0.012195121951219513,0.057636486368406854,0.042719796834888045,0.9949404452729771,0.045062213641847496,,POINT (-45.8484751 -23.2170215)
1454017596,-23.2177004,-45.8485504,4,0.016260162601626018,0.060025600256002565,0.14287811392398517,0.9734116860648885,0.05527231127669757,,POINT (-45.8485504 -23.2177004)
1454017599,-23.2162348,-45.850754,3,0.012195121951219513,0.054568727505456875,0.020375460698659184,0.9940361570169163,0.03528693999025057,,POINT (-45.850754 -23.2162348)
1454017600,-23.2156987,-45.8496876,3,0.012195121951219513,0.05508614178590144,0.02109497556309098,0.9950155926565376,0.03288585238127789,,POINT (-45.8496876 -23.2156987)
1454017601,-23.2154306,-45.8491543,3,0.012195121951219513,0.05271204688715714,0.007724676188426126,0.9967361698381569,0.029811879951904867,,POINT (-45.8491543 -23.2154306)
1454017604,-23.2152054,-45.8512914,1,0.0040650406504065045,0.051739623630333,0.0,1.0003311985824357,0.013538198088364815,turning_circle,POINT (-45.8512914 -23.2152054)
1454017605,-23.2148857,-45.8501256,1,0.0040650406504065045,0.05220454964498297,0.0,1.0004000050855162,0.01311658896285358,turning_circle,POINT (-45.8501256 -23.2148857)
1454017606,-23.2147478,-45.8495084,1,0.0040650406504065045,0.05006752129694274,0.0,1.000677316575864,0.012516174667017117,turning_circle,POINT (-45.8495084 -23.2147478)
1454021527,-23.2156402,-45.8495713,3,0.012195121951219513,0.05430156115292098,0.016945009123931272,0.9984983055065376,0.036283723715054096,,POINT (-45.8495713 -23.2156402)
1454021529,-23.2161387,-45.8492883,3,0.012195121951219513,0.05452604805377663,0.009479597505099538,0.9993600214057393,0.039385452081237886,,POINT (-45.8492883 -23.2161387)
1454021533,-23.2160473,-45.8503811,3,0.012195121951219513,0.056196237918159926,0.04773030054032701,0.9936074687028107,0.03993405264917183,,POINT (-45.8503811 -23.2160473)
1454021539,-23.2165566,-45.8500914,3,0.012195121951219513,0.055906533403746225,0.0324481937454085,0.997370406783599,0.0405862518110052,,POINT (-45.8500914 -23.2165566)
1454021548,-23.2175643,-45.849561,3,0.012195121951219513,0.05486319618676794,0.017178157017740142,0.998871192444967,0.04203103515173306,,POINT (-45.849561 -23.2175643)
1454021549,-23.2180769,-45.849302,3,0.012195121951219513,0.0570302828188969,0.031624614718969705,0.9970224852331516,0.04514993268108297,,POINT (-45.849302 -23.2180769)
1454021550,-23.217082,-45.8498884,3,0.012195121951219513,0.05488170603703338,0.009847634726799092,0.9993630442394775,0.04085071008902893,,POINT (-45.8498884 -23.217082)
1454021551,-23.2171159,-45.8499569,3,0.012195121951219513,0.05395335877073531,0.0064753652035796925,0.999768386094651,0.040854348162653646,,POINT (-45.8499569 -23.2171159)
1454021553,-23.2176163,-45.849665,3,0.012195121951219513,0.05339841668468113,0.015121358675856077,0.9993304103825258,0.04101458719679168,,POINT (-45.849665 -23.2176163)
1454021561,-23.2165992,-45.8501732,3,0.012195121951219513,0.05567056012791476,0.02422909412295274,0.9982884525043277,0.04104587980535597,,POINT (-45.8501732 -23.2165992)
1454021562,-23.2168068,-45.8493325,3,0.012195121951219513,0.05433783877979076,0.008410838095196098,0.9994163883173673,0.04102403713529548,,POINT (-45.8493325 -23.2168068)
1454021563,-23.2172949,-45.8490372,3,0.012195121951219513,0.055267058899354564,0.009400782483114614,0.9992252441983298,0.0420216851129338,,POINT (-45.8490372 -23.2172949)
1454021572,-23.2162609,-45.8495231,3,0.012195121951219513,0.05507370839423325,0.013894111570999412,0.9990780557275172,0.040513745184748214,,POINT (-45.8495231 -23.2162609)
1454021582,-23.2167481,-45.8492139,3,0.012195121951219513,0.05512970290118627,0.012507635449909967,0.9993068775492238,0.040876871112638366,,POINT (-45.8492139 -23.2167481)
1454021589,-23.2185536,-45.8502746,3,0.006097560975609756,0.05152656848076241,0.008153508691857506,0.999471607153012,0.040793789056178115,,POINT (-45.8502746 -23.2185536)
1454021591,-23.2173348,-45.8477721,3,0.012195121951219513,0.06028513033740591,0.1279420532440332,0.9762690728173665,0.03499379511668522,,POINT (-45.8477721 -23.2173348)
1454021600,-23.2110361,-45.8481239,3,0.012195121951219513,0.06902519520244708,0.09991553258552906,0.9945129649783871,0.04385292569390056,,POINT (-45.8481239 -23.2110361)
1454021601,-23.2189427,-45.8482063,1,0.0040650406504065045,0.05685090052205275,0.0,1.0000746763341097,0.01365055411576845,turning_circle,POINT (-45.8482063 -23.2189427)
1454021602,-23.2181361,-45.8503974,3,0.008130081300813009,0.05053936724122834,0.013566289046679862,0.9989189618763503,0.04076334125150224,,POINT (-45.8503974 -23.2181361)
1454021608,-23.2185482,-45.8505594,3,0.006097560975609756,0.05152656848076241,0.044894103327197156,0.9979075769440326,0.0408124335962232,,POINT (-45.8505594 -23.2185482)
1454021610,-23.2184971,-45.8509403,3,0.008130081300813009,0.053786854412134995,0.07862631193156955,0.9837340949103374,0.04254914755716566,,POINT (-45.8509403 -23.2184971)
1454021634,-23.2192015,-45.8507253,3,0.008130081300813009,0.05790319531102288,0.06173883010958687,0.9919366429450759,0.0417459599347979,,POINT (-45.8507253 -23.2192015)
1454021651,-23.2164465,-45.8512923,4,0.008130081300813009,0.05171221045685078,0.022254269241636815,0.9980739913952275,0.06492674880076846,,POINT (-45.8512923 -23.2164465)
1454021656,-23.2162393,-45.8516256,3,0.006097560975609756,0.051477650852457896,0.023124947913862274,0.9955756153564825,0.0428598264397864,,POINT (-45.8516256 -23.2162393)
1454021673,-23.2165742,-45.8552113,3,0.006097560975609756,0.05035683934385521,0.06099573846356149,0.993594059120333,0.04757343869144089,,POINT (-45.8552113 -23.2165742)
1454034399,-23.2229597,-45.8475276,3,0.010162601626016262,0.047797074444789506,0.010092229231864619,0.9951221690423491,0.031587903830148555,,POINT (-45.8475276 -23.2229597)
1454036969,-23.2206477,-45.8550799,4,0.010162601626016262,0.04766635378797625,0.0317172519994039,0.9979085507720814,0.05673326315745588,,POINT (-45.8550799 -23.2206477)
1454044923,-23.2102514,-45.8572045,3,0.006097560975609756,0.04521943384741483,0.09067178255325722,0.970481124915916,0.04097630215457683,,POINT (-45.8572045 -23.2102514)
1454044940,-23.210246,-45.8569939,3,0.006097560975609756,0.06258921765824045,0.08880020665319638,0.9904065295043822,0.04311184548112208,,POINT (-45.8569939 -23.210246)
1454044963,-23.2153668,-45.8561979,3,0.008130081300813009,0.06285524601768429,0.06830060269813928,0.9961711037376266,0.05096191417949045,,POINT (-45.8561979 -23.2153668)
1454044968,-23.2143757,-45.8567663,3,0.006097560975609756,0.05915250061591525,0.0029741699802799597,0.9991090656836198,0.051386230815705355,,POINT (-45.8567663 -23.2143757)
1454044977,-23.2136871,-45.8565488,4,0.014227642276422765,0.06330368790780916,0.01073349225105064,0.9991545674611094,0.07640325206901605,,POINT (-45.8565488 -23.2136871)
1454044978,-23.2107636,-45.8564079,4,0.016260162601626018,0.06296879097823237,0.06427863611087424,0.9942283252847313,0.06677644170856362,,POINT (-45.8564079 -23.2107636)
1454044981,-23.2136478,-45.8571112,3,0.008130081300813009,0.06151621455707813,0.00822660181178868,0.9992767253043453,0.057017385348644395,,POINT (-45.8571112 -23.2136478)
1454044982,-23.2137576,-45.8547733,3,0.012195121951219513,0.06202441917657611,0.0,0.9999652645341185,0.027963050761284778,,POINT (-45.8547733 -23.2137576)
1454044989,-23.2122034,-45.8570548,3,0.008130081300813009,0.06182796529599656,0.0069042815983242495,0.9992387922398189,0.05458189571294103,,POINT (-45.8570548 -23.2122034)
1454044991,-23.2122635,-45.8555472,3,0.012195121951219513,0.06768490014997237,0.05637619874383699,0.9920352055350293,0.051072707594618766,,POINT (-45.8555472 -23.2122635)
1454045008,-23.2122748,-45.8553104,3,0.012195121951219513,0.06458551218651414,0.005171482406840808,0.9991465508068681,0.03968751858042939,,POINT (-45.8553104 -23.2122748)
1454045031,-23.2112148,-45.85539,3,0.012195121951219513,0.07014634613789002,0.05646083452497315,0.9918519218338204,0.05200271553773493,,POINT (-45.85539 -23.2112148)
1454047338,-23.2117146,-45.8445979,3,0.008130081300813009,0.06143876747844653,0.3192050403192423,0.8274198169131051,0.03878382135832112,,POINT (-45.8445979 -23.2117146)
1454047376,-23.2126211,-45.8433694,3,0.006097560975609756,0.04985779833278513,0.16395525971552993,0.9962976199413278,0.0387186446004847,,POINT (-45.8433694 -23.2126211)
1454047425,-23.2124044,-45.8438039,3,0.008130081300813009,0.045986442714031364,0.19624376997334128,0.95097326454294,0.03867255883689078,,POINT (-45.8438039 -23.2124044)
1454052675,-23.2127277,-45.8435389,3,0.006097560975609756,0.055715050814168374,0.16395525971552993,0.9905216289473301,0.041057086706695986,,POINT (-45.8435389 -23.2127277)
1454052681,-23.2129258,-45.8435948,3,0.008130081300813009,0.05503023568801317,0.16596513077438027,0.9896712005596497,0.04250264690296901,,POINT (-45.8435948 -23.2129258)
1454052692,-23.212761,-45.8434583,3,0.006097560975609756,0.05466653187871635,0.11931651255703712,0.9996297204768324,0.04121285091819379,,POINT (-45.8434583 -23.212761)
1454052710,-23.2139327,-45.8441808,3,0.008130081300813009,0.04813178124877215,0.015261367408553356,0.9986940424442117,0.04267729386639797,,POINT (-45.8441808 -23.2139327)
1454052711,-23.214108,-45.8442696,3,0.006097560975609756,0.04596911549371711,0.007723853205945491,0.9999354837065895,0.04124789500971184,,POINT (-45.8442696 -23.214108)
1454052712,-23.2141586,-45.8442871,3,0.006097560975609756,0.043960735977056194,0.007723853205945491,1.0003764111005515,0.041091129881921186,,POINT (-45.8442871 -23.2141586)
1454052716,-23.214463,-45.844248,3,0.008130081300813009,0.042565035331993094,0.0020827074724049568,1.0004552419201242,0.04174000273896916,,POINT (-45.844248 -23.214463)
1454052731,-23.214113,-45.8442183,3,0.006097560975609756,0.04092311363365206,0.004079607933117446,1.0004258861926292,0.04143014356295371,,POINT (-45.8442183 -23.214113)
1454052732,-23.2141227,-45.8442099,3,0.006097560975609756,0.042658053328785035,0.004079607933117446,1.0006133331610725,0.042209426273365463,,POINT (-45.8442099 -23.2141227)
1454052733,-23.2141769,-45.8442263,3,0.006097560975609756,0.04066395551048253,0.004426601001535185,1.000681826526613,0.04218679116365291,,POINT (-45.8442263 -23.2141769)
1454052750,-23.2142172,-45.8440351,3,0.008130081300813009,0.044518165488168296,0.008416360931139134,1.0001421065316147,0.04576426521747797,,POINT (-45.8440351 -23.2142172)
1454052757,-23.2141809,-45.8442382,3,0.006097560975609756,0.04237653092057145,0.004426601001535182,1.0007695774968857,0.04125074332545054,,POINT (-45.8442382 -23.2141809)
1454052767,-23.215828,-45.8437834,3,0.008130081300813009,0.04103667424161628,0.01593934727534648,1.0005602390309734,0.041623449639864064,,POINT (-45.8437834 -23.215828)
1454052772,-23.2160525,-45.8437499,3,0.006097560975609756,0.03945731970256313,0.010077740797774576,1.0009508523157438,0.04050829159269593,,POINT (-45.8437499 -23.2160525)
1454052778,-23.2161252,-45.8437246,3,0.006097560975609756,0.03796842216457643,0.010077740797774576,1.001147696070247,0.03830332804339166,,POINT (-45.8437246 -23.2161252)
1454052784,-23.21634,-45.84366,3,0.008130081300813009,0.036609762196646724,0.004048482440017882,0.9989972020090898,0.032196574636408036,,POINT (-45.84366 -23.21634)
1454052794,-23.2160183,-45.8436683,3,0.006097560975609756,0.03941270635449046,0.0021339393638335567,1.001054148541124,0.04108073720626367,,POINT (-45.8436683 -23.2160183)
1454052801,-23.2160971,-45.8436301,3,0.006097560975609756,0.03533474260236774,0.010077740797774576,1.000380197681672,0.041362481844756056,,POINT (-45.8436301 -23.2160971)
1454052817,-23.2161129,-45.8436404,3,0.006097560975609756,0.03662075116924065,0.010077740797774576,1.0008280676255439,0.03844822610727607,,POINT (-45.8436404 -23.2161129)
1454052828,-23.216044,-45.8434693,3,0.008130081300813009,0.04274024610976535,0.01593934727534648,0.9994332007077626,0.04447571834444749,,POINT (-45.8434693 -23.216044)
1454052866,-23.2153889,-45.8409662,3,0.008130081300813009,0.048698546061401136,0.05880015659336111,0.9947994772384378,0.04795517056005882,,POINT (-45.8409662 -23.2153889)
1454060955,-23.2133262,-45.841706,3,0.008130081300813009,0.04393698839302249,0.0619815210372063,0.9996011621952066,0.036939356032108094,,POINT (-45.841706 -23.2133262)
1454060964,-23.2151818,-45.8407967,4,0.010162601626016262,0.04123431601869884,0.05245836201451917,0.9950991949838001,0.04846788148052062,,POINT (-45.8407967 -23.2151818)
1454060966,-23.2155301,-45.8407074,3,0.006097560975609756,0.042973593702122295,0.050429981241913086,0.9987162642323153,0.04547731453834704,,POINT (-45.8407074 -23.2155301)
1454060972,-23.2158608,-45.8406355,4,0.012195121951219513,0.042973593702122295,0.03558773367774411,0.9996285937605599,0.0561143872933056,,POINT (-45.8406355 -23.2158608)
1454061025,-23.2151731,-45.8409228,3,0.006097560975609756,0.04810805698750994,0.005791234083420264,0.9976826442832962,0.04535430390179055,,POINT (-45.8409228 -23.2151731)
1454061043,-23.2155342,-45.8408437,3,0.008130081300813009,0.04668147408468536,0.052541153066462266,0.9983093507539859,0.04270098291277116,,POINT (-45.8408437 -23.2155342)
1454061047,-23.2155607,-45.8407947,3,0.006097560975609756,0.04460361302269453,0.031139666139169384,1.000467415577972,0.0462354406251186,,POINT (-45.8407947 -23.2155607)
1454061059,-23.2173386,-45.8394695,3,0.006097560975609756,0.041332102149682456,0.029866871988475485,0.9990800614785528,0.04417811420813217,,POINT (-45.8394695 -23.2173386)
1454061077,-23.2150077,-45.8396493,1,0.0040650406504065045,0.039598192963429146,0.0,1.000783492334797,0.01724288465387034,,POINT (-45.8396493 -23.2150077)
1454061088,-23.2159366,-45.840835,3,0.012195121951219513,0.044759069071017225,0.021711953372079543,0.9975945280228194,0.0377670693256608,,POINT (-45.840835 -23.2159366)
1454061106,-23.2169198,-45.8403945,1,0.0040650406504065045,0.04283779231752992,0.0,1.0010074442507266,0.014164935176568706,turning_circle,POINT (-45.8403945 -23.2169198)
1454061109,-23.2171993,-45.8409181,1,0.0040650406504065045,0.04424371079612882,0.0,1.0010144186136702,0.013618433849615093,turning_circle,POINT (-45.8409181 -23.2171993)
1454061111,-23.216665,-45.8414412,3,0.012195121951219513,0.046296189173826094,0.004048482440017882,0.9976429541610049,0.03577923163431642,,POINT (-45.8414412 -23.216665)
1454061125,-23.2164974,-45.841635,3,0.012195121951219513,0.04640625048319712,0.0005317945236478841,1.000321686411621,0.0471259247487336,,POINT (-45.841635 -23.2164974)
1454061142,-23.2136448,-45.8440208,3,0.012195121951219513,0.0504975300166909,0.05582237928867565,0.9976468896807072,0.049189160071768226,,POINT (-45.8440208 -23.2136448)
1454061151,-23.2131636,-45.8437309,3,0.012195121951219513,0.052877682314584555,0.16357412519426323,0.9900645888879183,0.04864096093499784,,POINT (-45.8437309 -23.2131636)
1454061177,-23.2154606,-45.8414461,4,0.016260162601626018,0.050844772877818384,0.10970618638394791,0.9945785928422263,0.064499703518319,,POINT (-45.8414461 -23.2154606)
1454061179,-23.2164272,-45.8414689,3,0.012195121951219513,0.04840870251773642,0.00894998868522288,0.9999520371467202,0.04660263401004229,,POINT (-45.8414689 -23.2164272)
1454061211,-23.2147707,-45.8441401,3,0.012195121951219513,0.04275897047939199,0.023932645931056356,0.9996592515674964,0.0445058523307812,,POINT (-45.8441401 -23.2147707)
1454061244,-23.2175782,-45.8421511,1,0.0040650406504065045,0.04269537446030629,0.0,1.0009514105094588,0.018331887809992495,turning_circle,POINT (-45.8421511 -23.2175782)
1454061261,-23.2156652,-45.842574,4,0.016260162601626018,0.046556776386309943,0.0706012325616418,0.9920934258766205,0.05836901178949149,,POINT (-45.842574 -23.2156652)
1454061284,-23.2173881,-45.8415126,1,0.0040650406504065045,0.04448164525396963,0.0,1.0007860062013985,0.019423751509521855,turning_circle,POINT (-45.8415126 -23.2173881)
1454061305,-23.2178307,-45.8426844,1,0.0040650406504065045,0.035314286857319695,0.0,1.0016358121765587,0.01297438157534732,turning_circle,POINT (-45.8426844 -23.2178307)
1454067830,-23.2146425,-45.8408859,3,0.008130081300813009,0.03964966932737251,0.04830443925620519,0.9970706032119941,0.037798227340168813,,POINT (-45.8408859 -23.2146425)
1454067832,-23.2144831,-45.8399018,1,0.0040650406504065045,0.03813457295313752,0.0,1.0008880722423468,0.01432753406565633,turning_circle,POINT (-45.8399018 -23.2144831)
1454067838,-23.2139775,-45.8412058,4,0.012195121951219513,0.047989785630966744,0.06516483698441872,0.9958797266745147,0.04720417564571931,,POINT (-45.8412058 -23.2139775)
1454067843,-23.214043,-45.8400556,1,0.0040650406504065045,0.04578796491661671,0.0,1.0007573838463506,0.017036785779987476,turning_circle,POINT (-45.8400556 -23.214043)
1454067867,-23.2134736,-45.8402262,1,0.0040650406504065045,0.04208780768273401,0.0,1.0010018906445204,0.013052068834387141,turning_circle,POINT (-45.8402262 -23.2134736)
1454067877,-23.2128593,-45.8405741,1,0.0040650406504065045,0.040448249488711216,0.0,1.0006953145368316,0.012940037406184064,,POINT (-45.8405741 -23.2128593)
1454067932,-23.210621,-45.8425219,3,0.012195121951219513,0.04409579200156328,0.06711870581027603,0.9531805966114051,0.03333722089257337,,POINT (-45.8425219 -23.210621)
1454067970,-23.2132189,-45.837389,3,0.012195121951219513,0.03907190793285035,0.016119417813322736,0.9897946262107581,0.026811470586440265,,POINT (-45.837389 -23.2132189)
1454067981,-23.2157407,-45.8355624,3,0.012195121951219513,0.03761141657659351,0.008088685774841455,0.9955603803057134,0.021581288297192493,,POINT (-45.8355624 -23.2157407)
1454139110,-23.2199371,-45.850275,3,0.012195121951219513,0.058810331414955515,0.09077627550140231,0.9645203789029324,0.044601451931937784,,POINT (-45.850275 -23.2199371)
1454185783,-23.2106983,-45.8478145,3,0.008130081300813009,0.06308274690813093,0.005179060145281396,0.9989414852797781,0.04591347955342692,,POINT (-45.8478145 -23.2106983)
1454203444,-23.215559,-45.8420206,4,0.016260162601626018,0.04864030001807045,0.07705369117991458,0.9940694635988621,0.06706360395177748,,POINT (-45.8420206 -23.215559)
1454203501,-23.2158977,-45.843138,4,0.016260162601626018,0.04460361302269453,0.051213677397175444,0.9935082715821564,0.05340693308429179,,POINT (-45.843138 -23.2158977)
1454248242,-23.2055891,-45.8563362,4,0.016260162601626018,0.06111560802520987,0.05492653213660067,0.9969904511785338,0.07214126441672074,,POINT (-45.8563362 -23.2055891)
1454889053,-23.1974399,-45.8611533,1,0.0040650406504065045,0.039905808331122804,0.0,1.0011614817401169,0.012755230764446917,turning_circle,POINT (-45.8611533 -23.1974399)
1454899412,-23.1954324,-45.8644229,3,0.006097560975609756,0.038492516964923555,0.003986389151060553,1.0011717321743105,0.029865720983237833,,POINT (-45.8644229 -23.1954324)
1454899416,-23.1953022,-45.8642615,3,0.008130081300813009,0.038504665463255545,0.006392159135440725,1.0006876538846765,0.03622490788409354,,POINT (-45.8642615 -23.1953022)
1455087455,-23.201609,-45.8625557,3,0.006097560975609756,0.04190349734512286,0.04065038440255766,0.9962571594936365,0.050460430188844885,,POINT (-45.8625557 -23.201609)
1455087457,-23.2005619,-45.8636349,3,0.0040650406504065045,0.0,0.0,1.0005215723339702,0.035113713135644084,,POINT (-45.8636349 -23.2005619)
1455133624,-23.2057939,-45.860633,3,0.006097560975609756,0.04731053127302965,0.09067178255325722,0.9780987896495983,0.03392743646470213,,POINT (-45.860633 -23.2057939)
2024367581,-23.2010985,-45.8597549,4,0.016260162601626018,0.05370398702336313,0.08232281625152103,0.9937771865628098,0.06140106995802402,,POINT (-45.8597549 -23.2010985)
2024367591,-23.2042631,-45.8575499,4,0.016260162601626018,0.054325740852866615,0.020382129814953524,0.9982425777247409,0.07228011899283494,,POINT (-45.8575499 -23.2042631)
2024367592,-23.2045128,-45.8580922,4,0.016260162601626018,0.05684427840201524,0.0334567122887838,0.9979388393575926,0.06969498026098057,,POINT (-45.8580922 -23.2045128)
2024367597,-23.2057838,-45.8580931,4,0.016260162601626018,0.06198502858901319,0.11567016187724839,0.9956503932351407,0.06490767474828057,,POINT (-45.8580931 -23.2057838)
2061113646,-23.2015928,-45.8555553,4,0.016260162601626018,0.04636216322262026,0.010742432357290665,0.9963922527660257,0.060522369456965805,,POINT (-45.8555553 -23.2015928)
2061113647,-23.2019377,-45.855893,4,0.016260162601626018,0.048084356102207196,0.011118762407222059,0.999352672192356,0.0656900851920159,,POINT (-45.855893 -23.2019377)
2061113648,-23.2055854,-45.8548991,4,0.016260162601626018,0.05977561612950769,0.06405487667370949,0.9970823275525911,0.07838631985110035,,POINT (-45.8548991 -23.2055854)
2061113649,-23.2061036,-45.8546189,4,0.016260162601626018,0.056528220790142567,0.013398637378883615,0.9988874229825361,0.06852414635429972,,POINT (-45.8546189 -23.2061036)
2061113650,-23.2061022,-45.8560564,4,0.016260162601626018,0.06288764562903361,0.09104884659567557,0.9955968375203188,0.07918923283835448,,POINT (-45.8560564 -23.2061022)
2061113651,-23.2066469,-45.8557642,4,0.016260162601626018,0.05930345486466167,0.008995222106441823,0.9984978192671059,0.06882554525748208,,POINT (-45.8557642 -23.2066469)
2061113653,-23.2122203,-45.8564832,4,0.016260162601626018,0.06385033757442116,0.00914936751651365,0.9991600122417406,0.07906684818219767,,POINT (-45.8564832 -23.2122203)
2061113654,-23.2122506,-45.8558771,4,0.016260162601626018,0.06618854334481226,0.09831245201327896,0.9954435288976029,0.0779446262923883,,POINT (-45.8558771 -23.2122506)
2061113655,-23.2137145,-45.8559729,4,0.016260162601626018,0.06533781364055441,0.07663142348113895,0.9961410139190721,0.07297125610294246,,POINT (-45.8559729 -23.2137145)
2061113656,-23.2137419,-45.8553726,4,0.016260162601626018,0.06362557106666243,0.0019057931686099546,0.9992719164111405,0.04414885051172003,,POINT (-45.8553726 -23.2137419)
2061117199,-23.2111054,-45.8491996,4,0.016260162601626018,0.07137752377962568,0.08402103295555123,0.9967485083928745,0.06980240648318638,,POINT (-45.8491996 -23.2111054)
2061127780,-23.2036987,-45.8531043,4,0.016260162601626018,0.04900172006037763,0.011427213530755152,0.9963003908936467,0.056880179210636435,,POINT (-45.8531043 -23.2036987)
2061127781,-23.2048574,-45.8524548,4,0.016260162601626018,0.050118941160655316,0.006819528737476895,0.9996814928672513,0.0712142671704997,,POINT (-45.8524548 -23.2048574)
2143249771,-23.2222912,-45.8561112,4,0.008130081300813009,0.04763843518950613,0.022034838474657658,0.9965890862741793,0.0673200505056485,,POINT (-45.8561112 -23.2222912)
2143249780,-23.222746,-45.8560427,4,0.008130081300813009,0.04356437511884493,0.01902331396022718,1.0002620552804802,0.06856563826659813,,POINT (-45.8560427 -23.222746)
3160449691,-23.2012844,-45.8629964,4,0.008130081300813009,0.04185677417285366,0.002929768350636663,0.9997915909423438,0.05094275691090663,traffic_signals,POINT (-45.8629964 -23.2012844)
3160449692,-23.2012514,-45.8629228,4,0.008130081300813009,0.04369309070474535,0.03718426802041625,0.9986968713061014,0.07116883798669439,traffic_signals,POINT (-45.8629228 -23.2012514)
3160449693,-23.2011882,-45.8628435,4,0.008130081300813009,0.049934322120259986,0.020465810055249226,0.9989249435365715,0.071989931401356,traffic_signals,POINT (-45.8628435 -23.2011882)
3160449694,-23.20071,-45.8635392,4,0.008130081300813009,0.04367353947389483,0.002929768350636663,1.0002372587031898,0.04682803074910866,traffic_signals,POINT (-45.8635392 -23.20071)
3160449699,-23.2015212,-45.8625016,3,0.006097560975609756,0.05221013481130853,0.025502062022850866,0.9988216684345284,0.05095844140006805,,POINT (-45.8625016 -23.2015212)
3160449701,-23.2011355,-45.8628001,3,0.006097560975609756,0.04992410537916121,0.004883357024954561,0.9996337689460583,0.05081316142419067,traffic_signals,POINT (-45.8628001 -23.2011355)
3160449702,-23.2010268,-45.8629129,3,0.006097560975609756,0.047568781565581524,0.0048833570249545615,1.0000177824965462,0.04465544701834217,,POINT (-45.8629129 -23.2010268)
3160449707,-23.2006707,-45.8627757,3,0.008130081300813009,0.04831763664171296,0.02275908187375577,0.9994943719522171,0.04661660829528151,,POINT (-45.8627757 -23.2006707)
3160449708,-23.2006359,-45.8634179,4,0.008130081300813009,0.04781112276685616,0.0450749451960271,0.9982668244729926,0.07077578634295734,traffic_signals,POINT (-45.8634179 -23.2006359)
3160449709,-23.2006892,-45.8635071,4,0.008130081300813009,0.04565090084951364,0.04082707430591291,0.9997078751729657,0.06688440771803952,traffic_signals,POINT (-45.8635071 -23.2006892)
3161589327,-23.2054477,-45.8606704,3,0.006097560975609756,0.06076554975486251,0.12533900831040581,0.9979356859001041,0.046485881915813106,,POINT (-45.8606704 -23.2054477)
3161589328,-23.2053315,-45.8607453,3,0.006097560975609756,0.05729139822508815,0.12533900831040581,0.99593051377922,0.043956869728926054,,POINT (-45.8607453 -23.2053315)
3161589330,-23.2053982,-45.861035,3,0.006097560975609756,0.05495587050465099,0.0940885373093642,0.9951725116667843,0.04372310634772298,,POINT (-45.861035 -23.2053982)
3161589339,-23.2056101,-45.86093,3,0.006097560975609756,0.05209865806355298,0.09408853730936421,0.9970378603789725,0.04325337335393411,,POINT (-45.86093 -23.2056101)
3178886311,-23.2222758,-45.8559812,4,0.008130081300813009,0.04177794110789323,0.015065901677346711,1.0000128848678986,0.07082131544820756,,POINT (-45.8559812 -23.2222758)
3178886345,-23.2204448,-45.8551065,3,0.006097560975609756,0.04956913459434239,0.02973854585796367,0.9947114272333982,0.05316797121375478,,POINT (-45.8551065 -23.2204448)
3178886355,-23.2186819,-45.8537872,3,0.006097560975609756,0.047596618558597564,0.03743967075900548,0.9991930938700023,0.051103078493741426,,POINT (-45.8537872 -23.2186819)
3178886356,-23.2185834,-45.8535374,3,0.008130081300813009,0.05335754757066486,0.07998823459211124,0.9827535405480388,0.048982527679695756,,POINT (-45.8535374 -23.2185834)
3178889265,-23.2140118,-45.85673,3,0.006097560975609756,0.060411999267306365,0.004031690241894636,0.9994150706787568,0.056410196939373713,,POINT (-45.85673 -23.2140118)
3178889269,-23.2139815,-45.8570928,3,0.006097560975609756,0.043324585412047305,0.06599037369135553,0.974748885814436,0.04806828928506706,,POINT (-45.8570928 -23.2139815)
3178889276,-23.2186643,-45.8507251,3,0.006097560975609756,0.05263813289626802,0.04043994948888037,0.9949576715311047,0.041171609060503406,,POINT (-45.8507251 -23.2186643)
3178889277,-23.2186967,-45.8507113,3,0.006097560975609756,0.0500213335466688,0.04043994948888036,0.9950795938987278,0.04104596459177852,,POINT (-45.8507113 -23.2186967)
3178889278,-23.2186986,-45.8505144,3,0.006097560975609756,0.053038596900478296,0.03699208777360265,0.9995515145237694,0.040799752103606805,,POINT (-45.8505144 -23.2186986)
3178889279,-23.2187417,-45.8505718,3,0.006097560975609756,0.05598991854994273,0.03699208777360265,0.9993538400080075,0.04099535561155329,,POINT (-45.8505718 -23.2187417)
3178889289,-23.2185378,-45.8506307,3,0.006097560975609756,0.049016485544526,0.044894103327197156,0.9975150332021873,0.04113767676121346,,POINT (-45.8506307 -23.2185378)
3178889293,-23.2184375,-45.8503378,3,0.006097560975609756,0.04908057227006948,0.016055524245452046,0.9990192859769551,0.04075289534730278,,POINT (-45.8503378 -23.2184375)
3178889295,-23.218475,-45.85036,3,0.006097560975609756,0.04679786441132536,0.016055524245452042,0.9986680436485306,0.04075968133674954,,POINT (-45.85036 -23.218475)
3178889305,-23.2184308,-45.8502465,3,0.006097560975609756,0.04957920655098047,0.006977656000341857,0.9997874629150842,0.040787533425349444,,POINT (-45.8502465 -23.2184308)
3178889308,-23.2185313,-45.8502319,3,0.006097560975609756,0.049016485544526,0.008153508691857506,0.9995858603532742,0.041000008014827574,,POINT (-45.8502319 -23.2185313)
3178889309,-23.2184464,-45.8502286,3,0.006097560975609756,0.05214876363339398,0.006977656000341857,0.9997014722013928,0.040999294844411935,,POINT (-45.8502286 -23.2184464)
3178889313,-23.2184169,-45.8499718,3,0.008130081300813009,0.05403101528800939,0.010424815408612965,0.9986314437641621,0.041828843693643716,,POINT (-45.8499718 -23.2184169)
3179135092,-23.2111445,-45.855078,3,0.012195121951219513,0.07020689542242856,0.03261353294988636,0.9976006516475817,0.05209558047778041,,POINT (-45.855078 -23.2111445)
3179135096,-23.2104304,-45.8556307,4,0.008130081300813009,0.06923083133512567,0.010263366859804269,0.9990019987607883,0.07224619335136652,,POINT (-45.8556307 -23.2104304)
3179135102,-23.209979,-45.8558133,3,0.006097560975609756,0.06685042877826039,0.17110102553331705,0.9883252266083962,0.04904088357455856,,POINT (-45.8558133 -23.209979)
3179135113,-23.2116926,-45.849041,3,0.012195121951219513,0.0653728238554991,0.0011439091357811236,0.9995240791123061,0.04538015620192861,,POINT (-45.849041 -23.2116926)
3179135115,-23.2116847,-45.8520066,3,0.008130081300813009,0.056462817318211365,0.008978400793263444,0.9992492009456806,0.04221173894603063,,POINT (-45.8520066 -23.2116847)
3179135118,-23.2113226,-45.8524109,3,0.006097560975609756,0.05072849585044707,0.008691021004120201,0.9994930927606358,0.041204572234204866,,POINT (-45.8524109 -23.2113226)
3179135121,-23.211374,-45.8524543,3,0.006097560975609756,0.058923947124040185,0.008681316027759322,0.9993516468029977,0.04139007647818003,,POINT (-45.8524543 -23.211374)
3179135123,-23.2114268,-45.8523221,3,0.006097560975609756,0.05516086018778126,0.007386854958386426,0.9999246414829845,0.04100724025072791,,POINT (-45.8523221 -23.2114268)
3179135131,-23.2113627,-45.8523108,3,0.006097560975609756,0.0534276472609263,0.008691021004120201,0.9998390159747182,0.04086642399783465,,POINT (-45.8523108 -23.2113627)
3179135137,-23.2114432,-45.852053,3,0.006097560975609756,0.05314256017437666,0.004890467438279271,0.9999643041423564,0.04084121639129687,,POINT (-45.852053 -23.2114432)
3179135142,-23.211551,-45.8519945,3,0.006097560975609756,0.05353901591676367,0.0030934511952593518,1.0000221741033315,0.041136924507143874,,POINT (-45.8519945 -23.211551)
3179135143,-23.2115411,-45.8519745,3,0.006097560975609756,0.050834180216802166,0.0030934511952593518,0.9999551174951506,0.04123148553979585,,POINT (-45.8519745 -23.2115411)
3179135146,-23.2115097,-45.8520793,3,0.006097560975609756,0.053433497216829176,0.003586301392545493,1.0001455925640512,0.04085011281814594,,POINT (-45.8520793 -23.2115097)
3179135147,-23.2115268,-45.8520708,3,0.006097560975609756,0.05073904450834901,0.003586301392545493,1.0001260036804165,0.041085205745705705,,POINT (-45.8520708 -23.2115268)
3179135150,-23.2114852,-45.8519499,3,0.006097560975609756,0.0561057863970224,0.004890467438279271,0.9998737974737765,0.04118998456735474,,POINT (-45.8519499 -23.2114852)
3179135157,-23.2114355,-45.8524311,3,0.008130081300813009,0.0583671965173186,0.011788681799051374,0.998723296989033,0.042003677078783004,,POINT (-45.8524311 -23.2114355)
3179135172,-23.212476,-45.8477925,3,0.012195121951219513,0.06419470272050787,0.13969434819885168,0.9880202481687608,0.0413751184257249,,POINT (-45.8477925 -23.212476)
3179135174,-23.2113307,-45.8479926,3,0.012195121951219513,0.06831020857800964,0.09515755700057871,0.9948895482110073,0.0473268686105635,,POINT (-45.8479926 -23.2113307)
3179135178,-23.2124547,-45.8475721,3,0.012195121951219513,0.061369231650062986,0.013514259378846333,0.9985512049011279,0.041612673130853255,,POINT (-45.8475721 -23.2124547)
3179135182,-23.2129073,-45.8471384,3,0.012195121951219513,0.05482005505294325,0.004105056325512339,0.9969407973761572,0.0318426580355746,,POINT (-45.8471384 -23.2129073)
3179135184,-23.2129814,-45.8454223,3,0.012195121951219513,0.05539881145207184,0.0035564276213026894,0.9997543768187228,0.036170082049116724,,POINT (-45.8454223 -23.2129814)
3179135189,-23.2102489,-45.856374,1,0.0040650406504065045,0.05923147591713811,0.0,0.99985465102556,0.020921863190266968,,POINT (-45.856374 -23.2102489)
3359546072,-23.2160297,-45.8436484,3,0.006097560975609756,0.04101942759362031,0.0021339393638335567,1.0009083150920994,0.04179002939443941,,POINT (-45.8436484 -23.2160297)
3359546085,-23.2126738,-45.8435632,3,0.006097560975609756,0.05898091975843617,0.16395525971552993,0.9898497764956904,0.04027346502981437,,POINT (-45.8435632 -23.2126738)
3370554246,-23.2140071,-45.841297,3,0.008130081300813009,0.050113794421986116,0.018497709053319794,0.9971855055755802,0.04398344774890688,,POINT (-45.841297 -23.2140071)
3370554247,-23.2133554,-45.841437,3,0.010162601626016262,0.043940944541806304,0.004048482440017882,0.9976306074339578,0.032471399550387685,,POINT (-45.841437 -23.2133554)
3370554248,-23.2135024,-45.8415592,3,0.006097560975609756,0.04582666260506158,0.06197324193201199,0.999816328038826,0.04024476233247954,,POINT (-45.8415592 -23.2135024)
3370572767,-23.2127348,-45.8433906,3,0.006097560975609756,0.05184956758194866,0.11931651255703712,0.9969701531995188,0.0412088015411546,,POINT (-45.8433906 -23.2127348)
3370572769,-23.2125714,-45.8434655,3,0.006097560975609756,0.04750395503565665,0.16395525971552993,0.9968701724498935,0.03990299282189346,,POINT (-45.8434655 -23.2125714)
4453703041,-23.1997108,-45.8640778,3,0.0040650406504065045,0.04335150247901665,0.0,1.0006358407011546,0.025870551909989912,,POINT (-45.8640778 -23.1997108)
4453703042,-23.1995818,-45.8639296,3,0.008130081300813009,0.045077418259865214,0.006824397419126938,0.999228421450396,0.035896043322109744,,POINT (-45.8639296 -23.1995818)
5241897980,-23.2057391,-45.8607551,3,0.006097560975609756,0.04953391494938092,0.09261954807772035,0.9817116276669405,0.04425610324912282,,POINT (-45.8607551 -23.2057391)
5306968296,-23.2178138,-45.8381695,3,0.0040650406504065045,0.03554319956892213,0.0,1.0015245902083572,0.025103852082915056,,POINT (-45.8381695 -23.2178138)
5327748850,-23.2138704,-45.8469002,1,0.0040650406504065045,0.051965512733606736,0.0,1.0007003177849119,0.012913779111598949,,POINT (-45.8469002 -23.2138704)
5327748855,-23.2118652,-45.8470656,3,0.012195121951219513,0.05998870683236642,0.011156163241876816,0.9990528136437379,0.04168223997980587,,POINT (-45.8470656 -23.2118652)
5327748865,-23.2117292,-45.8478302,3,0.012195121951219513,0.06370031720157952,0.024857766943977264,0.9970628105830638,0.04579831156665128,,POINT (-45.8478302 -23.2117292)
5327748868,-23.2126168,-45.8473936,3,0.012195121951219513,0.057916939245347826,0.008016933529824096,0.9994278282190378,0.03884681775826742,,POINT (-45.8473936 -23.2126168)
5327748873,-23.2115878,-45.8478917,4,0.016260162601626018,0.06699727211440155,0.19356885948515953,0.9831117969870694,0.05924743479511791,,POINT (-45.8478917 -23.2115878)
5327748879,-23.2106547,-45.8475228,3,0.012195121951219513,0.06636857474245897,0.3632899935964131,0.8185711931110338,0.04853457916796236,,POINT (-45.8475228 -23.2106547)
5327748882,-23.2114987,-45.8448339,3,0.012195121951219513,0.06382528512703385,0.3188531783484841,0.8227031977724656,0.034568209690080905,,POINT (-45.8448339 -23.2114987)
5327748890,-23.2104534,-45.8437057,1,0.0040650406504065045,0.05998870683236642,0.0,0.9999204112013597,0.013422109086468167,,POINT (-45.8437057 -23.2104534)
5327748891,-23.2105086,-45.8410992,3,0.012195121951219513,0.04230306259373274,0.039814216879439666,0.9727608706897461,0.02967934257974492,,POINT (-45.8410992 -23.2105086)
5327748900,-23.2098615,-45.8403347,1,0.0040650406504065045,0.040582796680357656,0.0,1.0006581134181922,0.012529947029881798,,POINT (-45.8403347 -23.2098615)
5327749325,-23.2047869,-45.8401322,3,0.008130081300813009,0.04226642387677991,0.020076830096203202,0.9859818320626139,0.022515853606631976,,POINT (-45.8401322 -23.2047869)
5327749329,-23.2057576,-45.8395837,3,0.012195121951219513,0.04057604806529482,0.016119417813322736,0.9891217061004489,0.023641441859379837,,POINT (-45.8395837 -23.2057576)
5327749330,-23.206515,-45.8407009,1,0.0040650406504065045,0.038990742256415856,0.0,1.0009282709936216,0.011162427258980916,,POINT (-45.8407009 -23.206515)
5327749346,-23.2049268,-45.8380964,1,0.0040650406504065045,0.037536199529367036,0.0,1.0011400500689873,0.010436106776243891,,POINT (-45.8380964 -23.2049268)
5327749347,-23.2050642,-45.8382842,3,0.012195121951219513,0.039003207327469695,0.008088685774841455,0.9951725272798454,0.02072366792147366,,POINT (-45.8382842 -23.2050642)
5327749362,-23.2065988,-45.8368941,1,0.0040650406504065045,0.037536199529367036,0.0,1.0011400500689873,0.010436106776243891,,POINT (-45.8368941 -23.2065988)
5327749439,-23.2112937,-45.839738,3,0.012195121951219513,0.04063686652354907,0.03204841620717633,0.9785308846778449,0.03131206320238503,,POINT (-45.839738 -23.2112937)
5327749445,-23.2109317,-45.8387491,3,0.012195121951219513,0.0390593989179847,0.008088685774841455,0.9950028667155719,0.02284796666669169,,POINT (-45.8387491 -23.2109317)
5327749479,-23.2104693,-45.8346781,1,0.0040650406504065045,0.03758824078266201,0.0,1.0010915110181686,0.010880530517974007,,POINT (-45.8346781 -23.2104693)
5327749486,-23.2115686,-45.8375774,1,0.0040650406504065045,0.03758824078266201,0.0,1.0010915110181686,0.010880530517974005,,POINT (-45.8375774 -23.2115686)
5327749494,-23.2134144,-45.8360117,1,0.0040650406504065045,0.03759982510835202,0.0,1.0010661862960026,0.011958380786375065,,POINT (-45.8360117 -23.2134144)
5327749507,-23.2175527,-45.8349869,1,0.0040650406504065045,0.03624540478916376,0.0,1.001265018930732,0.010612136092925497,,POINT (-45.8349869 -23.2175527)
5327789960,-23.2161924,-45.8362732,1,0.0040650406504065045,0.03624540478916376,0.0,1.001265018930732,0.010612136092925497,,POINT (-45.8362732 -23.2161924)
5327789969,-23.2145198,-45.8474371,3,0.012195121951219513,0.06209544854069231,0.14128686365121018,0.9778982006683211,0.03623895190176924,,POINT (-45.8474371 -23.2145198)
5333797419,-23.2162735,-45.8515306,3,0.006097560975609756,0.04897221576330164,0.023124947913862277,0.9961766115862323,0.044158770761372555,,POINT (-45.8515306 -23.2162735)
5333797527,-23.2162877,-45.8554647,3,0.006097560975609756,0.051564679847981916,0.06320019543067622,0.9965097584667241,0.044270386097961426,,POINT (-45.8554647 -23.2162877)
5333797537,-23.2161464,-45.8516113,3,0.006097560975609756,0.04573646954838808,0.025329404880976913,0.9984211466342718,0.041336135552484915,,POINT (-45.8516113 -23.2161464)
5333797538,-23.2153578,-45.8518915,1,0.0040650406504065045,0.04570220360379292,0.0,1.0006512874250486,0.01302282638405406,turning_circle,POINT (-45.8518915 -23.2153578)
5333797539,-23.2161368,-45.8515113,3,0.006097560975609756,0.050247954085801155,0.025329404880976913,0.9995054193715386,0.039765000238741875,,POINT (-45.8515113 -23.2161368)
5333797540,-23.2161323,-45.8515886,3,0.006097560975609756,0.0479143966697399,0.025329404880976913,0.9991921464205527,0.03871905800805856,,POINT (-45.8515886 -23.2161323)
5333797550,-23.2162177,-45.8514685,3,0.006097560975609756,0.05288914382586982,0.025329404880976913,0.9989728714410819,0.04705304169222882,,POINT (-45.8514685 -23.2162177)
5333797555,-23.2149111,-45.8474444,3,0.012195121951219513,0.06084889402509985,0.13075541310467093,0.9765049990127005,0.03091074442606328,,POINT (-45.8474444 -23.2149111)
5333797556,-23.2149798,-45.8468125,1,0.0040650406504065045,0.05735199554369501,0.0,1.000121394062979,0.012726922192876385,,POINT (-45.8468125 -23.2149798)
5355099049,-23.2125343,-45.8469062,3,0.012195121951219513,0.057271227564992463,3.3116420777242394e-05,1.0000435648593973,0.04043521250159811,,POINT (-45.8469062 -23.2125343)
5355099061,-23.2124417,-45.845538,3,0.012195121951219513,0.05728467309323874,0.00490129926757516,0.9998079258183009,0.04000201804053167,,POINT (-45.845538 -23.2124417)
5355099062,-23.2088956,-45.853314,1,0.0040650406504065045,0.06292007865927035,0.0,0.9999575289820906,0.013177128514602064,,POINT (-45.853314 -23.2088956)
5355099068,-23.209345,-45.8533508,3,0.012195121951219513,0.06715400166248808,0.20929267190952647,0.985465340157167,0.033317355064946215,,POINT (-45.8533508 -23.209345)
5355173610,-23.2222842,-45.8480662,3,0.010162601626016262,0.05563882454467003,0.033936052191479146,0.973180599106733,0.03913518485720013,,POINT (-45.8480662 -23.2222842)
5355173611,-23.2225119,-45.848195,3,0.008130081300813009,0.05272343669849836,0.004048482440017882,0.9968596414394965,0.03223880875951238,,POINT (-45.848195 -23.2225119)
5355174562,-23.2233348,-45.8487186,3,0.0040650406504065045,0.04560397440251387,0.0,1.001057375523789,0.012628104925424984,,POINT (-45.8487186 -23.2233348)
5355174564,-23.2229805,-45.8477962,3,0.008130081300813009,0.04778771348230521,0.004048482440017882,0.9977834032531292,0.030260128065858143,,POINT (-45.8477962 -23.2229805)
5355324563,-23.2230105,-45.8474811,3,0.006097560975609756,0.045612499306598824,0.0020283807726060965,0.9982695177021761,0.017356412199023775,,POINT (-45.8474811 -23.2230105)
5357599328,-23.2096195,-45.8563265,1,0.0040650406504065045,0.061906397320981965,0.0,1.0000477962866048,0.013751337787200713,,POINT (-45.8563265 -23.2096195)
5357599329,-23.2090376,-45.856665,3,0.012195121951219513,0.06600055857199091,0.017277765289731854,0.9950739380111735,0.03644341211291615,,POINT (-45.856665 -23.2090376)
6206829294,-23.1960733,-45.8540422,3,0.006097560975609756,0.028591992622527585,0.006060305002235357,1.0013750262800254,0.03360859513685861,,POINT (-45.8540422 -23.1960733)
6206829295,-23.1960178,-45.8536385,3,0.006097560975609756,0.03126854168522464,0.006060305002235358,1.0013750262800254,0.03360859513685861,,POINT (-45.8536385 -23.1960178)
6308115793,-23.2122452,-45.8540843,3,0.012195121951219513,0.06254910664974375,0.0382999282813637,0.9975020608118715,0.041855916058117615,,POINT (-45.8540843 -23.2122452)
7041067215,-23.2195743,-45.840107,3,0.0040650406504065045,0.03820921782659731,0.0,1.0013264269075586,0.025358044366264623,,POINT (-45.840107 -23.2195743)
7041067218,-23.2164936,-45.8392188,3,0.006097560975609756,0.03226713370016535,0.02986687198847548,0.9973995868445932,0.0427781358551282,,POINT (-45.8392188 -23.2164936)
7041067220,-23.2161659,-45.839164,3,0.006097560975609756,0.033331611917307616,0.029866871988475485,0.9981185147000023,0.04074877631656186,,POINT (-45.839164 -23.2161659)
7041067223,-23.2137896,-45.8392243,3,0.008130081300813009,0.03332705935131468,0.020076830096203202,0.9903517631107434,0.039910992227994053,,POINT (-45.8392243 -23.2137896)
7041083990,-23.1950218,-45.8539403,3,0.0040650406504065045,0.0303223642401703,0.006060305002235358,1.0017218453876213,0.02128362633330119,,POINT (-45.8539403 -23.1950218)
7041083997,-23.1951593,-45.8543925,3,0.0040650406504065045,0.029431767087708876,0.006060305002235358,1.0017218453876213,0.021283626333301185,,POINT (-45.8543925 -23.1951593)
7041084011,-23.1974514,-45.8533555,3,0.008130081300813009,0.03226713370016535,0.016094580497739805,0.9927414594471465,0.037586005599512105,,POINT (-45.8533555 -23.1974514)
7227933707,-23.2230013,-45.8494031,3,0.0040650406504065045,0.050077796827224304,0.0,1.000640454441319,0.012986296774341257,,POINT (-45.8494031 -23.2230013)
7352696580,-23.2161985,-45.8387435,3,0.006097560975609756,0.03435225468684365,0.029866871988475485,1.0007012579717591,0.03934433319881598,,POINT (-45.8387435 -23.2161985)
7352696583,-23.2175953,-45.8391207,3,0.006097560975609756,0.0368363624759436,0.029866871988475485,1.001148326780229,0.03390590184991699,,POINT (-45.8391207 -23.2175953)
7352719588,-23.2169071,-45.8388791,3,0.006097560975609756,0.03556132989006054,0.029866871988475485,1.0010551051695953,0.03488140480655644,,POINT (-45.8388791 -23.2169071)
7352719593,-23.2178187,-45.8396843,3,0.006097560975609756,0.039707740445996814,0.029866871988475485,0.9999507370583848,0.03602813535848682,,POINT (-45.8396843 -23.2178187)
7352719596,-23.2179672,-45.8392901,3,0.006097560975609756,0.03823017078584417,0.029866871988475485,1.0009189168863482,0.03412808435154651,,POINT (-45.8392901 -23.2179672)
7650927101,-23.2027241,-45.8582515,3,0.008130081300813009,0.050649520506621776,0.0070503810362512595,0.9989498281048756,0.04629691566434018,,POINT (-45.8582515 -23.2027241)
7808796936,-23.2136861,-45.8454849,3,0.012195121951219513,0.05543027374844398,0.006637565611908663,0.9964291110624169,0.029716620244408676,,POINT (-45.8454849 -23.2136861)
7808796942,-23.2140016,-45.8461726,1,0.0040650406504065045,0.05532344746415382,0.0,1.0003791059724534,0.012503005459831202,,POINT (-45.8461726 -23.2140016)
7808796943,-23.2141027,-45.8453257,3,0.012195121951219513,0.05857034686525454,0.012718016436783513,0.9952170920440324,0.02972510341318789,,POINT (-45.8453257 -23.2141027)
7808956270,-23.2208284,-45.8548807,3,0.006097560975609756,0.045544389181642636,0.0,1.0002657885561848,0.0323838602093301,,POINT (-45.8548807 -23.2208284)
7808956271,-23.2209407,-45.8552864,3,0.006097560975609756,0.03862351642907011,0.021852698160382825,0.9997815665529473,0.0440549241416426,,POINT (-45.8552864 -23.2209407)
7809794211,-23.2060648,-45.8609005,1,0.0020325203252032522,0.0,0.0,0.9996753367712011,0.013279466837002431,,POINT (-45.8609005 -23.2060648)
7809899485,-23.2116053,-45.8479582,3,0.012195121951219513,0.06669511139555839,0.13720923678969282,0.9948941737486209,0.04695733560229631,,POINT (-45.8479582 -23.2116053)
7812391869,-23.2163541,-45.8509913,3,0.008130081300813009,0.05350379674172798,0.016616522020777787,0.9973330793100464,0.05121468228366225,,POINT (-45.8509913 -23.2163541)
7812391870,-23.2164876,-45.8513687,3,0.006097560975609756,0.052877682314584555,0.020049812274522162,0.9989499419976822,0.04914866958205538,,POINT (-45.8513687 -23.2164876)
7812391871,-23.2165762,-45.8513155,3,0.006097560975609756,0.05022726740235703,0.020049812274522145,0.9992365785883581,0.05009761352351929,,POINT (-45.8513155 -23.2165762)
7812391872,-23.2168556,-45.8511255,3,0.008130081300813009,0.05360959354952222,0.022802036699553923,0.9981366207403806,0.04892491348977129,,POINT (-45.8511255 -23.2168556)
7812477972,-23.2075479,-45.851883,1,0.0040650406504065045,0.05849312358639588,0.0,1.0002907781956476,0.01172711006834575,,POINT (-45.851883 -23.2075479)
7812477973,-23.2079863,-45.8514247,3,0.012195121951219513,0.062134979638566436,0.01147623547524602,0.9953506833619535,0.02653042856903208,,POINT (-45.8514247 -23.2079863)
7812611868,-23.2159188,-45.8516095,3,0.008130081300813009,0.04789558642470319,0.004048482440017882,0.9968860164598728,0.03250723156884534,,POINT (-45.8516095 -23.2159188)
8113824080,-23.213043,-45.8421503,3,0.008130081300813009,0.042156887532938905,0.06400162270461808,0.9958441012595348,0.031987368564363634,,POINT (-45.8421503 -23.213043)
8113975279,-23.2158366,-45.840541,3,0.008130081300813009,0.041311108954651725,0.03527726723295745,0.9994375965930301,0.04628541832971617,,POINT (-45.840541 -23.2158366)
8163558861,-23.2015999,-45.8586582,3,0.012195121951219513,0.051207568738856325,0.017061588459605124,0.9983608994340211,0.042860880576127434,,POINT (-45.8586582 -23.2015999)
8164030949,-23.2233614,-45.8472932,3,0.0020325203252032522,0.043789279045605464,0.0,1.0012617200069722,0.008965801574142934,,POINT (-45.8472932 -23.2233614)
8166476405,-23.2225949,-45.84784,3,0.010162601626016262,0.05278045966702367,0.026054344046495453,0.9829576189083363,0.037620029957856085,,POINT (-45.84784 -23.2225949)
8167145017,-23.2026058,-45.8580286,3,0.006097560975609756,0.04832720638555167,0.001789871759602853,1.0001902303057544,0.04245749839996335,,POINT (-45.8580286 -23.2026058)
8167145019,-23.2025115,-45.8580834,3,0.006097560975609756,0.043417093423603274,0.002063839619358325,1.0000184873438296,0.042594887052228705,,POINT (-45.8580834 -23.2025115)
8167145022,-23.2012372,-45.8583722,3,0.010162601626016262,0.047068685385927934,0.0025986451388679385,1.000217437610199,0.04672077190037324,,POINT (-45.8583722 -23.2012372)
8167145023,-23.2013742,-45.8582849,3,0.010162601626016262,0.047091395356682504,0.0001197070955236492,1.0002149938440836,0.047915355616042786,,POINT (-45.8582849 -23.2013742)
8167146376,-23.2231814,-45.8561114,3,0.006097560975609756,0.04172792903645155,0.004044342887420727,1.0008679844634822,0.025029283759193107,,POINT (-45.8561114 -23.2231814)
8167146377,-23.2231609,-45.8562257,3,0.006097560975609756,0.04354882474400328,0.004044342887420727,1.0004654264990078,0.028577681928501738,,POINT (-45.8562257 -23.2231609)
8863783287,-23.2119048,-45.8490605,3,0.012195121951219513,0.06359240683884557,0.025643081337455815,0.9985952836546715,0.0448319934489367,,POINT (-45.8490605 -23.2119048)
8866552518,-23.2021984,-45.8610226,3,0.010162601626016262,0.05330509340046978,0.013352203957454314,0.9990582297728077,0.04749317919029529,,POINT (-45.8610226 -23.2021984)
8866552519,-23.2019441,-45.8608966,3,0.008130081300813009,0.05071268108503594,0.002058116478283854,0.9997787705486254,0.04305113031270613,,POINT (-45.8608966 -23.2019441)
8962304382,-23.1997062,-45.8598454,3,0.012195121951219513,0.04878130048793491,0.002523910587015344,1.0001129369862498,0.04242789710312206,,POINT (-45.8598454 -23.1997062)
8962304383,-23.1995802,-45.8599591,3,0.012195121951219513,0.04679786441132536,0.0014302661593766793,1.0003272608618718,0.04146219894399586,,POINT (-45.8599591 -23.1995802)
8982529158,-23.2071148,-45.8501601,3,0.012195121951219513,0.06139239276403331,0.02049490908345008,0.9963920890804725,0.03757971212341814,,POINT (-45.8501601 -23.2071148)
8982529159,-23.2065458,-45.8502777,3,0.012195121951219513,0.057875727002051805,0.007468777917339824,0.996648487330206,0.029840720301138025,,POINT (-45.8502777 -23.2065458)
8982529165,-23.2065902,-45.8504413,3,0.012195121951219513,0.05477698171302063,0.0040843585625265615,0.9971523795180643,0.02884582517511289,,POINT (-45.8504413 -23.2065902)
8982529166,-23.2071328,-45.8502404,3,0.012195121951219513,0.057916939245347826,0.00724026371694989,0.9996293376996932,0.03240963115290326,,POINT (-45.8502404 -23.2071328)
8982529168,-23.2074685,-45.8508306,3,0.012195121951219513,0.05792381365950158,0.002748309080783577,1.0000744580734793,0.020692410746381697,,POINT (-45.8508306 -23.2074685)
8982529174,-23.2076701,-45.851062,3,0.012195121951219513,0.0585914431601994,0.0041642046632794786,0.9998553495695063,0.019487968145481215,,POINT (-45.851062 -23.2076701)
8982881549,-23.2066407,-45.8506626,1,0.0040650406504065045,0.05192680677604818,0.0,1.000767253415963,0.012329334379974875,,POINT (-45.8506626 -23.2066407)
8982881550,-23.2064879,-45.8500631,1,0.0040650406504065045,0.05470329896662939,0.0,1.0005398467503988,0.012524991204942998,,POINT (-45.8500631 -23.2064879)
8992284788,-23.2136133,-45.8461055,1,0.0040650406504065045,0.05251351878632313,0.0,1.0006174269868282,0.01250195499940658,,POINT (-45.8461055 -23.2136133)
9301473979,-23.2227633,-45.847695,3,0.010162601626016262,0.050170466750416455,0.01810640305995728,0.9862920836819686,0.03595534066932769,,POINT (-45.847695 -23.2227633)
11294568358,-23.2107468,-45.8482138,3,0.010162601626016262,0.06908382362419321,0.028426788836929628,0.9969509717032627,0.04403374351764496,,POINT (-45.8482138 -23.2107468)
